FUNC=memcpy
RA=00027e83
DST=001180b0
SRC=000ae626
LEN=64
DATA=4142434445464748494a4b4c4d4e4f505152535455565758595a6162636465666768696a6b6c6d6e6f707172737475767778797a303132333435363738392b2f
---
FUNC=memcpy
RA=0002be15
DST=00118138
SRC=000ae626
LEN=64
DATA=4142434445464748494a4b4c4d4e4f505152535455565758595a6162636465666768696a6b6c6d6e6f707172737475767778797a303132333435363738392b2f
---
FUNC=memcpy
RA=000609cf
DST=001183a8
SRC=000ae626
LEN=64
DATA=4142434445464748494a4b4c4d4e4f505152535455565758595a6162636465666768696a6b6c6d6e6f707172737475767778797a303132333435363738392b2f
---
FUNC=memcpy
RA=0002be15
DST=00118408
SRC=000ae626
LEN=64
DATA=4142434445464748494a4b4c4d4e4f505152535455565758595a6162636465666768696a6b6c6d6e6f707172737475767778797a303132333435363738392b2f
---
FUNC=memcpy
RA=0002be15
DST=00118450
SRC=beea6ecc
LEN=17
DATA=2f7573722f7362696e2f6c6f7261627264
---
FUNC=memcpy
RA=0002be15
DST=beea6ba8
SRC=000aed2b
LEN=6
DATA=200c0a0d090b
---
FUNC=memcpy
RA=00032be9
DST=00118468
SRC=00118450
LEN=17
DATA=2f7573722f7362696e2f6c6f7261627264
---
FUNC=memcpy
RA=00032be9
DST=00118480
SRC=00118468
LEN=17
DATA=2f7573722f7362696e2f6c6f7261627264
---
FUNC=memcpy
RA=0002be15
DST=00118450
SRC=00118480
LEN=17
DATA=2f7573722f7362696e2f6c6f7261627264
---
FUNC=memcpy
RA=0002be15
DST=beea6af0
SRC=00118455
LEN=4
DATA=7362696e
---
FUNC=memcpy
RA=00032be9
DST=001185b8
SRC=beea6a48
LEN=4
DATA=7362696e
---
FUNC=memcpy
RA=0002be15
DST=beea6af0
SRC=0011845a
LEN=7
DATA=6c6f7261627264
---
FUNC=memcpy
RA=00032be9
DST=001185e4
SRC=beea6aa8
LEN=7
DATA=6c6f7261627264
---
FUNC=memcpy
RA=00032be9
DST=beea6ba8
SRC=001185e4
LEN=7
DATA=6c6f7261627264
---
FUNC=memcpy
RA=00032be9
DST=beea6c54
SRC=beea6ba8
LEN=7
DATA=6c6f7261627264
---
FUNC=memcpy
RA=0002be15
DST=beea6b60
SRC=beea6ede
LEN=8
DATA=2d2d7379736c6f67
---
FUNC=memcpy
RA=0002be15
DST=00109ac8
SRC=000aec98
LEN=5
DATA=312e312e30
---
FUNC=memcpy
RA=00032be9
DST=beea6ab8
SRC=00109ac8
LEN=5
DATA=312e312e30
---
FUNC=memcpy
RA=0002be15
DST=beea6a38
SRC=000aecab
LEN=11
DATA=4665622031332032303236
---
FUNC=memcpy
RA=0002be15
DST=beea6a68
SRC=000aecb7
LEN=8
DATA=31353a30363a3431
---
FUNC=memset
RA=0002b33d
DST=beea6820
VAL=0
LEN=136
---
FUNC=memset
RA=0002b33d
DST=beea6820
VAL=0
LEN=136
---
FUNC=memset
RA=0002b33d
DST=beea6820
VAL=0
LEN=136
---
FUNC=memcpy
RA=0002be15
DST=00118f10
SRC=00118668
LEN=31
DATA=2f6574632f70657273697374656e742f6366672f6c6f726162722e6a736f6e
---
FUNC=memcpy
RA=0002be15
DST=beea68a8
SRC=00118f15
LEN=10
DATA=70657273697374656e74
---
FUNC=memcpy
RA=00032be9
DST=001185b8
SRC=beea6800
LEN=10
DATA=70657273697374656e74
---
FUNC=memcpy
RA=0002be15
DST=beea68a8
SRC=00118f24
LEN=11
DATA=6c6f726162722e6a736f6e
---
FUNC=memcpy
RA=00032be9
DST=001193a0
SRC=beea6800
LEN=11
DATA=6c6f726162722e6a736f6e
---
FUNC=memcpy
RA=0002be15
DST=beea6760
SRC=00119348
LEN=10
DATA=70657273697374656e74
---
FUNC=memcpy
RA=00032be9
DST=001184a0
SRC=beea66b8
LEN=10
DATA=70657273697374656e74
---
FUNC=memcpy
RA=0002be15
DST=beea68c8
SRC=000bf58d
LEN=4
DATA=706f7274
---
FUNC=memcpy
RA=00032be9
DST=00119528
SRC=beea68c8
LEN=4
DATA=706f7274
---
FUNC=memcpy
RA=0002be15
DST=beea6880
SRC=000b2477
LEN=4
DATA=69707636
---
FUNC=memcpy
RA=00032be9
DST=00119560
SRC=beea6880
LEN=4
DATA=69707636
---
FUNC=memcpy
RA=0002be15
DST=beea68d0
SRC=000afc95
LEN=5
DATA=6c6576656c
---
FUNC=memcpy
RA=00032be9
DST=001195e0
SRC=beea68d0
LEN=5
DATA=6c6576656c
---
FUNC=memcpy
RA=0002be15
DST=beea6888
SRC=000b247c
LEN=4
DATA=73616c74
---
FUNC=memcpy
RA=00032be9
DST=00119680
SRC=beea6888
LEN=4
DATA=73616c74
---
FUNC=memcpy
RA=0002be15
DST=beea68a0
SRC=000b2481
LEN=7
DATA=63612d70617468
---
FUNC=memcpy
RA=00032be9
DST=00119760
SRC=beea68a0
LEN=7
DATA=63612d70617468
---
FUNC=memcpy
RA=0002be15
DST=beea68b8
SRC=000b2489
LEN=8
DATA=6b65792d70617468
---
FUNC=memcpy
RA=00032be9
DST=00119798
SRC=beea68b8
LEN=8
DATA=6b65792d70617468
---
FUNC=memcpy
RA=0002be15
DST=beea68d0
SRC=000b2492
LEN=9
DATA=636572742d70617468
---
FUNC=memcpy
RA=00032be9
DST=001197d0
SRC=beea68d0
LEN=9
DATA=636572742d70617468
---
FUNC=memcpy
RA=0002be15
DST=beea68f8
SRC=000c827c
LEN=5
DATA=726164696f
---
FUNC=memcpy
RA=00032be9
DST=00119808
SRC=beea68f8
LEN=5
DATA=726164696f
---
FUNC=memcpy
RA=0002be15
DST=beea68f8
SRC=000b2503
LEN=10
DATA=6170692d736572766572
---
FUNC=memcpy
RA=00032be9
DST=00119840
SRC=beea68f8
LEN=10
DATA=6170692d736572766572
---
FUNC=memcpy
RA=0002be15
DST=beea68f8
SRC=000b02ec
LEN=4
DATA=686f7374
---
FUNC=memcpy
RA=00032be9
DST=001198b0
SRC=beea68f8
LEN=4
DATA=686f7374
---
FUNC=memcpy
RA=00032be9
DST=00119910
SRC=00118f10
LEN=31
DATA=2f6574632f70657273697374656e742f6366672f6c6f726162722e6a736f6e
---
FUNC=memmove
RA=00036873
DST=00119958
SRC=001191c8
LEN=4
DATA=22686f73
---
FUNC=memcpy
RA=00032be9
DST=00119980
SRC=beea671c
LEN=4
DATA=686f7374
---
FUNC=memmove
RA=00036873
DST=001199a8
SRC=00119958
LEN=8
DATA=22686f7374223a20
---
FUNC=memmove
RA=0003c391
DST=00119958
SRC=001191f0
LEN=4
DATA=a867eabe
---
FUNC=memmove
RA=00036873
DST=00119910
SRC=001199a8
LEN=16
DATA=2238646363626262362d333637662d34
---
FUNC=memmove
RA=00036873
DST=00119a90
SRC=00119910
LEN=32
DATA=2238646363626262362d333637662d343039382d386337612d65323134623637
---
FUNC=memcpy
RA=00032be9
DST=00119af8
SRC=00119a48
LEN=36
DATA=38646363626262362d333637662d343039382d386337612d653231346236373466623666
---
FUNC=memcpy
RA=00032be9
DST=00119ba0
SRC=00119a48
LEN=5
DATA=6c6576656c
---
FUNC=memcpy
RA=00032be9
DST=00119bd0
SRC=00119a48
LEN=5
DATA=6465627567
---
FUNC=memcpy
RA=00032be9
DST=00119c00
SRC=00119a48
LEN=5
DATA=726164696f
---
FUNC=memcpy
RA=00032be9
DST=00119c60
SRC=00119a48
LEN=6
DATA=696661636573
---
FUNC=memmove
RA=0003c391
DST=001199a8
SRC=00119958
LEN=8
DATA=a867eabe109c1100
---
FUNC=memcpy
RA=00032be9
DST=00119cc0
SRC=00119a48
LEN=6
DATA=726164696f30
---
FUNC=memcpy
RA=00032be9
DST=00119d20
SRC=00119a48
LEN=6
DATA=646576696365
---
FUNC=memmove
RA=0003c391
DST=00119910
SRC=001199a8
LEN=16
DATA=a867eabe109c1100709c1100d09c1100
---
FUNC=memcpy
RA=00032be9
DST=00119d80
SRC=00119a48
LEN=6
DATA=76656e646f72
---
FUNC=memcpy
RA=00032be9
DST=00119db0
SRC=00119a48
LEN=7
DATA=53656d74656368
---
FUNC=memcpy
RA=00032be9
DST=00119de0
SRC=00119a48
LEN=4
DATA=70617274
---
FUNC=memcpy
RA=00032be9
DST=00119e10
SRC=00119a48
LEN=6
DATA=535831333032
---
FUNC=memcpy
RA=00032be9
DST=00119e40
SRC=00119a48
LEN=6
DATA=647269766572
---
FUNC=memcpy
RA=00032be9
DST=00119ea0
SRC=00119a48
LEN=4
DATA=6e616d65
---
FUNC=memcpy
RA=00032be9
DST=00119ed0
SRC=00119a48
LEN=6
DATA=737831333032
---
FUNC=memcpy
RA=00032be9
DST=00119f60
SRC=00119a48
LEN=11
DATA=7378313330325f636f6e66
---
FUNC=memcpy
RA=00032be9
DST=00119fc0
SRC=00119a48
LEN=5
DATA=626f617264
---
FUNC=memcpy
RA=00032be9
DST=0011a020
SRC=00119a48
LEN=8
DATA=636f6d5f74797065
---
FUNC=memcpy
RA=00032be9
DST=0011a080
SRC=00119a48
LEN=8
DATA=636f6d5f70617468
---
FUNC=memcpy
RA=00032be9
DST=0011a0b0
SRC=00119a48
LEN=14
DATA=2f6465762f737069646576312e30
---
FUNC=memcpy
RA=00032be9
DST=0011a0e0
SRC=00119a48
LEN=14
DATA=6c6f726177616e5f7075626c6963
---
FUNC=memcpy
RA=00032be9
DST=0011a120
SRC=00119a48
LEN=6
DATA=636c6b737263
---
FUNC=memcpy
RA=00032be9
DST=0011a160
SRC=00119a48
LEN=11
DATA=66756c6c5f6475706c6578
---
FUNC=memcpy
RA=00032be9
DST=0011a1a0
SRC=00119a48
LEN=11
DATA=7378313236315f636f6e66
---
FUNC=memcpy
RA=00032be9
DST=0011a200
SRC=00119a48
LEN=8
DATA=7370695f70617468
---
FUNC=memcpy
RA=00032be9
DST=0011a230
SRC=00119a48
LEN=14
DATA=2f6465762f737069646576312e31
---
FUNC=memcpy
RA=00032be9
DST=0011a260
SRC=00119a48
LEN=11
DATA=727373695f6f6666736574
---
FUNC=memcpy
RA=00032be9
DST=0011a2a0
SRC=00119a48
LEN=7
DATA=726164696f5f30
---
FUNC=memcpy
RA=00032be9
DST=0011a300
SRC=00119a48
LEN=4
DATA=74797065
---
FUNC=memcpy
RA=00032be9
DST=0011a330
SRC=00119a48
LEN=6
DATA=535831323530
---
FUNC=memcpy
RA=00032be9
DST=0011a360
SRC=00119a48
LEN=7
DATA=667265715f687a
---
FUNC=memcpy
RA=00032be9
DST=0011a3a0
SRC=00119a48
LEN=11
DATA=727373695f6f6666736574
---
FUNC=memcpy
RA=00032be9
DST=0011a3e0
SRC=00119a48
LEN=10
DATA=727373695f74636f6d70
---
FUNC=memmove
RA=0003c391
DST=0011a428
SRC=00119910
LEN=32
DATA=a867eabe109c1100709c1100d09c1100509e1100109f1100709f1100b0a21100
---
FUNC=memcpy
RA=00032be9
DST=0011a488
SRC=00119a48
LEN=7
DATA=636f6566665f61
---
FUNC=memcpy
RA=00032be9
DST=0011a4c8
SRC=00119a48
LEN=7
DATA=636f6566665f62
---
FUNC=memcpy
RA=00032be9
DST=0011a508
SRC=00119a48
LEN=7
DATA=636f6566665f63
---
FUNC=memcpy
RA=00032be9
DST=0011a548
SRC=00119a48
LEN=7
DATA=636f6566665f64
---
FUNC=memcpy
RA=00032be9
DST=0011a588
SRC=00119a48
LEN=7
DATA=636f6566665f65
---
FUNC=memcpy
RA=00032be9
DST=0011a5c8
SRC=00119a48
LEN=9
DATA=74785f656e61626c65
---
FUNC=memcpy
RA=00032be9
DST=0011a608
SRC=00119a48
LEN=11
DATA=74785f6761696e5f6c7574
---
FUNC=memcpy
RA=00032be9
DST=0011a668
SRC=00119a48
LEN=8
DATA=72665f706f776572
---
FUNC=memcpy
RA=00032be9
DST=0011a6a8
SRC=00119a48
LEN=7
DATA=70615f6761696e
---
FUNC=memcpy
RA=00032be9
DST=0011a6e8
SRC=00119a48
LEN=7
DATA=7077725f696478
---
FUNC=memcpy
RA=00032be9
DST=0011a748
SRC=00119a48
LEN=8
DATA=72665f706f776572
---
FUNC=memcpy
RA=00032be9
DST=0011a788
SRC=00119a48
LEN=7
DATA=70615f6761696e
---
FUNC=memcpy
RA=00032be9
DST=0011a7c8
SRC=00119a48
LEN=7
DATA=7077725f696478
---
FUNC=memcpy
RA=00032be9
DST=0011a870
SRC=00119a48
LEN=8
DATA=72665f706f776572
---
FUNC=memcpy
RA=00032be9
DST=0011a8b0
SRC=00119a48
LEN=7
DATA=70615f6761696e
---
FUNC=memcpy
RA=00032be9
DST=0011a8f0
SRC=00119a48
LEN=7
DATA=7077725f696478
---
FUNC=memcpy
RA=00032be9
DST=0011a950
SRC=00119a48
LEN=8
DATA=72665f706f776572
---
FUNC=memcpy
RA=00032be9
DST=0011a990
SRC=00119a48
LEN=7
DATA=70615f6761696e
---
FUNC=memcpy
RA=00032be9
DST=0011a9d0
SRC=00119a48
LEN=7
DATA=7077725f696478
---
FUNC=memcpy
RA=00032be9
DST=0011aab8
SRC=00119a48
LEN=8
DATA=72665f706f776572
---
FUNC=memcpy
RA=00032be9
DST=0011aaf8
SRC=00119a48
LEN=7
DATA=70615f6761696e
---
FUNC=memcpy
RA=00032be9
DST=0011ab38
SRC=00119a48
LEN=7
DATA=7077725f696478
---
FUNC=memcpy
RA=00032be9
DST=0011ab98
SRC=00119a48
LEN=8
DATA=72665f706f776572
---
FUNC=memcpy
RA=00032be9
DST=0011abd8
SRC=00119a48
LEN=7
DATA=70615f6761696e
---
FUNC=memcpy
RA=00032be9
DST=0011ac18
SRC=00119a48
LEN=7
DATA=7077725f696478
---
FUNC=memcpy
RA=00032be9
DST=0011ac78
SRC=00119a48
LEN=8
DATA=72665f706f776572
---
FUNC=memcpy
RA=00032be9
DST=0011acb8
SRC=00119a48
LEN=7
DATA=70615f6761696e
---
FUNC=memcpy
RA=00032be9
DST=0011acf8
SRC=00119a48
LEN=7
DATA=7077725f696478
---
FUNC=memcpy
RA=00032be9
DST=0011ad58
SRC=00119a48
LEN=8
DATA=72665f706f776572
---
FUNC=memcpy
RA=00032be9
DST=0011ad98
SRC=00119a48
LEN=7
DATA=70615f6761696e
---
FUNC=memcpy
RA=00032be9
DST=0011cf68
SRC=00119a48
LEN=7
DATA=7077725f696478
---
FUNC=memcpy
RA=00032be9
DST=0011d0b0
SRC=00119a48
LEN=8
DATA=72665f706f776572
---
FUNC=memcpy
RA=00032be9
DST=0011d0f0
SRC=00119a48
LEN=7
DATA=70615f6761696e
---
FUNC=memcpy
RA=00032be9
DST=0011d130
SRC=00119a48
LEN=7
DATA=7077725f696478
---
FUNC=memcpy
RA=00032be9
DST=0011d190
SRC=00119a48
LEN=8
DATA=72665f706f776572
---
FUNC=memcpy
RA=00032be9
DST=0011d1d0
SRC=00119a48
LEN=7
DATA=70615f6761696e
---
FUNC=memcpy
RA=00032be9
DST=0011d210
SRC=00119a48
LEN=7
DATA=7077725f696478
---
FUNC=memcpy
RA=00032be9
DST=0011d270
SRC=00119a48
LEN=8
DATA=72665f706f776572
---
FUNC=memcpy
RA=00032be9
DST=0011d2b0
SRC=00119a48
LEN=7
DATA=70615f6761696e
---
FUNC=memcpy
RA=00032be9
DST=0011d2f0
SRC=00119a48
LEN=7
DATA=7077725f696478
---
FUNC=memcpy
RA=00032be9
DST=0011d350
SRC=00119a48
LEN=8
DATA=72665f706f776572
---
FUNC=memcpy
RA=00032be9
DST=0011d390
SRC=00119a48
LEN=7
DATA=70615f6761696e
---
FUNC=memcpy
RA=00032be9
DST=0011d3d0
SRC=00119a48
LEN=7
DATA=7077725f696478
---
FUNC=memcpy
RA=00032be9
DST=0011d430
SRC=00119a48
LEN=8
DATA=72665f706f776572
---
FUNC=memcpy
RA=00032be9
DST=0011d470
SRC=00119a48
LEN=7
DATA=70615f6761696e
---
FUNC=memcpy
RA=00032be9
DST=0011d4b0
SRC=00119a48
LEN=7
DATA=7077725f696478
---
FUNC=memcpy
RA=00032be9
DST=0011d510
SRC=00119a48
LEN=8
DATA=72665f706f776572
---
FUNC=memcpy
RA=00032be9
DST=0011d550
SRC=00119a48
LEN=7
DATA=70615f6761696e
---
FUNC=memcpy
RA=00032be9
DST=0011d590
SRC=00119a48
LEN=7
DATA=7077725f696478
---
FUNC=memcpy
RA=00032be9
DST=0011d5f0
SRC=00119a48
LEN=8
DATA=72665f706f776572
---
FUNC=memcpy
RA=00032be9
DST=0011d630
SRC=00119a48
LEN=7
DATA=70615f6761696e
---
FUNC=memcpy
RA=00032be9
DST=0011d670
SRC=00119a48
LEN=7
DATA=7077725f696478
---
FUNC=memcpy
RA=00032be9
DST=0011d6b0
SRC=00119a48
LEN=7
DATA=726164696f5f31
---
FUNC=memcpy
RA=00032be9
DST=0011d710
SRC=00119a48
LEN=4
DATA=74797065
---
FUNC=memcpy
RA=00032be9
DST=0011d740
SRC=00119a48
LEN=6
DATA=535831323530
---
FUNC=memcpy
RA=00032be9
DST=0011d770
SRC=00119a48
LEN=7
DATA=667265715f687a
---
FUNC=memcpy
RA=00032be9
DST=0011d7b0
SRC=00119a48
LEN=11
DATA=727373695f6f6666736574
---
FUNC=memcpy
RA=00032be9
DST=0011d7f0
SRC=00119a48
LEN=10
DATA=727373695f74636f6d70
---
FUNC=memcpy
RA=00032be9
DST=0011d850
SRC=00119a48
LEN=7
DATA=636f6566665f61
---
FUNC=memcpy
RA=00032be9
DST=0011d890
SRC=00119a48
LEN=7
DATA=636f6566665f62
---
FUNC=memcpy
RA=00032be9
DST=0011d8d0
SRC=00119a48
LEN=7
DATA=636f6566665f63
---
FUNC=memcpy
RA=00032be9
DST=0011d910
SRC=00119a48
LEN=7
DATA=636f6566665f64
---
FUNC=memcpy
RA=00032be9
DST=0011d950
SRC=00119a48
LEN=7
DATA=636f6566665f65
---
FUNC=memcpy
RA=00032be9
DST=0011d990
SRC=00119a48
LEN=9
DATA=74785f656e61626c65
---
FUNC=memcpy
RA=00032be9
DST=0011d9f8
SRC=00119a48
LEN=23
DATA=737072656164696e675f666163746f725f656e61626c65
---
FUNC=memcpy
RA=00032be9
DST=0011da30
SRC=00119a48
LEN=12
DATA=6368616e5f6d756c74695f30
---
FUNC=memcpy
RA=00032be9
DST=0011da90
SRC=00119a48
LEN=6
DATA=656e61626c65
---
FUNC=memcpy
RA=00032be9
DST=0011dad0
SRC=00119a48
LEN=5
DATA=726164696f
---
FUNC=memcpy
RA=00032be9
DST=0011db50
SRC=00119a48
LEN=12
DATA=6368616e5f6d756c74695f31
---
FUNC=memcpy
RA=00032be9
DST=0011dbb0
SRC=00119a48
LEN=6
DATA=656e61626c65
---
FUNC=memcpy
RA=00032be9
DST=0011dbf0
SRC=00119a48
LEN=5
DATA=726164696f
---
FUNC=memcpy
RA=00032be9
DST=0011dc70
SRC=00119a48
LEN=12
DATA=6368616e5f6d756c74695f32
---
FUNC=memcpy
RA=00032be9
DST=0011dcd0
SRC=00119a48
LEN=6
DATA=656e61626c65
---
FUNC=memcpy
RA=00032be9
DST=0011dd10
SRC=00119a48
LEN=5
DATA=726164696f
---
FUNC=memcpy
RA=00032be9
DST=0011dd90
SRC=00119a48
LEN=12
DATA=6368616e5f6d756c74695f33
---
FUNC=memcpy
RA=00032be9
DST=0011ddf0
SRC=00119a48
LEN=6
DATA=656e61626c65
---
FUNC=memcpy
RA=00032be9
DST=0011de30
SRC=00119a48
LEN=5
DATA=726164696f
---
FUNC=memcpy
RA=00032be9
DST=0011deb0
SRC=00119a48
LEN=12
DATA=6368616e5f6d756c74695f34
---
FUNC=memcpy
RA=00032be9
DST=0011df10
SRC=00119a48
LEN=6
DATA=656e61626c65
---
FUNC=memcpy
RA=00032be9
DST=0011df50
SRC=00119a48
LEN=5
DATA=726164696f
---
FUNC=memcpy
RA=00032be9
DST=0011dfd0
SRC=00119a48
LEN=12
DATA=6368616e5f6d756c74695f35
---
FUNC=memcpy
RA=00032be9
DST=0011e030
SRC=00119a48
LEN=6
DATA=656e61626c65
---
FUNC=memcpy
RA=00032be9
DST=0011e070
SRC=00119a48
LEN=5
DATA=726164696f
---
FUNC=memcpy
RA=00032be9
DST=0011e0f0
SRC=00119a48
LEN=12
DATA=6368616e5f6d756c74695f36
---
FUNC=memcpy
RA=00032be9
DST=0011e150
SRC=00119a48
LEN=6
DATA=656e61626c65
---
FUNC=memcpy
RA=00032be9
DST=0011e190
SRC=00119a48
LEN=5
DATA=726164696f
---
FUNC=memcpy
RA=00032be9
DST=0011e210
SRC=00119a48
LEN=12
DATA=6368616e5f6d756c74695f37
---
FUNC=memcpy
RA=00032be9
DST=0011e270
SRC=00119a48
LEN=6
DATA=656e61626c65
---
FUNC=memcpy
RA=00032be9
DST=0011e2b0
SRC=00119a48
LEN=5
DATA=726164696f
---
FUNC=memcpy
RA=00032be9
DST=0011e330
SRC=00119a48
LEN=13
DATA=6368616e5f6c6f72615f737464
---
FUNC=memcpy
RA=00032be9
DST=0011e390
SRC=00119a48
LEN=6
DATA=656e61626c65
---
FUNC=memcpy
RA=00032be9
DST=0011e3d0
SRC=00119a48
LEN=8
DATA=6368616e5f66736b
---
FUNC=memcpy
RA=00032be9
DST=0011e430
SRC=00119a48
LEN=6
DATA=656e61626c65
---
FUNC=memcpy
RA=00032be9
DST=0011e470
SRC=00119a48
LEN=9
DATA=73746172745f636d64
---
FUNC=memcpy
RA=00032be9
DST=0011e4b8
SRC=00119a48
LEN=27
DATA=2f7573722f62696e2f72657365745f6c67772e7368207374617274
---
FUNC=memcpy
RA=00032be9
DST=0011e4f0
SRC=00119a48
LEN=8
DATA=73746f705f636d64
---
FUNC=memcpy
RA=00032be9
DST=0011e538
SRC=00119a48
LEN=27
DATA=2f7573722f62696e2f72657365745f6c67772e7368207374617274
---
FUNC=memcpy
RA=00032be9
DST=0011e598
SRC=00119a48
LEN=26
DATA=737065637472616c5f7363616e5f6d6561737572656d656e7473
---
FUNC=memcpy
RA=00032be9
DST=0011e5f8
SRC=00119a48
LEN=22
DATA=737065637472616c5f7363616e5f696e74657276616c
---
FUNC=memcpy
RA=00032be9
DST=0011e658
SRC=00119a48
LEN=24
DATA=696d6d6564696174655f74785f73746172745f64656c6179
---
FUNC=memcpy
RA=00032be9
DST=0011e6b8
SRC=00119a48
LEN=24
DATA=7363686564756c65645f74785f73746172745f64656c6179
---
FUNC=memcpy
RA=00032be9
DST=0011e6f0
SRC=00119a48
LEN=12
DATA=74785f656e645f64656c6179
---
FUNC=memcpy
RA=00032be9
DST=0011e730
SRC=00119a48
LEN=12
DATA=74785f646576696174696f6e
---
FUNC=memcpy
RA=00032be9
DST=0011e798
SRC=00119a48
LEN=19
DATA=6672657175656e63795f646576696174696f6e
---
FUNC=memcpy
RA=00032be9
DST=0011e7f8
SRC=00119a48
LEN=12
DATA=393034314232333438334443
---
FUNC=memcpy
RA=00032be9
DST=0011e828
SRC=00119a48
LEN=11
DATA=6368616e6e656c735f6964
---
FUNC=memcpy
RA=00032be9
DST=0011e868
SRC=00119a48
LEN=8
DATA=6368616e6e656c73
---
FUNC=memcpy
RA=00032be9
DST=0011e920
SRC=00119a48
LEN=7
DATA=667265715f687a
---
FUNC=memcpy
RA=00032be9
DST=0011e960
SRC=00119a48
LEN=11
DATA=647574795f706f6c696379
---
FUNC=memcpy
RA=00032be9
DST=0011e9c0
SRC=00119a48
LEN=14
DATA=6477656c6c5f67726f75705f6964
---
FUNC=memcpy
RA=00032be9
DST=0011ea00
SRC=00119a48
LEN=10
DATA=6477656c6c5f74696d65
---
FUNC=memcpy
RA=00032be9
DST=0011ea40
SRC=00119a48
LEN=12
DATA=6477656c6c5f706572696f64
---
FUNC=memcpy
RA=00032be9
DST=0011ea80
SRC=00119a48
LEN=12
DATA=626561636f6e5f64656c6179
---
FUNC=memcpy
RA=00032be9
DST=0011eac0
SRC=00119a48
LEN=14
DATA=646c5f72657472795f64656c6179
---
FUNC=memcpy
RA=00032be9
DST=0011eb00
SRC=00119a48
LEN=6
DATA=74785f636667
---
FUNC=memcpy
RA=00032be9
DST=0011eb60
SRC=00119a48
LEN=9
DATA=62616e647769647468
---
FUNC=memcpy
RA=00032be9
DST=0011eb90
SRC=00119a48
LEN=6
DATA=3132356b687a
---
FUNC=memcpy
RA=00032be9
DST=0011ebc0
SRC=00119a48
LEN=13
DATA=7370726561645f666163746f72
---
FUNC=memcpy
RA=00032be9
DST=0011ec00
SRC=00119a48
LEN=6
DATA=72785f636667
---
FUNC=memcpy
RA=00032be9
DST=0011ec60
SRC=00119a48
LEN=8
DATA=69665f636861696e
---
FUNC=memcpy
RA=00032be9
DST=0011ed00
SRC=00119a48
LEN=7
DATA=667265715f687a
---
FUNC=memcpy
RA=00032be9
DST=0011ed40
SRC=00119a48
LEN=11
DATA=647574795f706f6c696379
---
FUNC=memcpy
RA=00032be9
DST=0011eda0
SRC=00119a48
LEN=14
DATA=6477656c6c5f67726f75705f6964
---
FUNC=memcpy
RA=00032be9
DST=0011ede0
SRC=00119a48
LEN=10
DATA=6477656c6c5f74696d65
---
FUNC=memcpy
RA=00032be9
DST=0011ee20
SRC=00119a48
LEN=12
DATA=6477656c6c5f706572696f64
---
FUNC=memcpy
RA=00032be9
DST=0011ee60
SRC=00119a48
LEN=12
DATA=626561636f6e5f64656c6179
---
FUNC=memcpy
RA=00032be9
DST=0011eea0
SRC=00119a48
LEN=14
DATA=646c5f72657472795f64656c6179
---
FUNC=memcpy
RA=00032be9
DST=0011eee0
SRC=00119a48
LEN=6
DATA=74785f636667
---
FUNC=memcpy
RA=00032be9
DST=0011ef40
SRC=00119a48
LEN=9
DATA=62616e647769647468
---
FUNC=memcpy
RA=00032be9
DST=0011ef70
SRC=00119a48
LEN=6
DATA=3132356b687a
---
FUNC=memcpy
RA=00032be9
DST=0011efa0
SRC=00119a48
LEN=13
DATA=7370726561645f666163746f72
---
FUNC=memcpy
RA=00032be9
DST=0011efe0
SRC=00119a48
LEN=6
DATA=72785f636667
---
FUNC=memcpy
RA=00032be9
DST=0011f040
SRC=00119a48
LEN=8
DATA=69665f636861696e
---
FUNC=memcpy
RA=00032be9
DST=0011f0e0
SRC=00119a48
LEN=7
DATA=667265715f687a
---
FUNC=memcpy
RA=00032be9
DST=0011f120
SRC=00119a48
LEN=11
DATA=647574795f706f6c696379
---
FUNC=memcpy
RA=00032be9
DST=0011f180
SRC=00119a48
LEN=14
DATA=6477656c6c5f67726f75705f6964
---
FUNC=memcpy
RA=00032be9
DST=0011f1c0
SRC=00119a48
LEN=10
DATA=6477656c6c5f74696d65
---
FUNC=memcpy
RA=00032be9
DST=0011f200
SRC=00119a48
LEN=12
DATA=6477656c6c5f706572696f64
---
FUNC=memcpy
RA=00032be9
DST=0011f240
SRC=00119a48
LEN=12
DATA=626561636f6e5f64656c6179
---
FUNC=memcpy
RA=00032be9
DST=0011f280
SRC=00119a48
LEN=14
DATA=646c5f72657472795f64656c6179
---
FUNC=memcpy
RA=00032be9
DST=0011f2c0
SRC=00119a48
LEN=6
DATA=74785f636667
---
FUNC=memcpy
RA=00032be9
DST=0011f320
SRC=00119a48
LEN=9
DATA=62616e647769647468
---
FUNC=memcpy
RA=00032be9
DST=0011f350
SRC=00119a48
LEN=6
DATA=3132356b687a
---
FUNC=memcpy
RA=00032be9
DST=0011f380
SRC=00119a48
LEN=13
DATA=7370726561645f666163746f72
---
FUNC=memcpy
RA=00032be9
DST=0011f3c0
SRC=00119a48
LEN=6
DATA=72785f636667
---
FUNC=memcpy
RA=00032be9
DST=0011f420
SRC=00119a48
LEN=8
DATA=69665f636861696e
---
FUNC=memcpy
RA=00032be9
DST=0011f4c0
SRC=00119a48
LEN=7
DATA=667265715f687a
---
FUNC=memcpy
RA=00032be9
DST=0011f500
SRC=00119a48
LEN=11
DATA=647574795f706f6c696379
---
FUNC=memcpy
RA=00032be9
DST=0011f560
SRC=00119a48
LEN=14
DATA=6477656c6c5f67726f75705f6964
---
FUNC=memcpy
RA=00032be9
DST=0011f5a0
SRC=00119a48
LEN=10
DATA=6477656c6c5f74696d65
---
FUNC=memcpy
RA=00032be9
DST=0011f5e0
SRC=00119a48
LEN=12
DATA=6477656c6c5f706572696f64
---
FUNC=memcpy
RA=00032be9
DST=0011f620
SRC=00119a48
LEN=12
DATA=626561636f6e5f64656c6179
---
FUNC=memcpy
RA=00032be9
DST=0011f660
SRC=00119a48
LEN=14
DATA=646c5f72657472795f64656c6179
---
FUNC=memcpy
RA=00032be9
DST=0011f6a0
SRC=00119a48
LEN=6
DATA=74785f636667
---
FUNC=memcpy
RA=00032be9
DST=0011f700
SRC=00119a48
LEN=9
DATA=62616e647769647468
---
FUNC=memcpy
RA=00032be9
DST=0011f730
SRC=00119a48
LEN=6
DATA=3132356b687a
---
FUNC=memcpy
RA=00032be9
DST=0011f760
SRC=00119a48
LEN=13
DATA=7370726561645f666163746f72
---
FUNC=memcpy
RA=00032be9
DST=0011f7a0
SRC=00119a48
LEN=6
DATA=72785f636667
---
FUNC=memcpy
RA=00032be9
DST=0011f800
SRC=00119a48
LEN=8
DATA=69665f636861696e
---
FUNC=memcpy
RA=00032be9
DST=0011f8a0
SRC=00119a48
LEN=7
DATA=667265715f687a
---
FUNC=memcpy
RA=00032be9
DST=0011f8e0
SRC=00119a48
LEN=11
DATA=647574795f706f6c696379
---
FUNC=memcpy
RA=00032be9
DST=0011f940
SRC=00119a48
LEN=14
DATA=6477656c6c5f67726f75705f6964
---
FUNC=memcpy
RA=00032be9
DST=0011f980
SRC=00119a48
LEN=10
DATA=6477656c6c5f74696d65
---
FUNC=memcpy
RA=00032be9
DST=0011f9c0
SRC=00119a48
LEN=12
DATA=6477656c6c5f706572696f64
---
FUNC=memcpy
RA=00032be9
DST=0011fa00
SRC=00119a48
LEN=12
DATA=626561636f6e5f64656c6179
---
FUNC=memcpy
RA=00032be9
DST=0011fa40
SRC=00119a48
LEN=14
DATA=646c5f72657472795f64656c6179
---
FUNC=memcpy
RA=00032be9
DST=0011fa80
SRC=00119a48
LEN=6
DATA=74785f636667
---
FUNC=memcpy
RA=00032be9
DST=0011fae0
SRC=00119a48
LEN=9
DATA=62616e647769647468
---
FUNC=memcpy
RA=00032be9
DST=0011fb10
SRC=00119a48
LEN=6
DATA=3132356b687a
---
FUNC=memcpy
RA=00032be9
DST=0011fb40
SRC=00119a48
LEN=13
DATA=7370726561645f666163746f72
---
FUNC=memcpy
RA=00032be9
DST=0011fb80
SRC=00119a48
LEN=6
DATA=72785f636667
---
FUNC=memcpy
RA=00032be9
DST=0011fbe0
SRC=00119a48
LEN=8
DATA=69665f636861696e
---
FUNC=memcpy
RA=00032be9
DST=0011fc80
SRC=00119a48
LEN=7
DATA=667265715f687a
---
FUNC=memcpy
RA=00032be9
DST=0011fcc0
SRC=00119a48
LEN=11
DATA=647574795f706f6c696379
---
FUNC=memcpy
RA=00032be9
DST=0011fd20
SRC=00119a48
LEN=14
DATA=6477656c6c5f67726f75705f6964
---
FUNC=memcpy
RA=00032be9
DST=0011fd60
SRC=00119a48
LEN=10
DATA=6477656c6c5f74696d65
---
FUNC=memcpy
RA=00032be9
DST=0011fda0
SRC=00119a48
LEN=12
DATA=6477656c6c5f706572696f64
---
FUNC=memcpy
RA=00032be9
DST=0011fde0
SRC=00119a48
LEN=12
DATA=626561636f6e5f64656c6179
---
FUNC=memcpy
RA=00032be9
DST=0011fe20
SRC=00119a48
LEN=14
DATA=646c5f72657472795f64656c6179
---
FUNC=memcpy
RA=00032be9
DST=0011fe60
SRC=00119a48
LEN=6
DATA=74785f636667
---
FUNC=memcpy
RA=00032be9
DST=0011fec0
SRC=00119a48
LEN=9
DATA=62616e647769647468
---
FUNC=memcpy
RA=00032be9
DST=0011fef0
SRC=00119a48
LEN=6
DATA=3132356b687a
---
FUNC=memcpy
RA=00032be9
DST=0011ff20
SRC=00119a48
LEN=13
DATA=7370726561645f666163746f72
---
FUNC=memcpy
RA=00032be9
DST=0011ff60
SRC=00119a48
LEN=6
DATA=72785f636667
---
FUNC=memcpy
RA=00032be9
DST=0011ffc0
SRC=00119a48
LEN=8
DATA=69665f636861696e
---
FUNC=memcpy
RA=00032be9
DST=00120060
SRC=00119a48
LEN=7
DATA=667265715f687a
---
FUNC=memcpy
RA=00032be9
DST=001200a0
SRC=00119a48
LEN=11
DATA=647574795f706f6c696379
---
FUNC=memcpy
RA=00032be9
DST=00120100
SRC=00119a48
LEN=14
DATA=6477656c6c5f67726f75705f6964
---
FUNC=memcpy
RA=00032be9
DST=00120140
SRC=00119a48
LEN=10
DATA=6477656c6c5f74696d65
---
FUNC=memcpy
RA=00032be9
DST=00120180
SRC=00119a48
LEN=12
DATA=6477656c6c5f706572696f64
---
FUNC=memcpy
RA=00032be9
DST=001201c0
SRC=00119a48
LEN=12
DATA=626561636f6e5f64656c6179
---
FUNC=memcpy
RA=00032be9
DST=00120200
SRC=00119a48
LEN=14
DATA=646c5f72657472795f64656c6179
---
FUNC=memcpy
RA=00032be9
DST=00120240
SRC=00119a48
LEN=6
DATA=74785f636667
---
FUNC=memcpy
RA=00032be9
DST=001202a0
SRC=00119a48
LEN=9
DATA=62616e647769647468
---
FUNC=memcpy
RA=00032be9
DST=001202d0
SRC=00119a48
LEN=6
DATA=3132356b687a
---
FUNC=memcpy
RA=00032be9
DST=00120300
SRC=00119a48
LEN=13
DATA=7370726561645f666163746f72
---
FUNC=memcpy
RA=00032be9
DST=00120340
SRC=00119a48
LEN=6
DATA=72785f636667
---
FUNC=memcpy
RA=00032be9
DST=001203a0
SRC=00119a48
LEN=8
DATA=69665f636861696e
---
FUNC=memcpy
RA=00032be9
DST=00120440
SRC=00119a48
LEN=7
DATA=667265715f687a
---
FUNC=memcpy
RA=00032be9
DST=00120480
SRC=00119a48
LEN=11
DATA=647574795f706f6c696379
---
FUNC=memcpy
RA=00032be9
DST=001204e0
SRC=00119a48
LEN=14
DATA=6477656c6c5f67726f75705f6964
---
FUNC=memcpy
RA=00032be9
DST=00120520
SRC=00119a48
LEN=10
DATA=6477656c6c5f74696d65
---
FUNC=memcpy
RA=00032be9
DST=00120560
SRC=00119a48
LEN=12
DATA=6477656c6c5f706572696f64
---
FUNC=memcpy
RA=00032be9
DST=001205a0
SRC=00119a48
LEN=12
DATA=626561636f6e5f64656c6179
---
FUNC=memcpy
RA=00032be9
DST=001205e0
SRC=00119a48
LEN=14
DATA=646c5f72657472795f64656c6179
---
FUNC=memcpy
RA=00032be9
DST=00120620
SRC=00119a48
LEN=6
DATA=74785f636667
---
FUNC=memcpy
RA=00032be9
DST=00120680
SRC=00119a48
LEN=9
DATA=62616e647769647468
---
FUNC=memcpy
RA=00032be9
DST=001206b0
SRC=00119a48
LEN=6
DATA=3132356b687a
---
FUNC=memcpy
RA=00032be9
DST=001206e0
SRC=00119a48
LEN=13
DATA=7370726561645f666163746f72
---
FUNC=memcpy
RA=00032be9
DST=00120720
SRC=00119a48
LEN=6
DATA=72785f636667
---
FUNC=memcpy
RA=00032be9
DST=00120780
SRC=00119a48
LEN=8
DATA=69665f636861696e
---
FUNC=memcpy
RA=00032be9
DST=00120928
SRC=00119a48
LEN=7
DATA=667265715f687a
---
FUNC=memcpy
RA=00032be9
DST=00120968
SRC=00119a48
LEN=11
DATA=647574795f706f6c696379
---
FUNC=memcpy
RA=00032be9
DST=001209c8
SRC=00119a48
LEN=14
DATA=6477656c6c5f67726f75705f6964
---
FUNC=memcpy
RA=00032be9
DST=00120a08
SRC=00119a48
LEN=10
DATA=6477656c6c5f74696d65
---
FUNC=memcpy
RA=00032be9
DST=00120a48
SRC=00119a48
LEN=12
DATA=6477656c6c5f706572696f64
---
FUNC=memcpy
RA=00032be9
DST=00120a88
SRC=00119a48
LEN=12
DATA=626561636f6e5f64656c6179
---
FUNC=memcpy
RA=00032be9
DST=00120ac8
SRC=00119a48
LEN=14
DATA=646c5f72657472795f64656c6179
---
FUNC=memcpy
RA=00032be9
DST=00120b08
SRC=00119a48
LEN=6
DATA=74785f636667
---
FUNC=memcpy
RA=00032be9
DST=00120b68
SRC=00119a48
LEN=9
DATA=62616e647769647468
---
FUNC=memcpy
RA=00032be9
DST=00120b98
SRC=00119a48
LEN=6
DATA=3530306b687a
---
FUNC=memcpy
RA=00032be9
DST=00120bc8
SRC=00119a48
LEN=13
DATA=7370726561645f666163746f72
---
FUNC=memcpy
RA=00032be9
DST=00120c68
SRC=00119a48
LEN=7
DATA=667265715f687a
---
FUNC=memcpy
RA=00032be9
DST=00120ca8
SRC=00119a48
LEN=11
DATA=647574795f706f6c696379
---
FUNC=memcpy
RA=00032be9
DST=00120d08
SRC=00119a48
LEN=14
DATA=6477656c6c5f67726f75705f6964
---
FUNC=memcpy
RA=00032be9
DST=00120d48
SRC=00119a48
LEN=10
DATA=6477656c6c5f74696d65
---
FUNC=memcpy
RA=00032be9
DST=00120d88
SRC=00119a48
LEN=12
DATA=6477656c6c5f706572696f64
---
FUNC=memcpy
RA=00032be9
DST=00120dc8
SRC=00119a48
LEN=12
DATA=626561636f6e5f64656c6179
---
FUNC=memcpy
RA=00032be9
DST=00120e08
SRC=00119a48
LEN=14
DATA=646c5f72657472795f64656c6179
---
FUNC=memcpy
RA=00032be9
DST=00120e48
SRC=00119a48
LEN=6
DATA=74785f636667
---
FUNC=memcpy
RA=00032be9
DST=00120ea8
SRC=00119a48
LEN=9
DATA=62616e647769647468
---
FUNC=memcpy
RA=00032be9
DST=00120ed8
SRC=00119a48
LEN=6
DATA=3530306b687a
---
FUNC=memcpy
RA=00032be9
DST=00120f08
SRC=00119a48
LEN=13
DATA=7370726561645f666163746f72
---
FUNC=memcpy
RA=00032be9
DST=00120fa8
SRC=00119a48
LEN=7
DATA=667265715f687a
---
FUNC=memcpy
RA=00032be9
DST=00120fe8
SRC=00119a48
LEN=11
DATA=647574795f706f6c696379
---
FUNC=memcpy
RA=00032be9
DST=00121048
SRC=00119a48
LEN=14
DATA=6477656c6c5f67726f75705f6964
---
FUNC=memcpy
RA=00032be9
DST=00121088
SRC=00119a48
LEN=10
DATA=6477656c6c5f74696d65
---
FUNC=memcpy
RA=00032be9
DST=001210c8
SRC=00119a48
LEN=12
DATA=6477656c6c5f706572696f64
---
FUNC=memcpy
RA=00032be9
DST=00121108
SRC=00119a48
LEN=12
DATA=626561636f6e5f64656c6179
---
FUNC=memcpy
RA=00032be9
DST=00121148
SRC=00119a48
LEN=14
DATA=646c5f72657472795f64656c6179
---
FUNC=memcpy
RA=00032be9
DST=00121188
SRC=00119a48
LEN=6
DATA=74785f636667
---
FUNC=memcpy
RA=00032be9
DST=001211e8
SRC=00119a48
LEN=9
DATA=62616e647769647468
---
FUNC=memcpy
RA=00032be9
DST=00121218
SRC=00119a48
LEN=6
DATA=3530306b687a
---
FUNC=memcpy
RA=00032be9
DST=00121248
SRC=00119a48
LEN=13
DATA=7370726561645f666163746f72
---
FUNC=memcpy
RA=00032be9
DST=001212e8
SRC=00119a48
LEN=7
DATA=667265715f687a
---
FUNC=memcpy
RA=00032be9
DST=00121328
SRC=00119a48
LEN=11
DATA=647574795f706f6c696379
---
FUNC=memcpy
RA=00032be9
DST=00121388
SRC=00119a48
LEN=14
DATA=6477656c6c5f67726f75705f6964
---
FUNC=memcpy
RA=00032be9
DST=001213c8
SRC=00119a48
LEN=10
DATA=6477656c6c5f74696d65
---
FUNC=memcpy
RA=00032be9
DST=00121408
SRC=00119a48
LEN=12
DATA=6477656c6c5f706572696f64
---
FUNC=memcpy
RA=00032be9
DST=00121448
SRC=00119a48
LEN=12
DATA=626561636f6e5f64656c6179
---
FUNC=memcpy
RA=00032be9
DST=00121488
SRC=00119a48
LEN=14
DATA=646c5f72657472795f64656c6179
---
FUNC=memcpy
RA=00032be9
DST=001214c8
SRC=00119a48
LEN=6
DATA=74785f636667
---
FUNC=memcpy
RA=00032be9
DST=00121528
SRC=00119a48
LEN=9
DATA=62616e647769647468
---
FUNC=memcpy
RA=00032be9
DST=00121558
SRC=00119a48
LEN=6
DATA=3530306b687a
---
FUNC=memcpy
RA=00032be9
DST=00121588
SRC=00119a48
LEN=13
DATA=7370726561645f666163746f72
---
FUNC=memcpy
RA=00032be9
DST=00121628
SRC=00119a48
LEN=7
DATA=667265715f687a
---
FUNC=memcpy
RA=00032be9
DST=00121668
SRC=00119a48
LEN=11
DATA=647574795f706f6c696379
---
FUNC=memcpy
RA=00032be9
DST=001216c8
SRC=00119a48
LEN=14
DATA=6477656c6c5f67726f75705f6964
---
FUNC=memcpy
RA=00032be9
DST=00121708
SRC=00119a48
LEN=10
DATA=6477656c6c5f74696d65
---
FUNC=memcpy
RA=00032be9
DST=00121748
SRC=00119a48
LEN=12
DATA=6477656c6c5f706572696f64
---
FUNC=memcpy
RA=00032be9
DST=00121788
SRC=00119a48
LEN=12
DATA=626561636f6e5f64656c6179
---
FUNC=memcpy
RA=00032be9
DST=001217c8
SRC=00119a48
LEN=14
DATA=646c5f72657472795f64656c6179
---
FUNC=memcpy
RA=00032be9
DST=00121808
SRC=00119a48
LEN=6
DATA=74785f636667
---
FUNC=memcpy
RA=00032be9
DST=00121868
SRC=00119a48
LEN=9
DATA=62616e647769647468
---
FUNC=memcpy
RA=00032be9
DST=00121898
SRC=00119a48
LEN=6
DATA=3530306b687a
---
FUNC=memcpy
RA=00032be9
DST=001218c8
SRC=00119a48
LEN=13
DATA=7370726561645f666163746f72
---
FUNC=memcpy
RA=00032be9
DST=00121968
SRC=00119a48
LEN=7
DATA=667265715f687a
---
FUNC=memcpy
RA=00032be9
DST=001219a8
SRC=00119a48
LEN=11
DATA=647574795f706f6c696379
---
FUNC=memcpy
RA=00032be9
DST=00121a08
SRC=00119a48
LEN=14
DATA=6477656c6c5f67726f75705f6964
---
FUNC=memcpy
RA=00032be9
DST=00121a48
SRC=00119a48
LEN=10
DATA=6477656c6c5f74696d65
---
FUNC=memcpy
RA=00032be9
DST=00121a88
SRC=00119a48
LEN=12
DATA=6477656c6c5f706572696f64
---
FUNC=memcpy
RA=00032be9
DST=00121ac8
SRC=00119a48
LEN=12
DATA=626561636f6e5f64656c6179
---
FUNC=memcpy
RA=00032be9
DST=00121b08
SRC=00119a48
LEN=14
DATA=646c5f72657472795f64656c6179
---
FUNC=memcpy
RA=00032be9
DST=00121b48
SRC=00119a48
LEN=6
DATA=74785f636667
---
FUNC=memcpy
RA=00032be9
DST=00121ba8
SRC=00119a48
LEN=9
DATA=62616e647769647468
---
FUNC=memcpy
RA=00032be9
DST=00121bd8
SRC=00119a48
LEN=6
DATA=3530306b687a
---
FUNC=memcpy
RA=00032be9
DST=00121c08
SRC=00119a48
LEN=13
DATA=7370726561645f666163746f72
---
FUNC=memcpy
RA=00032be9
DST=00121ca8
SRC=00119a48
LEN=7
DATA=667265715f687a
---
FUNC=memcpy
RA=00032be9
DST=00121ce8
SRC=00119a48
LEN=11
DATA=647574795f706f6c696379
---
FUNC=memcpy
RA=00032be9
DST=00121d48
SRC=00119a48
LEN=14
DATA=6477656c6c5f67726f75705f6964
---
FUNC=memcpy
RA=00032be9
DST=00121d88
SRC=00119a48
LEN=10
DATA=6477656c6c5f74696d65
---
FUNC=memcpy
RA=00032be9
DST=00121dc8
SRC=00119a48
LEN=12
DATA=6477656c6c5f706572696f64
---
FUNC=memcpy
RA=00032be9
DST=00121e08
SRC=00119a48
LEN=12
DATA=626561636f6e5f64656c6179
---
FUNC=memcpy
RA=00032be9
DST=00121e48
SRC=00119a48
LEN=14
DATA=646c5f72657472795f64656c6179
---
FUNC=memcpy
RA=00032be9
DST=00121e88
SRC=00119a48
LEN=6
DATA=74785f636667
---
FUNC=memcpy
RA=00032be9
DST=00121ee8
SRC=00119a48
LEN=9
DATA=62616e647769647468
---
FUNC=memcpy
RA=00032be9
DST=00121f18
SRC=00119a48
LEN=6
DATA=3530306b687a
---
FUNC=memcpy
RA=00032be9
DST=00121f48
SRC=00119a48
LEN=13
DATA=7370726561645f666163746f72
---
FUNC=memcpy
RA=00032be9
DST=00121fe8
SRC=00119a48
LEN=7
DATA=667265715f687a
---
FUNC=memcpy
RA=00032be9
DST=00122028
SRC=00119a48
LEN=11
DATA=647574795f706f6c696379
---
FUNC=memcpy
RA=00032be9
DST=00122088
SRC=00119a48
LEN=14
DATA=6477656c6c5f67726f75705f6964
---
FUNC=memcpy
RA=00032be9
DST=001220c8
SRC=00119a48
LEN=10
DATA=6477656c6c5f74696d65
---
FUNC=memcpy
RA=00032be9
DST=00122108
SRC=00119a48
LEN=12
DATA=6477656c6c5f706572696f64
---
FUNC=memcpy
RA=00032be9
DST=00122148
SRC=00119a48
LEN=12
DATA=626561636f6e5f64656c6179
---
FUNC=memcpy
RA=00032be9
DST=00122188
SRC=00119a48
LEN=14
DATA=646c5f72657472795f64656c6179
---
FUNC=memcpy
RA=00032be9
DST=001221c8
SRC=00119a48
LEN=6
DATA=74785f636667
---
FUNC=memcpy
RA=00032be9
DST=00122228
SRC=00119a48
LEN=9
DATA=62616e647769647468
---
FUNC=memcpy
RA=00032be9
DST=00122258
SRC=00119a48
LEN=6
DATA=3530306b687a
---
FUNC=memcpy
RA=00032be9
DST=00122288
SRC=00119a48
LEN=13
DATA=7370726561645f666163746f72
---
FUNC=memcpy
RA=00032be9
DST=00122328
SRC=00119a48
LEN=7
DATA=667265715f687a
---
FUNC=memcpy
RA=00032be9
DST=00122368
SRC=00119a48
LEN=11
DATA=647574795f706f6c696379
---
FUNC=memcpy
RA=00032be9
DST=001223c8
SRC=00119a48
LEN=14
DATA=6477656c6c5f67726f75705f6964
---
FUNC=memcpy
RA=00032be9
DST=00122408
SRC=00119a48
LEN=10
DATA=6477656c6c5f74696d65
---
FUNC=memcpy
RA=00032be9
DST=00122448
SRC=00119a48
LEN=12
DATA=6477656c6c5f706572696f64
---
FUNC=memcpy
RA=00032be9
DST=00122488
SRC=00119a48
LEN=12
DATA=626561636f6e5f64656c6179
---
FUNC=memcpy
RA=00032be9
DST=001224c8
SRC=00119a48
LEN=14
DATA=646c5f72657472795f64656c6179
---
FUNC=memcpy
RA=00032be9
DST=00122508
SRC=00119a48
LEN=6
DATA=74785f636667
---
FUNC=memcpy
RA=00032be9
DST=00122568
SRC=00119a48
LEN=9
DATA=62616e647769647468
---
FUNC=memcpy
RA=00032be9
DST=00122598
SRC=00119a48
LEN=6
DATA=3530306b687a
---
FUNC=memcpy
RA=00032be9
DST=001225c8
SRC=00119a48
LEN=13
DATA=7370726561645f666163746f72
---
FUNC=memcpy
RA=00032be9
DST=00122608
SRC=00119a48
LEN=13
DATA=6368616e6e656c5f7061697273
---
FUNC=memcpy
RA=00032be9
DST=00122678
SRC=00119a48
LEN=10
DATA=75706c696e6b5f696478
---
FUNC=memcpy
RA=00032be9
DST=001226b8
SRC=00119a48
LEN=12
DATA=646f776e6c696e6b5f696478
---
FUNC=memcpy
RA=00032be9
DST=00122718
SRC=00119a48
LEN=10
DATA=75706c696e6b5f696478
---
FUNC=memcpy
RA=00032be9
DST=00122758
SRC=00119a48
LEN=12
DATA=646f776e6c696e6b5f696478
---
FUNC=memcpy
RA=00032be9
DST=001227b8
SRC=00119a48
LEN=10
DATA=75706c696e6b5f696478
---
FUNC=memcpy
RA=00032be9
DST=001227f8
SRC=00119a48
LEN=12
DATA=646f776e6c696e6b5f696478
---
FUNC=memcpy
RA=00032be9
DST=00122858
SRC=00119a48
LEN=10
DATA=75706c696e6b5f696478
---
FUNC=memcpy
RA=00032be9
DST=00122898
SRC=00119a48
LEN=12
DATA=646f776e6c696e6b5f696478
---
FUNC=memcpy
RA=00032be9
DST=001228f8
SRC=00119a48
LEN=10
DATA=75706c696e6b5f696478
---
FUNC=memcpy
RA=00032be9
DST=00122938
SRC=00119a48
LEN=12
DATA=646f776e6c696e6b5f696478
---
FUNC=memcpy
RA=00032be9
DST=00122998
SRC=00119a48
LEN=10
DATA=75706c696e6b5f696478
---
FUNC=memcpy
RA=00032be9
DST=001229d8
SRC=00119a48
LEN=12
DATA=646f776e6c696e6b5f696478
---
FUNC=memcpy
RA=00032be9
DST=00122a38
SRC=00119a48
LEN=10
DATA=75706c696e6b5f696478
---
FUNC=memcpy
RA=00032be9
DST=00122a78
SRC=00119a48
LEN=12
DATA=646f776e6c696e6b5f696478
---
FUNC=memcpy
RA=00032be9
DST=00122ad8
SRC=00119a48
LEN=10
DATA=75706c696e6b5f696478
---
FUNC=memcpy
RA=00032be9
DST=00122b18
SRC=00119a48
LEN=12
DATA=646f776e6c696e6b5f696478
---
FUNC=memcpy
RA=00032be9
DST=00122b58
SRC=00119a48
LEN=13
DATA=64656661756c742d6966616365
---
FUNC=memcpy
RA=00032be9
DST=00122b88
SRC=00119a48
LEN=6
DATA=726164696f30
---
FUNC=memcpy
RA=00032be9
DST=00122c18
SRC=00119a48
LEN=9
DATA=636572742d70617468
---
FUNC=memcpy
RA=00032be9
DST=00122c60
SRC=00119a48
LEN=27
DATA=2f6574632f70657273697374656e742f6c6f726162722e63657274
---
FUNC=memcpy
RA=00032be9
DST=00122c98
SRC=00119a48
LEN=8
DATA=6b65792d70617468
---
FUNC=memcpy
RA=00032be9
DST=00122ce0
SRC=00119a48
LEN=26
DATA=2f6574632f70657273697374656e742f6c6f726162722e6b6579
---
FUNC=memcpy
RA=0002be15
DST=beea66c0
SRC=000b252f
LEN=6
DATA=696661636573
---
FUNC=memcpy
RA=00032be9
DST=00122d38
SRC=00119d20
LEN=6
DATA=646576696365
---
FUNC=memcpy
RA=00032be9
DST=00122d98
SRC=00119d80
LEN=6
DATA=76656e646f72
---
FUNC=memcpy
RA=00032be9
DST=00122dc8
SRC=00119db0
LEN=7
DATA=53656d74656368
---
FUNC=memcpy
RA=00032be9
DST=00122df8
SRC=00119de0
LEN=4
DATA=70617274
---
FUNC=memcpy
RA=00032be9
DST=00122e28
SRC=00119e10
LEN=6
DATA=535831333032
---
FUNC=memcpy
RA=00032be9
DST=00122e58
SRC=00119e40
LEN=6
DATA=647269766572
---
FUNC=memcpy
RA=00032be9
DST=00122eb8
SRC=00119ea0
LEN=4
DATA=6e616d65
---
FUNC=memcpy
RA=00032be9
DST=00122ee8
SRC=00119ed0
LEN=6
DATA=737831333032
---
FUNC=memcpy
RA=00032be9
DST=00122fa0
SRC=0011e598
LEN=26
DATA=737065637472616c5f7363616e5f6d6561737572656d656e7473
---
FUNC=memcpy
RA=00032be9
DST=00122fd8
SRC=0011e4f0
LEN=8
DATA=73746f705f636d64
---
FUNC=memcpy
RA=00032be9
DST=00123020
SRC=0011e538
LEN=27
DATA=2f7573722f62696e2f72657365745f6c67772e7368207374617274
---
FUNC=memcpy
RA=00032be9
DST=00123058
SRC=0011e730
LEN=12
DATA=74785f646576696174696f6e
---
FUNC=memcpy
RA=00032be9
DST=00123098
SRC=0011e6f0
LEN=12
DATA=74785f656e645f64656c6179
---
FUNC=memcpy
RA=00032be9
DST=001230d8
SRC=00119f60
LEN=11
DATA=7378313330325f636f6e66
---
FUNC=memcpy
RA=00032be9
DST=00123138
SRC=0011dc70
LEN=12
DATA=6368616e5f6d756c74695f32
---
FUNC=memcpy
RA=00032be9
DST=001231d8
SRC=0011dd10
LEN=5
DATA=726164696f
---
FUNC=memcpy
RA=00032be9
DST=00123218
SRC=0011dcd0
LEN=6
DATA=656e61626c65
---
FUNC=memcpy
RA=00032be9
DST=00123258
SRC=0011a2a0
LEN=7
DATA=726164696f5f30
---
FUNC=memcpy
RA=00032be9
DST=001232b8
SRC=0011a3a0
LEN=11
DATA=727373695f6f6666736574
---
FUNC=memcpy
RA=00032be9
DST=001232f8
SRC=0011a5c8
LEN=9
DATA=74785f656e61626c65
---
FUNC=memcpy
RA=00032be9
DST=00123338
SRC=0011a300
LEN=4
DATA=74797065
---
FUNC=memcpy
RA=00032be9
DST=00123368
SRC=0011a330
LEN=6
DATA=535831323530
---
FUNC=memcpy
RA=00032be9
DST=00123398
SRC=0011a608
LEN=11
DATA=74785f6761696e5f6c7574
---
FUNC=memcpy
RA=00032be9
DST=001234f0
SRC=0011a6e8
LEN=7
DATA=7077725f696478
---
FUNC=memcpy
RA=00032be9
DST=00123530
SRC=0011a668
LEN=8
DATA=72665f706f776572
---
FUNC=memcpy
RA=00032be9
DST=00123570
SRC=0011a6a8
LEN=7
DATA=70615f6761696e
---
FUNC=memcpy
RA=00032be9
DST=001235d0
SRC=0011a7c8
LEN=7
DATA=7077725f696478
---
FUNC=memcpy
RA=00032be9
DST=00123610
SRC=0011a748
LEN=8
DATA=72665f706f776572
---
FUNC=memcpy
RA=00032be9
DST=00123650
SRC=0011a788
LEN=7
DATA=70615f6761696e
---
FUNC=memcpy
RA=00032be9
DST=001236b0
SRC=0011a8f0
LEN=7
DATA=7077725f696478
---
FUNC=memcpy
RA=00032be9
DST=001236f0
SRC=0011a870
LEN=8
DATA=72665f706f776572
---
FUNC=memcpy
RA=00032be9
DST=00123730
SRC=0011a8b0
LEN=7
DATA=70615f6761696e
---
FUNC=memcpy
RA=00032be9
DST=00123790
SRC=0011a9d0
LEN=7
DATA=7077725f696478
---
FUNC=memcpy
RA=00032be9
DST=001237d0
SRC=0011a950
LEN=8
DATA=72665f706f776572
---
FUNC=memcpy
RA=00032be9
DST=00123810
SRC=0011a990
LEN=7
DATA=70615f6761696e
---
FUNC=memcpy
RA=00032be9
DST=00123870
SRC=0011ab38
LEN=7
DATA=7077725f696478
---
FUNC=memcpy
RA=00032be9
DST=001238b0
SRC=0011aab8
LEN=8
DATA=72665f706f776572
---
FUNC=memcpy
RA=00032be9
DST=001238f0
SRC=0011aaf8
LEN=7
DATA=70615f6761696e
---
FUNC=memcpy
RA=00032be9
DST=00123950
SRC=0011ac18
LEN=7
DATA=7077725f696478
---
FUNC=memcpy
RA=00032be9
DST=00123990
SRC=0011ab98
LEN=8
DATA=72665f706f776572
---
FUNC=memcpy
RA=00032be9
DST=001239d0
SRC=0011abd8
LEN=7
DATA=70615f6761696e
---
FUNC=memcpy
RA=00032be9
DST=00123a30
SRC=0011acf8
LEN=7
DATA=7077725f696478
---
FUNC=memcpy
RA=00032be9
DST=00123a70
SRC=0011ac78
LEN=8
DATA=72665f706f776572
---
FUNC=memcpy
RA=00032be9
DST=00123ab0
SRC=0011acb8
LEN=7
DATA=70615f6761696e
---
FUNC=memcpy
RA=00032be9
DST=00123b10
SRC=0011cf68
LEN=7
DATA=7077725f696478
---
FUNC=memcpy
RA=00032be9
DST=00123b50
SRC=0011ad58
LEN=8
DATA=72665f706f776572
---
FUNC=memcpy
RA=00032be9
DST=00123b90
SRC=0011ad98
LEN=7
DATA=70615f6761696e
---
FUNC=memcpy
RA=00032be9
DST=00123bf0
SRC=0011d130
LEN=7
DATA=7077725f696478
---
FUNC=memcpy
RA=00032be9
DST=00123c30
SRC=0011d0b0
LEN=8
DATA=72665f706f776572
---
FUNC=memcpy
RA=00032be9
DST=00123c70
SRC=0011d0f0
LEN=7
DATA=70615f6761696e
---
FUNC=memcpy
RA=00032be9
DST=00123cd0
SRC=0011d210
LEN=7
DATA=7077725f696478
---
FUNC=memcpy
RA=00032be9
DST=00123d10
SRC=0011d190
LEN=8
DATA=72665f706f776572
---
FUNC=memcpy
RA=00032be9
DST=00123d50
SRC=0011d1d0
LEN=7
DATA=70615f6761696e
---
FUNC=memcpy
RA=00032be9
DST=00123db0
SRC=0011d2f0
LEN=7
DATA=7077725f696478
---
FUNC=memcpy
RA=00032be9
DST=00123df0
SRC=0011d270
LEN=8
DATA=72665f706f776572
---
FUNC=memcpy
RA=00032be9
DST=00123e30
SRC=0011d2b0
LEN=7
DATA=70615f6761696e
---
FUNC=memcpy
RA=00032be9
DST=00123e90
SRC=0011d3d0
LEN=7
DATA=7077725f696478
---
FUNC=memcpy
RA=00032be9
DST=00123ed0
SRC=0011d350
LEN=8
DATA=72665f706f776572
---
FUNC=memcpy
RA=00032be9
DST=00123f10
SRC=0011d390
LEN=7
DATA=70615f6761696e
---
FUNC=memcpy
RA=00032be9
DST=00123f70
SRC=0011d4b0
LEN=7
DATA=7077725f696478
---
FUNC=memcpy
RA=00032be9
DST=00123fb0
SRC=0011d430
LEN=8
DATA=72665f706f776572
---
FUNC=memcpy
RA=00032be9
DST=00123ff0
SRC=0011d470
LEN=7
DATA=70615f6761696e
---
FUNC=memcpy
RA=00032be9
DST=00124050
SRC=0011d590
LEN=7
DATA=7077725f696478
---
FUNC=memcpy
RA=00032be9
DST=00124090
SRC=0011d510
LEN=8
DATA=72665f706f776572
---
FUNC=memcpy
RA=00032be9
DST=001240d0
SRC=0011d550
LEN=7
DATA=70615f6761696e
---
FUNC=memcpy
RA=00032be9
DST=00124130
SRC=0011d670
LEN=7
DATA=7077725f696478
---
FUNC=memcpy
RA=00032be9
DST=00124170
SRC=0011d5f0
LEN=8
DATA=72665f706f776572
---
FUNC=memcpy
RA=00032be9
DST=001241b0
SRC=0011d630
LEN=7
DATA=70615f6761696e
---
FUNC=memcpy
RA=00032be9
DST=001241f0
SRC=0011a3e0
LEN=10
DATA=727373695f74636f6d70
---
FUNC=memcpy
RA=00032be9
DST=00124250
SRC=0011a4c8
LEN=7
DATA=636f6566665f62
---
FUNC=memcpy
RA=00032be9
DST=00124290
SRC=0011a548
LEN=7
DATA=636f6566665f64
---
FUNC=memcpy
RA=00032be9
DST=001242d0
SRC=0011a588
LEN=7
DATA=636f6566665f65
---
FUNC=memcpy
RA=00032be9
DST=00124310
SRC=0011a508
LEN=7
DATA=636f6566665f63
---
FUNC=memcpy
RA=00032be9
DST=00124350
SRC=0011a488
LEN=7
DATA=636f6566665f61
---
FUNC=memcpy
RA=00032be9
DST=00124390
SRC=0011a360
LEN=7
DATA=667265715f687a
---
FUNC=memcpy
RA=00032be9
DST=001243f8
SRC=0011d9f8
LEN=23
DATA=737072656164696e675f666163746f725f656e61626c65
---
FUNC=memcpy
RA=00032be9
DST=00124440
SRC=0011a1a0
LEN=11
DATA=7378313236315f636f6e66
---
FUNC=memcpy
RA=00032be9
DST=001244a0
SRC=0011a200
LEN=8
DATA=7370695f70617468
---
FUNC=memcpy
RA=00032be9
DST=001244d0
SRC=0011a230
LEN=14
DATA=2f6465762f737069646576312e31
---
FUNC=memcpy
RA=00032be9
DST=00124500
SRC=0011a260
LEN=11
DATA=727373695f6f6666736574
---
FUNC=memcpy
RA=00032be9
DST=00124540
SRC=0011d6b0
LEN=7
DATA=726164696f5f31
---
FUNC=memcpy
RA=00032be9
DST=001245a0
SRC=0011d7b0
LEN=11
DATA=727373695f6f6666736574
---
FUNC=memcpy
RA=00032be9
DST=001245e0
SRC=0011d990
LEN=9
DATA=74785f656e61626c65
---
FUNC=memcpy
RA=00032be9
DST=00124620
SRC=0011d710
LEN=4
DATA=74797065
---
FUNC=memcpy
RA=00032be9
DST=00124650
SRC=0011d740
LEN=6
DATA=535831323530
---
FUNC=memcpy
RA=00032be9
DST=00124680
SRC=0011d7f0
LEN=10
DATA=727373695f74636f6d70
---
FUNC=memcpy
RA=00032be9
DST=001246e0
SRC=0011d890
LEN=7
DATA=636f6566665f62
---
FUNC=memcpy
RA=00032be9
DST=00124720
SRC=0011d910
LEN=7
DATA=636f6566665f64
---
FUNC=memcpy
RA=00032be9
DST=00124760
SRC=0011d950
LEN=7
DATA=636f6566665f65
---
FUNC=memcpy
RA=00032be9
DST=001247a0
SRC=0011d8d0
LEN=7
DATA=636f6566665f63
---
FUNC=memcpy
RA=00032be9
DST=001247e0
SRC=0011d850
LEN=7
DATA=636f6566665f61
---
FUNC=memcpy
RA=00032be9
DST=00124820
SRC=0011d770
LEN=7
DATA=667265715f687a
---
FUNC=memcpy
RA=00032be9
DST=00124860
SRC=0011deb0
LEN=12
DATA=6368616e5f6d756c74695f34
---
FUNC=memcpy
RA=00032be9
DST=00124900
SRC=0011df50
LEN=5
DATA=726164696f
---
FUNC=memcpy
RA=00032be9
DST=00124940
SRC=0011df10
LEN=6
DATA=656e61626c65
---
FUNC=memcpy
RA=00032be9
DST=00124980
SRC=0011e0f0
LEN=12
DATA=6368616e5f6d756c74695f36
---
FUNC=memcpy
RA=00032be9
DST=00124a20
SRC=0011e190
LEN=5
DATA=726164696f
---
FUNC=memcpy
RA=00032be9
DST=00124a60
SRC=0011e150
LEN=6
DATA=656e61626c65
---
FUNC=memcpy
RA=00032be9
DST=00124aa0
SRC=0011e210
LEN=12
DATA=6368616e5f6d756c74695f37
---
FUNC=memcpy
RA=00032be9
DST=00124b40
SRC=0011e2b0
LEN=5
DATA=726164696f
---
FUNC=memcpy
RA=00032be9
DST=00124b80
SRC=0011e270
LEN=6
DATA=656e61626c65
---
FUNC=memcpy
RA=00032be9
DST=00124bc0
SRC=0011dfd0
LEN=12
DATA=6368616e5f6d756c74695f35
---
FUNC=memcpy
RA=00032be9
DST=00124c60
SRC=0011e070
LEN=5
DATA=726164696f
---
FUNC=memcpy
RA=00032be9
DST=00124ca0
SRC=0011e030
LEN=6
DATA=656e61626c65
---
FUNC=memcpy
RA=00032be9
DST=00124ce0
SRC=0011dd90
LEN=12
DATA=6368616e5f6d756c74695f33
---
FUNC=memcpy
RA=00032be9
DST=00124d80
SRC=0011de30
LEN=5
DATA=726164696f
---
FUNC=memcpy
RA=00032be9
DST=00124dc0
SRC=0011ddf0
LEN=6
DATA=656e61626c65
---
FUNC=memcpy
RA=00032be9
DST=00124e00
SRC=0011da30
LEN=12
DATA=6368616e5f6d756c74695f30
---
FUNC=memcpy
RA=00032be9
DST=00124ea0
SRC=0011dad0
LEN=5
DATA=726164696f
---
FUNC=memcpy
RA=00032be9
DST=00124ee0
SRC=0011da90
LEN=6
DATA=656e61626c65
---
FUNC=memcpy
RA=00032be9
DST=00124f20
SRC=0011db50
LEN=12
DATA=6368616e5f6d756c74695f31
---
FUNC=memcpy
RA=00032be9
DST=00124fc0
SRC=0011dbf0
LEN=5
DATA=726164696f
---
FUNC=memcpy
RA=00032be9
DST=00125000
SRC=0011dbb0
LEN=6
DATA=656e61626c65
---
FUNC=memcpy
RA=00032be9
DST=00125040
SRC=0011e3d0
LEN=8
DATA=6368616e5f66736b
---
FUNC=memcpy
RA=00032be9
DST=001250a0
SRC=0011e430
LEN=6
DATA=656e61626c65
---
FUNC=memcpy
RA=00032be9
DST=001250e0
SRC=0011e330
LEN=13
DATA=6368616e5f6c6f72615f737464
---
FUNC=memcpy
RA=00032be9
DST=00125140
SRC=0011e390
LEN=6
DATA=656e61626c65
---
FUNC=memcpy
RA=00032be9
DST=00125180
SRC=00119fc0
LEN=5
DATA=626f617264
---
FUNC=memcpy
RA=00032be9
DST=001251e0
SRC=0011a020
LEN=8
DATA=636f6d5f74797065
---
FUNC=memcpy
RA=00032be9
DST=00125240
SRC=0011a0e0
LEN=14
DATA=6c6f726177616e5f7075626c6963
---
FUNC=memcpy
RA=00032be9
DST=00125280
SRC=0011a160
LEN=11
DATA=66756c6c5f6475706c6578
---
FUNC=memcpy
RA=00032be9
DST=001252c0
SRC=0011a080
LEN=8
DATA=636f6d5f70617468
---
FUNC=memcpy
RA=00032be9
DST=001252f0
SRC=0011a0b0
LEN=14
DATA=2f6465762f737069646576312e30
---
FUNC=memcpy
RA=00032be9
DST=00125320
SRC=0011a120
LEN=6
DATA=636c6b737263
---
FUNC=memcpy
RA=00032be9
DST=00125360
SRC=0011e470
LEN=9
DATA=73746172745f636d64
---
FUNC=memcpy
RA=00032be9
DST=001253a8
SRC=0011e4b8
LEN=27
DATA=2f7573722f62696e2f72657365745f6c67772e7368207374617274
---
FUNC=memcpy
RA=00032be9
DST=00125410
SRC=0011e7f8
LEN=12
DATA=393034314232333438334443
---
FUNC=memcpy
RA=00032be9
DST=00125468
SRC=0011e6b8
LEN=24
DATA=7363686564756c65645f74785f73746172745f64656c6179
---
FUNC=memcpy
RA=00032be9
DST=001254c8
SRC=0011e5f8
LEN=22
DATA=737065637472616c5f7363616e5f696e74657276616c
---
FUNC=memcpy
RA=00032be9
DST=00125528
SRC=0011e658
LEN=24
DATA=696d6d6564696174655f74785f73746172745f64656c6179
---
FUNC=memcpy
RA=00032be9
DST=00125560
SRC=0011e828
LEN=11
DATA=6368616e6e656c735f6964
---
FUNC=memcpy
RA=00032be9
DST=001255c8
SRC=0011e798
LEN=19
DATA=6672657175656e63795f646576696174696f6e
---
FUNC=memcpy
RA=00032be9
DST=001255f8
SRC=0011e868
LEN=8
DATA=6368616e6e656c73
---
FUNC=memcpy
RA=00032be9
DST=00125780
SRC=0011e920
LEN=7
DATA=667265715f687a
---
FUNC=memcpy
RA=00032be9
DST=001257c0
SRC=0011ec00
LEN=6
DATA=72785f636667
---
FUNC=memcpy
RA=00032be9
DST=00125820
SRC=0011ec60
LEN=8
DATA=69665f636861696e
---
FUNC=memcpy
RA=00032be9
DST=00125860
SRC=0011eb00
LEN=6
DATA=74785f636667
---
FUNC=memcpy
RA=00032be9
DST=001258c0
SRC=0011eb60
LEN=9
DATA=62616e647769647468
---
FUNC=memcpy
RA=00032be9
DST=001258f0
SRC=0011eb90
LEN=6
DATA=3132356b687a
---
FUNC=memcpy
RA=00032be9
DST=00125920
SRC=0011ebc0
LEN=13
DATA=7370726561645f666163746f72
---
FUNC=memcpy
RA=00032be9
DST=001259a0
SRC=0011e9c0
LEN=14
DATA=6477656c6c5f67726f75705f6964
---
FUNC=memcpy
RA=00032be9
DST=001259e0
SRC=0011ea00
LEN=10
DATA=6477656c6c5f74696d65
---
FUNC=memcpy
RA=00032be9
DST=00125a20
SRC=0011ea40
LEN=12
DATA=6477656c6c5f706572696f64
---
FUNC=memcpy
RA=00032be9
DST=00125a60
SRC=0011eac0
LEN=14
DATA=646c5f72657472795f64656c6179
---
FUNC=memcpy
RA=00032be9
DST=00125aa0
SRC=0011e960
LEN=11
DATA=647574795f706f6c696379
---
FUNC=memcpy
RA=00032be9
DST=00125b00
SRC=0011ea80
LEN=12
DATA=626561636f6e5f64656c6179
---
FUNC=memcpy
RA=00032be9
DST=00125b60
SRC=0011ed00
LEN=7
DATA=667265715f687a
---
FUNC=memcpy
RA=00032be9
DST=00125ba0
SRC=0011efe0
LEN=6
DATA=72785f636667
---
FUNC=memcpy
RA=00032be9
DST=00125c00
SRC=0011f040
LEN=8
DATA=69665f636861696e
---
FUNC=memcpy
RA=00032be9
DST=00125c40
SRC=0011eee0
LEN=6
DATA=74785f636667
---
FUNC=memcpy
RA=00032be9
DST=00125ca0
SRC=0011ef40
LEN=9
DATA=62616e647769647468
---
FUNC=memcpy
RA=00032be9
DST=00125cd0
SRC=0011ef70
LEN=6
DATA=3132356b687a
---
FUNC=memcpy
RA=00032be9
DST=00125d00
SRC=0011efa0
LEN=13
DATA=7370726561645f666163746f72
---
FUNC=memcpy
RA=00032be9
DST=00125d80
SRC=0011eda0
LEN=14
DATA=6477656c6c5f67726f75705f6964
---
FUNC=memcpy
RA=00032be9
DST=00125dc0
SRC=0011ede0
LEN=10
DATA=6477656c6c5f74696d65
---
FUNC=memcpy
RA=00032be9
DST=00125e00
SRC=0011ee20
LEN=12
DATA=6477656c6c5f706572696f64
---
FUNC=memcpy
RA=00032be9
DST=00125e40
SRC=0011eea0
LEN=14
DATA=646c5f72657472795f64656c6179
---
FUNC=memcpy
RA=00032be9
DST=00125e80
SRC=0011ed40
LEN=11
DATA=647574795f706f6c696379
---
FUNC=memcpy
RA=00032be9
DST=00125ee0
SRC=0011ee60
LEN=12
DATA=626561636f6e5f64656c6179
---
FUNC=memcpy
RA=00032be9
DST=00125f40
SRC=0011f0e0
LEN=7
DATA=667265715f687a
---
FUNC=memcpy
RA=00032be9
DST=00125f80
SRC=0011f3c0
LEN=6
DATA=72785f636667
---
FUNC=memcpy
RA=00032be9
DST=00125fe0
SRC=0011f420
LEN=8
DATA=69665f636861696e
---
FUNC=memcpy
RA=00032be9
DST=00126020
SRC=0011f2c0
LEN=6
DATA=74785f636667
---
FUNC=memcpy
RA=00032be9
DST=00126080
SRC=0011f320
LEN=9
DATA=62616e647769647468
---
FUNC=memcpy
RA=00032be9
DST=001260b0
SRC=0011f350
LEN=6
DATA=3132356b687a
---
FUNC=memcpy
RA=00032be9
DST=001260e0
SRC=0011f380
LEN=13
DATA=7370726561645f666163746f72
---
FUNC=memcpy
RA=00032be9
DST=00126160
SRC=0011f180
LEN=14
DATA=6477656c6c5f67726f75705f6964
---
FUNC=memcpy
RA=00032be9
DST=001261a0
SRC=0011f1c0
LEN=10
DATA=6477656c6c5f74696d65
---
FUNC=memcpy
RA=00032be9
DST=001261e0
SRC=0011f200
LEN=12
DATA=6477656c6c5f706572696f64
---
FUNC=memcpy
RA=00032be9
DST=00126220
SRC=0011f280
LEN=14
DATA=646c5f72657472795f64656c6179
---
FUNC=memcpy
RA=00032be9
DST=00126260
SRC=0011f120
LEN=11
DATA=647574795f706f6c696379
---
FUNC=memcpy
RA=00032be9
DST=001262c0
SRC=0011f240
LEN=12
DATA=626561636f6e5f64656c6179
---
FUNC=memcpy
RA=00032be9
DST=00126320
SRC=0011f4c0
LEN=7
DATA=667265715f687a
---
FUNC=memcpy
RA=00032be9
DST=00126360
SRC=0011f7a0
LEN=6
DATA=72785f636667
---
FUNC=memcpy
RA=00032be9
DST=001263c0
SRC=0011f800
LEN=8
DATA=69665f636861696e
---
FUNC=memcpy
RA=00032be9
DST=00126400
SRC=0011f6a0
LEN=6
DATA=74785f636667
---
FUNC=memcpy
RA=00032be9
DST=00126460
SRC=0011f700
LEN=9
DATA=62616e647769647468
---
FUNC=memcpy
RA=00032be9
DST=00126490
SRC=0011f730
LEN=6
DATA=3132356b687a
---
FUNC=memcpy
RA=00032be9
DST=001264c0
SRC=0011f760
LEN=13
DATA=7370726561645f666163746f72
---
FUNC=memcpy
RA=00032be9
DST=00126540
SRC=0011f560
LEN=14
DATA=6477656c6c5f67726f75705f6964
---
FUNC=memcpy
RA=00032be9
DST=00126580
SRC=0011f5a0
LEN=10
DATA=6477656c6c5f74696d65
---
FUNC=memcpy
RA=00032be9
DST=001265c0
SRC=0011f5e0
LEN=12
DATA=6477656c6c5f706572696f64
---
FUNC=memcpy
RA=00032be9
DST=00126600
SRC=0011f660
LEN=14
DATA=646c5f72657472795f64656c6179
---
FUNC=memcpy
RA=00032be9
DST=00126640
SRC=0011f500
LEN=11
DATA=647574795f706f6c696379
---
FUNC=memcpy
RA=00032be9
DST=001266a0
SRC=0011f620
LEN=12
DATA=626561636f6e5f64656c6179
---
FUNC=memcpy
RA=00032be9
DST=00126700
SRC=0011f8a0
LEN=7
DATA=667265715f687a
---
FUNC=memcpy
RA=00032be9
DST=00126740
SRC=0011fb80
LEN=6
DATA=72785f636667
---
FUNC=memcpy
RA=00032be9
DST=001267a0
SRC=0011fbe0
LEN=8
DATA=69665f636861696e
---
FUNC=memcpy
RA=00032be9
DST=001267e0
SRC=0011fa80
LEN=6
DATA=74785f636667
---
FUNC=memcpy
RA=00032be9
DST=00126840
SRC=0011fae0
LEN=9
DATA=62616e647769647468
---
FUNC=memcpy
RA=00032be9
DST=00126870
SRC=0011fb10
LEN=6
DATA=3132356b687a
---
FUNC=memcpy
RA=00032be9
DST=001268a0
SRC=0011fb40
LEN=13
DATA=7370726561645f666163746f72
---
FUNC=memcpy
RA=00032be9
DST=00126920
SRC=0011f940
LEN=14
DATA=6477656c6c5f67726f75705f6964
---
FUNC=memcpy
RA=00032be9
DST=00126960
SRC=0011f980
LEN=10
DATA=6477656c6c5f74696d65
---
FUNC=memcpy
RA=00032be9
DST=001269a0
SRC=0011f9c0
LEN=12
DATA=6477656c6c5f706572696f64
---
FUNC=memcpy
RA=00032be9
DST=001269e0
SRC=0011fa40
LEN=14
DATA=646c5f72657472795f64656c6179
---
FUNC=memcpy
RA=00032be9
DST=00126a20
SRC=0011f8e0
LEN=11
DATA=647574795f706f6c696379
---
FUNC=memcpy
RA=00032be9
DST=00126a80
SRC=0011fa00
LEN=12
DATA=626561636f6e5f64656c6179
---
FUNC=memcpy
RA=00032be9
DST=00126ae0
SRC=0011fc80
LEN=7
DATA=667265715f687a
---
FUNC=memcpy
RA=00032be9
DST=00126b20
SRC=0011ff60
LEN=6
DATA=72785f636667
---
FUNC=memcpy
RA=00032be9
DST=00126b80
SRC=0011ffc0
LEN=8
DATA=69665f636861696e
---
FUNC=memcpy
RA=00032be9
DST=00126bc0
SRC=0011fe60
LEN=6
DATA=74785f636667
---
FUNC=memcpy
RA=00032be9
DST=00126c20
SRC=0011fec0
LEN=9
DATA=62616e647769647468
---
FUNC=memcpy
RA=00032be9
DST=00126c50
SRC=0011fef0
LEN=6
DATA=3132356b687a
---
FUNC=memcpy
RA=00032be9
DST=00126c80
SRC=0011ff20
LEN=13
DATA=7370726561645f666163746f72
---
FUNC=memcpy
RA=00032be9
DST=00126d00
SRC=0011fd20
LEN=14
DATA=6477656c6c5f67726f75705f6964
---
FUNC=memcpy
RA=00032be9
DST=00126d40
SRC=0011fd60
LEN=10
DATA=6477656c6c5f74696d65
---
FUNC=memcpy
RA=00032be9
DST=00126d80
SRC=0011fda0
LEN=12
DATA=6477656c6c5f706572696f64
---
FUNC=memcpy
RA=00032be9
DST=00126dc0
SRC=0011fe20
LEN=14
DATA=646c5f72657472795f64656c6179
---
FUNC=memcpy
RA=00032be9
DST=00126e00
SRC=0011fcc0
LEN=11
DATA=647574795f706f6c696379
---
FUNC=memcpy
RA=00032be9
DST=00126e60
SRC=0011fde0
LEN=12
DATA=626561636f6e5f64656c6179
---
FUNC=memcpy
RA=00032be9
DST=00126ec0
SRC=00120060
LEN=7
DATA=667265715f687a
---
FUNC=memcpy
RA=00032be9
DST=00126f00
SRC=00120340
LEN=6
DATA=72785f636667
---
FUNC=memcpy
RA=00032be9
DST=00126f60
SRC=001203a0
LEN=8
DATA=69665f636861696e
---
FUNC=memcpy
RA=00032be9
DST=00126fa0
SRC=00120240
LEN=6
DATA=74785f636667
---
FUNC=memcpy
RA=00032be9
DST=00127000
SRC=001202a0
LEN=9
DATA=62616e647769647468
---
FUNC=memcpy
RA=00032be9
DST=00127030
SRC=001202d0
LEN=6
DATA=3132356b687a
---
FUNC=memcpy
RA=00032be9
DST=00127060
SRC=00120300
LEN=13
DATA=7370726561645f666163746f72
---
FUNC=memcpy
RA=00032be9
DST=001270e0
SRC=00120100
LEN=14
DATA=6477656c6c5f67726f75705f6964
---
FUNC=memcpy
RA=00032be9
DST=00127120
SRC=00120140
LEN=10
DATA=6477656c6c5f74696d65
---
FUNC=memcpy
RA=00032be9
DST=00127160
SRC=00120180
LEN=12
DATA=6477656c6c5f706572696f64
---
FUNC=memcpy
RA=00032be9
DST=001271a0
SRC=00120200
LEN=14
DATA=646c5f72657472795f64656c6179
---
FUNC=memcpy
RA=00032be9
DST=001271e0
SRC=001200a0
LEN=11
DATA=647574795f706f6c696379
---
FUNC=memcpy
RA=00032be9
DST=00127240
SRC=001201c0
LEN=12
DATA=626561636f6e5f64656c6179
---
FUNC=memcpy
RA=00032be9
DST=001272a0
SRC=00120440
LEN=7
DATA=667265715f687a
---
FUNC=memcpy
RA=00032be9
DST=001272e0
SRC=00120720
LEN=6
DATA=72785f636667
---
FUNC=memcpy
RA=00032be9
DST=00127340
SRC=00120780
LEN=8
DATA=69665f636861696e
---
FUNC=memcpy
RA=00032be9
DST=00127380
SRC=00120620
LEN=6
DATA=74785f636667
---
FUNC=memcpy
RA=00032be9
DST=001273e0
SRC=00120680
LEN=9
DATA=62616e647769647468
---
FUNC=memcpy
RA=00032be9
DST=00127410
SRC=001206b0
LEN=6
DATA=3132356b687a
---
FUNC=memcpy
RA=00032be9
DST=00127440
SRC=001206e0
LEN=13
DATA=7370726561645f666163746f72
---
FUNC=memcpy
RA=00032be9
DST=001274c0
SRC=001204e0
LEN=14
DATA=6477656c6c5f67726f75705f6964
---
FUNC=memcpy
RA=00032be9
DST=00127500
SRC=00120520
LEN=10
DATA=6477656c6c5f74696d65
---
FUNC=memcpy
RA=00032be9
DST=00127540
SRC=00120560
LEN=12
DATA=6477656c6c5f706572696f64
---
FUNC=memcpy
RA=00032be9
DST=00127580
SRC=001205e0
LEN=14
DATA=646c5f72657472795f64656c6179
---
FUNC=memcpy
RA=00032be9
DST=001275c0
SRC=00120480
LEN=11
DATA=647574795f706f6c696379
---
FUNC=memcpy
RA=00032be9
DST=00127620
SRC=001205a0
LEN=12
DATA=626561636f6e5f64656c6179
---
FUNC=memcpy
RA=00032be9
DST=00127680
SRC=00120928
LEN=7
DATA=667265715f687a
---
FUNC=memcpy
RA=00032be9
DST=00127700
SRC=00120b08
LEN=6
DATA=74785f636667
---
FUNC=memcpy
RA=00032be9
DST=00127760
SRC=00120b68
LEN=9
DATA=62616e647769647468
---
FUNC=memcpy
RA=00032be9
DST=00127790
SRC=00120b98
LEN=6
DATA=3530306b687a
---
FUNC=memcpy
RA=00032be9
DST=001277c0
SRC=00120bc8
LEN=13
DATA=7370726561645f666163746f72
---
FUNC=memcpy
RA=00032be9
DST=00127800
SRC=001209c8
LEN=14
DATA=6477656c6c5f67726f75705f6964
---
FUNC=memcpy
RA=00032be9
DST=00127840
SRC=00120a08
LEN=10
DATA=6477656c6c5f74696d65
---
FUNC=memcpy
RA=00032be9
DST=00127880
SRC=00120a48
LEN=12
DATA=6477656c6c5f706572696f64
---
FUNC=memcpy
RA=00032be9
DST=001278c0
SRC=00120ac8
LEN=14
DATA=646c5f72657472795f64656c6179
---
FUNC=memcpy
RA=00032be9
DST=00127900
SRC=00120968
LEN=11
DATA=647574795f706f6c696379
---
FUNC=memcpy
RA=00032be9
DST=00127960
SRC=00120a88
LEN=12
DATA=626561636f6e5f64656c6179
---
FUNC=memcpy
RA=00032be9
DST=001279c0
SRC=00120c68
LEN=7
DATA=667265715f687a
---
FUNC=memcpy
RA=00032be9
DST=00127a40
SRC=00120e48
LEN=6
DATA=74785f636667
---
FUNC=memcpy
RA=00032be9
DST=00127aa0
SRC=00120ea8
LEN=9
DATA=62616e647769647468
---
FUNC=memcpy
RA=00032be9
DST=00127ad0
SRC=00120ed8
LEN=6
DATA=3530306b687a
---
FUNC=memcpy
RA=00032be9
DST=00127b00
SRC=00120f08
LEN=13
DATA=7370726561645f666163746f72
---
FUNC=memcpy
RA=00032be9
DST=00127b40
SRC=00120d08
LEN=14
DATA=6477656c6c5f67726f75705f6964
---
FUNC=memcpy
RA=00032be9
DST=00127b80
SRC=00120d48
LEN=10
DATA=6477656c6c5f74696d65
---
FUNC=memcpy
RA=00032be9
DST=00127bc0
SRC=00120d88
LEN=12
DATA=6477656c6c5f706572696f64
---
FUNC=memcpy
RA=00032be9
DST=00127c00
SRC=00120e08
LEN=14
DATA=646c5f72657472795f64656c6179
---
FUNC=memcpy
RA=00032be9
DST=00127c40
SRC=00120ca8
LEN=11
DATA=647574795f706f6c696379
---
FUNC=memcpy
RA=00032be9
DST=00127ca0
SRC=00120dc8
LEN=12
DATA=626561636f6e5f64656c6179
---
FUNC=memcpy
RA=00032be9
DST=00127d00
SRC=00120fa8
LEN=7
DATA=667265715f687a
---
FUNC=memcpy
RA=00032be9
DST=00127d80
SRC=00121188
LEN=6
DATA=74785f636667
---
FUNC=memcpy
RA=00032be9
DST=00127de0
SRC=001211e8
LEN=9
DATA=62616e647769647468
---
FUNC=memcpy
RA=00032be9
DST=00127e10
SRC=00121218
LEN=6
DATA=3530306b687a
---
FUNC=memcpy
RA=00032be9
DST=00127e40
SRC=00121248
LEN=13
DATA=7370726561645f666163746f72
---
FUNC=memcpy
RA=00032be9
DST=00127e80
SRC=00121048
LEN=14
DATA=6477656c6c5f67726f75705f6964
---
FUNC=memcpy
RA=00032be9
DST=00127ec0
SRC=00121088
LEN=10
DATA=6477656c6c5f74696d65
---
FUNC=memcpy
RA=00032be9
DST=00127f00
SRC=001210c8
LEN=12
DATA=6477656c6c5f706572696f64
---
FUNC=memcpy
RA=00032be9
DST=00127f40
SRC=00121148
LEN=14
DATA=646c5f72657472795f64656c6179
---
FUNC=memcpy
RA=00032be9
DST=00127f80
SRC=00120fe8
LEN=11
DATA=647574795f706f6c696379
---
FUNC=memcpy
RA=00032be9
DST=00127fe0
SRC=00121108
LEN=12
DATA=626561636f6e5f64656c6179
---
FUNC=memcpy
RA=00032be9
DST=00128040
SRC=001212e8
LEN=7
DATA=667265715f687a
---
FUNC=memcpy
RA=00032be9
DST=001280c0
SRC=001214c8
LEN=6
DATA=74785f636667
---
FUNC=memcpy
RA=00032be9
DST=00128120
SRC=00121528
LEN=9
DATA=62616e647769647468
---
FUNC=memcpy
RA=00032be9
DST=00128150
SRC=00121558
LEN=6
DATA=3530306b687a
---
FUNC=memcpy
RA=00032be9
DST=00128180
SRC=00121588
LEN=13
DATA=7370726561645f666163746f72
---
FUNC=memcpy
RA=00032be9
DST=001281c0
SRC=00121388
LEN=14
DATA=6477656c6c5f67726f75705f6964
---
FUNC=memcpy
RA=00032be9
DST=00128200
SRC=001213c8
LEN=10
DATA=6477656c6c5f74696d65
---
FUNC=memcpy
RA=00032be9
DST=00128240
SRC=00121408
LEN=12
DATA=6477656c6c5f706572696f64
---
FUNC=memcpy
RA=00032be9
DST=00128280
SRC=00121488
LEN=14
DATA=646c5f72657472795f64656c6179
---
FUNC=memcpy
RA=00032be9
DST=001282c0
SRC=00121328
LEN=11
DATA=647574795f706f6c696379
---
FUNC=memcpy
RA=00032be9
DST=00128320
SRC=00121448
LEN=12
DATA=626561636f6e5f64656c6179
---
FUNC=memcpy
RA=00032be9
DST=00128380
SRC=00121628
LEN=7
DATA=667265715f687a
---
FUNC=memcpy
RA=00032be9
DST=00128400
SRC=00121808
LEN=6
DATA=74785f636667
---
FUNC=memcpy
RA=00032be9
DST=00128460
SRC=00121868
LEN=9
DATA=62616e647769647468
---
FUNC=memcpy
RA=00032be9
DST=00128490
SRC=00121898
LEN=6
DATA=3530306b687a
---
FUNC=memcpy
RA=00032be9
DST=001284c0
SRC=001218c8
LEN=13
DATA=7370726561645f666163746f72
---
FUNC=memcpy
RA=00032be9
DST=00128500
SRC=001216c8
LEN=14
DATA=6477656c6c5f67726f75705f6964
---
FUNC=memcpy
RA=00032be9
DST=00128540
SRC=00121708
LEN=10
DATA=6477656c6c5f74696d65
---
FUNC=memcpy
RA=00032be9
DST=00128580
SRC=00121748
LEN=12
DATA=6477656c6c5f706572696f64
---
FUNC=memcpy
RA=00032be9
DST=001285c0
SRC=001217c8
LEN=14
DATA=646c5f72657472795f64656c6179
---
FUNC=memcpy
RA=00032be9
DST=00128600
SRC=00121668
LEN=11
DATA=647574795f706f6c696379
---
FUNC=memcpy
RA=00032be9
DST=00128660
SRC=00121788
LEN=12
DATA=626561636f6e5f64656c6179
---
FUNC=memcpy
RA=00032be9
DST=001286c0
SRC=00121968
LEN=7
DATA=667265715f687a
---
FUNC=memcpy
RA=00032be9
DST=00128740
SRC=00121b48
LEN=6
DATA=74785f636667
---
FUNC=memcpy
RA=00032be9
DST=001287a0
SRC=00121ba8
LEN=9
DATA=62616e647769647468
---
FUNC=memcpy
RA=00032be9
DST=001287d0
SRC=00121bd8
LEN=6
DATA=3530306b687a
---
FUNC=memcpy
RA=00032be9
DST=00128800
SRC=00121c08
LEN=13
DATA=7370726561645f666163746f72
---
FUNC=memcpy
RA=00032be9
DST=00128840
SRC=00121a08
LEN=14
DATA=6477656c6c5f67726f75705f6964
---
FUNC=memcpy
RA=00032be9
DST=00128880
SRC=00121a48
LEN=10
DATA=6477656c6c5f74696d65
---
FUNC=memcpy
RA=00032be9
DST=001288c0
SRC=00121a88
LEN=12
DATA=6477656c6c5f706572696f64
---
FUNC=memcpy
RA=00032be9
DST=00128900
SRC=00121b08
LEN=14
DATA=646c5f72657472795f64656c6179
---
FUNC=memcpy
RA=00032be9
DST=00128940
SRC=001219a8
LEN=11
DATA=647574795f706f6c696379
---
FUNC=memcpy
RA=00032be9
DST=001289a0
SRC=00121ac8
LEN=12
DATA=626561636f6e5f64656c6179
---
FUNC=memcpy
RA=00032be9
DST=00128a00
SRC=00121ca8
LEN=7
DATA=667265715f687a
---
FUNC=memcpy
RA=00032be9
DST=00128a80
SRC=00121e88
LEN=6
DATA=74785f636667
---
FUNC=memcpy
RA=00032be9
DST=00128ae0
SRC=00121ee8
LEN=9
DATA=62616e647769647468
---
FUNC=memcpy
RA=00032be9
DST=00128b10
SRC=00121f18
LEN=6
DATA=3530306b687a
---
FUNC=memcpy
RA=00032be9
DST=00128b40
SRC=00121f48
LEN=13
DATA=7370726561645f666163746f72
---
FUNC=memcpy
RA=00032be9
DST=00128b80
SRC=00121d48
LEN=14
DATA=6477656c6c5f67726f75705f6964
---
FUNC=memcpy
RA=00032be9
DST=00128bc0
SRC=00121d88
LEN=10
DATA=6477656c6c5f74696d65
---
FUNC=memcpy
RA=00032be9
DST=00128c00
SRC=00121dc8
LEN=12
DATA=6477656c6c5f706572696f64
---
FUNC=memcpy
RA=00032be9
DST=00128c40
SRC=00121e48
LEN=14
DATA=646c5f72657472795f64656c6179
---
FUNC=memcpy
RA=00032be9
DST=00128c80
SRC=00121ce8
LEN=11
DATA=647574795f706f6c696379
---
FUNC=memcpy
RA=00032be9
DST=00128ce0
SRC=00121e08
LEN=12
DATA=626561636f6e5f64656c6179
---
FUNC=memcpy
RA=00032be9
DST=00128d40
SRC=00121fe8
LEN=7
DATA=667265715f687a
---
FUNC=memcpy
RA=00032be9
DST=00128dc0
SRC=001221c8
LEN=6
DATA=74785f636667
---
FUNC=memcpy
RA=00032be9
DST=00128e20
SRC=00122228
LEN=9
DATA=62616e647769647468
---
FUNC=memcpy
RA=00032be9
DST=00128e50
SRC=00122258
LEN=6
DATA=3530306b687a
---
FUNC=memcpy
RA=00032be9
DST=00128e80
SRC=00122288
LEN=13
DATA=7370726561645f666163746f72
---
FUNC=memcpy
RA=00032be9
DST=00128ec0
SRC=00122088
LEN=14
DATA=6477656c6c5f67726f75705f6964
---
FUNC=memcpy
RA=00032be9
DST=00128f00
SRC=001220c8
LEN=10
DATA=6477656c6c5f74696d65
---
FUNC=memcpy
RA=00032be9
DST=00128f40
SRC=00122108
LEN=12
DATA=6477656c6c5f706572696f64
---
FUNC=memcpy
RA=00032be9
DST=00128f80
SRC=00122188
LEN=14
DATA=646c5f72657472795f64656c6179
---
FUNC=memcpy
RA=00032be9
DST=00128fc0
SRC=00122028
LEN=11
DATA=647574795f706f6c696379
---
FUNC=memcpy
RA=00032be9
DST=00129020
SRC=00122148
LEN=12
DATA=626561636f6e5f64656c6179
---
FUNC=memcpy
RA=00032be9
DST=00129080
SRC=00122328
LEN=7
DATA=667265715f687a
---
FUNC=memcpy
RA=00032be9
DST=00129100
SRC=00122508
LEN=6
DATA=74785f636667
---
FUNC=memcpy
RA=00032be9
DST=00129160
SRC=00122568
LEN=9
DATA=62616e647769647468
---
FUNC=memcpy
RA=00032be9
DST=00129190
SRC=00122598
LEN=6
DATA=3530306b687a
---
FUNC=memcpy
RA=00032be9
DST=001291c0
SRC=001225c8
LEN=13
DATA=7370726561645f666163746f72
---
FUNC=memcpy
RA=00032be9
DST=00129200
SRC=001223c8
LEN=14
DATA=6477656c6c5f67726f75705f6964
---
FUNC=memcpy
RA=00032be9
DST=00129240
SRC=00122408
LEN=10
DATA=6477656c6c5f74696d65
---
FUNC=memcpy
RA=00032be9
DST=00129280
SRC=00122448
LEN=12
DATA=6477656c6c5f706572696f64
---
FUNC=memcpy
RA=00032be9
DST=001292c0
SRC=001224c8
LEN=14
DATA=646c5f72657472795f64656c6179
---
FUNC=memcpy
RA=00032be9
DST=00129300
SRC=00122368
LEN=11
DATA=647574795f706f6c696379
---
FUNC=memcpy
RA=00032be9
DST=00129360
SRC=00122488
LEN=12
DATA=626561636f6e5f64656c6179
---
FUNC=memcpy
RA=00032be9
DST=001293a0
SRC=00122608
LEN=13
DATA=6368616e6e656c5f7061697273
---
FUNC=memcpy
RA=00032be9
DST=00129498
SRC=00122678
LEN=10
DATA=75706c696e6b5f696478
---
FUNC=memcpy
RA=00032be9
DST=001294d8
SRC=001226b8
LEN=12
DATA=646f776e6c696e6b5f696478
---
FUNC=memcpy
RA=00032be9
DST=00129538
SRC=00122718
LEN=10
DATA=75706c696e6b5f696478
---
FUNC=memcpy
RA=00032be9
DST=00129578
SRC=00122758
LEN=12
DATA=646f776e6c696e6b5f696478
---
FUNC=memcpy
RA=00032be9
DST=001295d8
SRC=001227b8
LEN=10
DATA=75706c696e6b5f696478
---
FUNC=memcpy
RA=00032be9
DST=00129618
SRC=001227f8
LEN=12
DATA=646f776e6c696e6b5f696478
---
FUNC=memcpy
RA=00032be9
DST=00129678
SRC=00122858
LEN=10
DATA=75706c696e6b5f696478
---
FUNC=memcpy
RA=00032be9
DST=001296b8
SRC=00122898
LEN=12
DATA=646f776e6c696e6b5f696478
---
FUNC=memcpy
RA=00032be9
DST=00129718
SRC=001228f8
LEN=10
DATA=75706c696e6b5f696478
---
FUNC=memcpy
RA=00032be9
DST=00129758
SRC=00122938
LEN=12
DATA=646f776e6c696e6b5f696478
---
FUNC=memcpy
RA=00032be9
DST=001297b8
SRC=00122998
LEN=10
DATA=75706c696e6b5f696478
---
FUNC=memcpy
RA=00032be9
DST=001297f8
SRC=001229d8
LEN=12
DATA=646f776e6c696e6b5f696478
---
FUNC=memcpy
RA=00032be9
DST=00129858
SRC=00122a38
LEN=10
DATA=75706c696e6b5f696478
---
FUNC=memcpy
RA=00032be9
DST=00129898
SRC=00122a78
LEN=12
DATA=646f776e6c696e6b5f696478
---
FUNC=memcpy
RA=00032be9
DST=001298f8
SRC=00122ad8
LEN=10
DATA=75706c696e6b5f696478
---
FUNC=memcpy
RA=00032be9
DST=00129938
SRC=00122b18
LEN=12
DATA=646f776e6c696e6b5f696478
---
FUNC=memcpy
RA=00032be9
DST=beea65e8
SRC=00119cc0
LEN=6
DATA=726164696f30
---
FUNC=memcpy
RA=00032be9
DST=00129978
SRC=beea65e8
LEN=6
DATA=726164696f30
---
FUNC=memcpy
RA=0002be15
DST=beea6668
SRC=000b250e
LEN=6
DATA=647269766572
---
FUNC=memcpy
RA=0002be15
DST=beea6650
SRC=000bfdb2
LEN=4
DATA=6e616d65
---
FUNC=memcpy
RA=00032be9
DST=00129a90
SRC=00129498
LEN=10
DATA=75706c696e6b5f696478
---
FUNC=memcpy
RA=00032be9
DST=00129ad0
SRC=001294d8
LEN=12
DATA=646f776e6c696e6b5f696478
---
FUNC=memcpy
RA=00032be9
DST=00129b30
SRC=00129538
LEN=10
DATA=75706c696e6b5f696478
---
FUNC=memcpy
RA=00032be9
DST=00129b70
SRC=00129578
LEN=12
DATA=646f776e6c696e6b5f696478
---
FUNC=memcpy
RA=00032be9
DST=00129bd0
SRC=001295d8
LEN=10
DATA=75706c696e6b5f696478
---
FUNC=memcpy
RA=00032be9
DST=00129c10
SRC=00129618
LEN=12
DATA=646f776e6c696e6b5f696478
---
FUNC=memcpy
RA=00032be9
DST=00129c70
SRC=00129678
LEN=10
DATA=75706c696e6b5f696478
---
FUNC=memcpy
RA=00032be9
DST=00129cb0
SRC=001296b8
LEN=12
DATA=646f776e6c696e6b5f696478
---
FUNC=memcpy
RA=00032be9
DST=00129d10
SRC=00129718
LEN=10
DATA=75706c696e6b5f696478
---
FUNC=memcpy
RA=00032be9
DST=00129d50
SRC=00129758
LEN=12
DATA=646f776e6c696e6b5f696478
---
FUNC=memcpy
RA=00032be9
DST=00129db0
SRC=001297b8
LEN=10
DATA=75706c696e6b5f696478
---
FUNC=memcpy
RA=00032be9
DST=00129df0
SRC=001297f8
LEN=12
DATA=646f776e6c696e6b5f696478
---
FUNC=memcpy
RA=00032be9
DST=00129e50
SRC=00129858
LEN=10
DATA=75706c696e6b5f696478
---
FUNC=memcpy
RA=00032be9
DST=00129e90
SRC=00129898
LEN=12
DATA=646f776e6c696e6b5f696478
---
FUNC=memcpy
RA=00032be9
DST=00129ef0
SRC=001298f8
LEN=10
DATA=75706c696e6b5f696478
---
FUNC=memcpy
RA=00032be9
DST=00129f30
SRC=00129938
LEN=12
DATA=646f776e6c696e6b5f696478
---
FUNC=memcpy
RA=00032be9
DST=beea6590
SRC=001293a0
LEN=13
DATA=6368616e6e656c5f7061697273
---
FUNC=memcpy
RA=00032be9
DST=00129f70
SRC=beea6590
LEN=13
DATA=6368616e6e656c5f7061697273
---
FUNC=memcpy
RA=00032be9
DST=0012a0f8
SRC=00125780
LEN=7
DATA=667265715f687a
---
FUNC=memcpy
RA=00032be9
DST=0012a138
SRC=001257c0
LEN=6
DATA=72785f636667
---
FUNC=memcpy
RA=00032be9
DST=0012a198
SRC=00125820
LEN=8
DATA=69665f636861696e
---
FUNC=memcpy
RA=00032be9
DST=0012a1d8
SRC=00125860
LEN=6
DATA=74785f636667
---
FUNC=memcpy
RA=00032be9
DST=0012a238
SRC=001258c0
LEN=9
DATA=62616e647769647468
---
FUNC=memcpy
RA=00032be9
DST=0012a268
SRC=001258f0
LEN=6
DATA=3132356b687a
---
FUNC=memcpy
RA=00032be9
DST=0012a298
SRC=00125920
LEN=13
DATA=7370726561645f666163746f72
---
FUNC=memcpy
RA=00032be9
DST=0012a318
SRC=001259a0
LEN=14
DATA=6477656c6c5f67726f75705f6964
---
FUNC=memcpy
RA=00032be9
DST=0012a358
SRC=001259e0
LEN=10
DATA=6477656c6c5f74696d65
---
FUNC=memcpy
RA=00032be9
DST=0012a398
SRC=00125a20
LEN=12
DATA=6477656c6c5f706572696f64
---
FUNC=memcpy
RA=00032be9
DST=0012a3d8
SRC=00125a60
LEN=14
DATA=646c5f72657472795f64656c6179
---
FUNC=memcpy
RA=00032be9
DST=0012a418
SRC=00125aa0
LEN=11
DATA=647574795f706f6c696379
---
FUNC=memcpy
RA=00032be9
DST=0012a478
SRC=00125b00
LEN=12
DATA=626561636f6e5f64656c6179
---
FUNC=memcpy
RA=00032be9
DST=0012a4d8
SRC=00125b60
LEN=7
DATA=667265715f687a
---
FUNC=memcpy
RA=00032be9
DST=0012a518
SRC=00125ba0
LEN=6
DATA=72785f636667
---
FUNC=memcpy
RA=00032be9
DST=0012a578
SRC=00125c00
LEN=8
DATA=69665f636861696e
---
FUNC=memcpy
RA=00032be9
DST=0012a5b8
SRC=00125c40
LEN=6
DATA=74785f636667
---
FUNC=memcpy
RA=00032be9
DST=0012a618
SRC=00125ca0
LEN=9
DATA=62616e647769647468
---
FUNC=memcpy
RA=00032be9
DST=0012a648
SRC=00125cd0
LEN=6
DATA=3132356b687a
---
FUNC=memcpy
RA=00032be9
DST=0012a678
SRC=00125d00
LEN=13
DATA=7370726561645f666163746f72
---
FUNC=memcpy
RA=00032be9
DST=0012a6f8
SRC=00125d80
LEN=14
DATA=6477656c6c5f67726f75705f6964
---
FUNC=memcpy
RA=00032be9
DST=0012a738
SRC=00125dc0
LEN=10
DATA=6477656c6c5f74696d65
---
FUNC=memcpy
RA=00032be9
DST=0012a778
SRC=00125e00
LEN=12
DATA=6477656c6c5f706572696f64
---
FUNC=memcpy
RA=00032be9
DST=0012a7b8
SRC=00125e40
LEN=14
DATA=646c5f72657472795f64656c6179
---
FUNC=memcpy
RA=00032be9
DST=0012a7f8
SRC=00125e80
LEN=11
DATA=647574795f706f6c696379
---
FUNC=memcpy
RA=00032be9
DST=0012a858
SRC=00125ee0
LEN=12
DATA=626561636f6e5f64656c6179
---
FUNC=memcpy
RA=00032be9
DST=0012a8b8
SRC=00125f40
LEN=7
DATA=667265715f687a
---
FUNC=memcpy
RA=00032be9
DST=0012a8f8
SRC=00125f80
LEN=6
DATA=72785f636667
---
FUNC=memcpy
RA=00032be9
DST=0012a958
SRC=00125fe0
LEN=8
DATA=69665f636861696e
---
FUNC=memcpy
RA=00032be9
DST=0012a998
SRC=00126020
LEN=6
DATA=74785f636667
---
FUNC=memcpy
RA=00032be9
DST=0012a9f8
SRC=00126080
LEN=9
DATA=62616e647769647468
---
FUNC=memcpy
RA=00032be9
DST=0012aa28
SRC=001260b0
LEN=6
DATA=3132356b687a
---
FUNC=memcpy
RA=00032be9
DST=0012aa58
SRC=001260e0
LEN=13
DATA=7370726561645f666163746f72
---
FUNC=memcpy
RA=00032be9
DST=0012aad8
SRC=00126160
LEN=14
DATA=6477656c6c5f67726f75705f6964
---
FUNC=memcpy
RA=00032be9
DST=0012ab18
SRC=001261a0
LEN=10
DATA=6477656c6c5f74696d65
---
FUNC=memcpy
RA=00032be9
DST=0012ab58
SRC=001261e0
LEN=12
DATA=6477656c6c5f706572696f64
---
FUNC=memcpy
RA=00032be9
DST=0012ab98
SRC=00126220
LEN=14
DATA=646c5f72657472795f64656c6179
---
FUNC=memcpy
RA=00032be9
DST=0012abd8
SRC=00126260
LEN=11
DATA=647574795f706f6c696379
---
FUNC=memcpy
RA=00032be9
DST=0012ac38
SRC=001262c0
LEN=12
DATA=626561636f6e5f64656c6179
---
FUNC=memcpy
RA=00032be9
DST=0012ac98
SRC=00126320
LEN=7
DATA=667265715f687a
---
FUNC=memcpy
RA=00032be9
DST=0012acd8
SRC=00126360
LEN=6
DATA=72785f636667
---
FUNC=memcpy
RA=00032be9
DST=0012ad38
SRC=001263c0
LEN=8
DATA=69665f636861696e
---
FUNC=memcpy
RA=00032be9
DST=0012ad78
SRC=00126400
LEN=6
DATA=74785f636667
---
FUNC=memcpy
RA=00032be9
DST=0012add8
SRC=00126460
LEN=9
DATA=62616e647769647468
---
FUNC=memcpy
RA=00032be9
DST=0012ae08
SRC=00126490
LEN=6
DATA=3132356b687a
---
FUNC=memcpy
RA=00032be9
DST=0012ae38
SRC=001264c0
LEN=13
DATA=7370726561645f666163746f72
---
FUNC=memcpy
RA=00032be9
DST=0012aeb8
SRC=00126540
LEN=14
DATA=6477656c6c5f67726f75705f6964
---
FUNC=memcpy
RA=00032be9
DST=0012aef8
SRC=00126580
LEN=10
DATA=6477656c6c5f74696d65
---
FUNC=memcpy
RA=00032be9
DST=0012af38
SRC=001265c0
LEN=12
DATA=6477656c6c5f706572696f64
---
FUNC=memcpy
RA=00032be9
DST=0012af78
SRC=00126600
LEN=14
DATA=646c5f72657472795f64656c6179
---
FUNC=memcpy
RA=00032be9
DST=0012afb8
SRC=00126640
LEN=11
DATA=647574795f706f6c696379
---
FUNC=memcpy
RA=00032be9
DST=0012b018
SRC=001266a0
LEN=12
DATA=626561636f6e5f64656c6179
---
FUNC=memcpy
RA=00032be9
DST=0012b078
SRC=00126700
LEN=7
DATA=667265715f687a
---
FUNC=memcpy
RA=00032be9
DST=0012b0b8
SRC=00126740
LEN=6
DATA=72785f636667
---
FUNC=memcpy
RA=00032be9
DST=0012b118
SRC=001267a0
LEN=8
DATA=69665f636861696e
---
FUNC=memcpy
RA=00032be9
DST=0012b158
SRC=001267e0
LEN=6
DATA=74785f636667
---
FUNC=memcpy
RA=00032be9
DST=0012b1b8
SRC=00126840
LEN=9
DATA=62616e647769647468
---
FUNC=memcpy
RA=00032be9
DST=0012b1e8
SRC=00126870
LEN=6
DATA=3132356b687a
---
FUNC=memcpy
RA=00032be9
DST=0012b218
SRC=001268a0
LEN=13
DATA=7370726561645f666163746f72
---
FUNC=memcpy
RA=00032be9
DST=0012b298
SRC=00126920
LEN=14
DATA=6477656c6c5f67726f75705f6964
---
FUNC=memcpy
RA=00032be9
DST=0012b2d8
SRC=00126960
LEN=10
DATA=6477656c6c5f74696d65
---
FUNC=memcpy
RA=00032be9
DST=0012b318
SRC=001269a0
LEN=12
DATA=6477656c6c5f706572696f64
---
FUNC=memcpy
RA=00032be9
DST=0012b358
SRC=001269e0
LEN=14
DATA=646c5f72657472795f64656c6179
---
FUNC=memcpy
RA=00032be9
DST=0012b398
SRC=00126a20
LEN=11
DATA=647574795f706f6c696379
---
FUNC=memcpy
RA=00032be9
DST=0012b3f8
SRC=00126a80
LEN=12
DATA=626561636f6e5f64656c6179
---
FUNC=memcpy
RA=00032be9
DST=0012b458
SRC=00126ae0
LEN=7
DATA=667265715f687a
---
FUNC=memcpy
RA=00032be9
DST=0012b498
SRC=00126b20
LEN=6
DATA=72785f636667
---
FUNC=memcpy
RA=00032be9
DST=0012b4f8
SRC=00126b80
LEN=8
DATA=69665f636861696e
---
FUNC=memcpy
RA=00032be9
DST=0012b538
SRC=00126bc0
LEN=6
DATA=74785f636667
---
FUNC=memcpy
RA=00032be9
DST=0012b598
SRC=00126c20
LEN=9
DATA=62616e647769647468
---
FUNC=memcpy
RA=00032be9
DST=0012b5c8
SRC=00126c50
LEN=6
DATA=3132356b687a
---
FUNC=memcpy
RA=00032be9
DST=0012b5f8
SRC=00126c80
LEN=13
DATA=7370726561645f666163746f72
---
FUNC=memcpy
RA=00032be9
DST=0012b678
SRC=00126d00
LEN=14
DATA=6477656c6c5f67726f75705f6964
---
FUNC=memcpy
RA=00032be9
DST=0012b6b8
SRC=00126d40
LEN=10
DATA=6477656c6c5f74696d65
---
FUNC=memcpy
RA=00032be9
DST=0012b6f8
SRC=00126d80
LEN=12
DATA=6477656c6c5f706572696f64
---
FUNC=memcpy
RA=00032be9
DST=0012b738
SRC=00126dc0
LEN=14
DATA=646c5f72657472795f64656c6179
---
FUNC=memcpy
RA=00032be9
DST=0012b778
SRC=00126e00
LEN=11
DATA=647574795f706f6c696379
---
FUNC=memcpy
RA=00032be9
DST=0012b7d8
SRC=00126e60
LEN=12
DATA=626561636f6e5f64656c6179
---
FUNC=memcpy
RA=00032be9
DST=0012b838
SRC=00126ec0
LEN=7
DATA=667265715f687a
---
FUNC=memcpy
RA=00032be9
DST=0012b878
SRC=00126f00
LEN=6
DATA=72785f636667
---
FUNC=memcpy
RA=00032be9
DST=0012b8d8
SRC=00126f60
LEN=8
DATA=69665f636861696e
---
FUNC=memcpy
RA=00032be9
DST=0012b918
SRC=00126fa0
LEN=6
DATA=74785f636667
---
FUNC=memcpy
RA=00032be9
DST=0012b978
SRC=00127000
LEN=9
DATA=62616e647769647468
---
FUNC=memcpy
RA=00032be9
DST=0012b9a8
SRC=00127030
LEN=6
DATA=3132356b687a
---
FUNC=memcpy
RA=00032be9
DST=0012b9d8
SRC=00127060
LEN=13
DATA=7370726561645f666163746f72
---
FUNC=memcpy
RA=00032be9
DST=0012ba58
SRC=001270e0
LEN=14
DATA=6477656c6c5f67726f75705f6964
---
FUNC=memcpy
RA=00032be9
DST=0012ba98
SRC=00127120
LEN=10
DATA=6477656c6c5f74696d65
---
FUNC=memcpy
RA=00032be9
DST=0012bad8
SRC=00127160
LEN=12
DATA=6477656c6c5f706572696f64
---
FUNC=memcpy
RA=00032be9
DST=0012bb18
SRC=001271a0
LEN=14
DATA=646c5f72657472795f64656c6179
---
FUNC=memcpy
RA=00032be9
DST=0012bb58
SRC=001271e0
LEN=11
DATA=647574795f706f6c696379
---
FUNC=memcpy
RA=00032be9
DST=0012bbb8
SRC=00127240
LEN=12
DATA=626561636f6e5f64656c6179
---
FUNC=memcpy
RA=00032be9
DST=0012bc18
SRC=001272a0
LEN=7
DATA=667265715f687a
---
FUNC=memcpy
RA=00032be9
DST=0012bc58
SRC=001272e0
LEN=6
DATA=72785f636667
---
FUNC=memcpy
RA=00032be9
DST=0012bcb8
SRC=00127340
LEN=8
DATA=69665f636861696e
---
FUNC=memcpy
RA=00032be9
DST=0012bcf8
SRC=00127380
LEN=6
DATA=74785f636667
---
FUNC=memcpy
RA=00032be9
DST=0012bd58
SRC=001273e0
LEN=9
DATA=62616e647769647468
---
FUNC=memcpy
RA=00032be9
DST=0012bd88
SRC=00127410
LEN=6
DATA=3132356b687a
---
FUNC=memcpy
RA=00032be9
DST=0012bdb8
SRC=00127440
LEN=13
DATA=7370726561645f666163746f72
---
FUNC=memcpy
RA=00032be9
DST=0012be38
SRC=001274c0
LEN=14
DATA=6477656c6c5f67726f75705f6964
---
FUNC=memcpy
RA=00032be9
DST=0012be78
SRC=00127500
LEN=10
DATA=6477656c6c5f74696d65
---
FUNC=memcpy
RA=00032be9
DST=0012beb8
SRC=00127540
LEN=12
DATA=6477656c6c5f706572696f64
---
FUNC=memcpy
RA=00032be9
DST=0012bef8
SRC=00127580
LEN=14
DATA=646c5f72657472795f64656c6179
---
FUNC=memcpy
RA=00032be9
DST=0012bf38
SRC=001275c0
LEN=11
DATA=647574795f706f6c696379
---
FUNC=memcpy
RA=00032be9
DST=0012bf98
SRC=00127620
LEN=12
DATA=626561636f6e5f64656c6179
---
FUNC=memcpy
RA=00032be9
DST=0012bff8
SRC=00127680
LEN=7
DATA=667265715f687a
---
FUNC=memcpy
RA=00032be9
DST=0012c078
SRC=00127700
LEN=6
DATA=74785f636667
---
FUNC=memcpy
RA=00032be9
DST=0012c0d8
SRC=00127760
LEN=9
DATA=62616e647769647468
---
FUNC=memcpy
RA=00032be9
DST=0012c108
SRC=00127790
LEN=6
DATA=3530306b687a
---
FUNC=memcpy
RA=00032be9
DST=0012c138
SRC=001277c0
LEN=13
DATA=7370726561645f666163746f72
---
FUNC=memcpy
RA=00032be9
DST=0012c178
SRC=00127800
LEN=14
DATA=6477656c6c5f67726f75705f6964
---
FUNC=memcpy
RA=00032be9
DST=0012c1b8
SRC=00127840
LEN=10
DATA=6477656c6c5f74696d65
---
FUNC=memcpy
RA=00032be9
DST=0012c1f8
SRC=00127880
LEN=12
DATA=6477656c6c5f706572696f64
---
FUNC=memcpy
RA=00032be9
DST=0012c238
SRC=001278c0
LEN=14
DATA=646c5f72657472795f64656c6179
---
FUNC=memcpy
RA=00032be9
DST=0012c278
SRC=00127900
LEN=11
DATA=647574795f706f6c696379
---
FUNC=memcpy
RA=00032be9
DST=0012c2d8
SRC=00127960
LEN=12
DATA=626561636f6e5f64656c6179
---
FUNC=memcpy
RA=00032be9
DST=0012c338
SRC=001279c0
LEN=7
DATA=667265715f687a
---
FUNC=memcpy
RA=00032be9
DST=0012c3b8
SRC=00127a40
LEN=6
DATA=74785f636667
---
FUNC=memcpy
RA=00032be9
DST=0012c418
SRC=00127aa0
LEN=9
DATA=62616e647769647468
---
FUNC=memcpy
RA=00032be9
DST=0012c448
SRC=00127ad0
LEN=6
DATA=3530306b687a
---
FUNC=memcpy
RA=00032be9
DST=0012c478
SRC=00127b00
LEN=13
DATA=7370726561645f666163746f72
---
FUNC=memcpy
RA=00032be9
DST=0012c4b8
SRC=00127b40
LEN=14
DATA=6477656c6c5f67726f75705f6964
---
FUNC=memcpy
RA=00032be9
DST=0012c4f8
SRC=00127b80
LEN=10
DATA=6477656c6c5f74696d65
---
FUNC=memcpy
RA=00032be9
DST=0012c538
SRC=00127bc0
LEN=12
DATA=6477656c6c5f706572696f64
---
FUNC=memcpy
RA=00032be9
DST=0012c578
SRC=00127c00
LEN=14
DATA=646c5f72657472795f64656c6179
---
FUNC=memcpy
RA=00032be9
DST=0012c5b8
SRC=00127c40
LEN=11
DATA=647574795f706f6c696379
---
FUNC=memcpy
RA=00032be9
DST=0012c618
SRC=00127ca0
LEN=12
DATA=626561636f6e5f64656c6179
---
FUNC=memcpy
RA=00032be9
DST=0012c678
SRC=00127d00
LEN=7
DATA=667265715f687a
---
FUNC=memcpy
RA=00032be9
DST=0012c6f8
SRC=00127d80
LEN=6
DATA=74785f636667
---
FUNC=memcpy
RA=00032be9
DST=0012c758
SRC=00127de0
LEN=9
DATA=62616e647769647468
---
FUNC=memcpy
RA=00032be9
DST=0012c788
SRC=00127e10
LEN=6
DATA=3530306b687a
---
FUNC=memcpy
RA=00032be9
DST=0012c7b8
SRC=00127e40
LEN=13
DATA=7370726561645f666163746f72
---
FUNC=memcpy
RA=00032be9
DST=0012c7f8
SRC=00127e80
LEN=14
DATA=6477656c6c5f67726f75705f6964
---
FUNC=memcpy
RA=00032be9
DST=0012c838
SRC=00127ec0
LEN=10
DATA=6477656c6c5f74696d65
---
FUNC=memcpy
RA=00032be9
DST=0012c878
SRC=00127f00
LEN=12
DATA=6477656c6c5f706572696f64
---
FUNC=memcpy
RA=00032be9
DST=0012c8b8
SRC=00127f40
LEN=14
DATA=646c5f72657472795f64656c6179
---
FUNC=memcpy
RA=00032be9
DST=0012c8f8
SRC=00127f80
LEN=11
DATA=647574795f706f6c696379
---
FUNC=memcpy
RA=00032be9
DST=0012c958
SRC=00127fe0
LEN=12
DATA=626561636f6e5f64656c6179
---
FUNC=memcpy
RA=00032be9
DST=0012c9b8
SRC=00128040
LEN=7
DATA=667265715f687a
---
FUNC=memcpy
RA=00032be9
DST=0012ca38
SRC=001280c0
LEN=6
DATA=74785f636667
---
FUNC=memcpy
RA=00032be9
DST=0012ca98
SRC=00128120
LEN=9
DATA=62616e647769647468
---
FUNC=memcpy
RA=00032be9
DST=0012cac8
SRC=00128150
LEN=6
DATA=3530306b687a
---
FUNC=memcpy
RA=00032be9
DST=0012caf8
SRC=00128180
LEN=13
DATA=7370726561645f666163746f72
---
FUNC=memcpy
RA=00032be9
DST=0012cb38
SRC=001281c0
LEN=14
DATA=6477656c6c5f67726f75705f6964
---
FUNC=memcpy
RA=00032be9
DST=0012cb78
SRC=00128200
LEN=10
DATA=6477656c6c5f74696d65
---
FUNC=memcpy
RA=00032be9
DST=0012cbb8
SRC=00128240
LEN=12
DATA=6477656c6c5f706572696f64
---
FUNC=memcpy
RA=00032be9
DST=0012cbf8
SRC=00128280
LEN=14
DATA=646c5f72657472795f64656c6179
---
FUNC=memcpy
RA=00032be9
DST=0012cc38
SRC=001282c0
LEN=11
DATA=647574795f706f6c696379
---
FUNC=memcpy
RA=00032be9
DST=0012cc98
SRC=00128320
LEN=12
DATA=626561636f6e5f64656c6179
---
FUNC=memcpy
RA=00032be9
DST=0012ccf8
SRC=00128380
LEN=7
DATA=667265715f687a
---
FUNC=memcpy
RA=00032be9
DST=0012cd78
SRC=00128400
LEN=6
DATA=74785f636667
---
FUNC=memcpy
RA=00032be9
DST=0012cdd8
SRC=00128460
LEN=9
DATA=62616e647769647468
---
FUNC=memcpy
RA=00032be9
DST=0012ce08
SRC=00128490
LEN=6
DATA=3530306b687a
---
FUNC=memcpy
RA=00032be9
DST=0012ce38
SRC=001284c0
LEN=13
DATA=7370726561645f666163746f72
---
FUNC=memcpy
RA=00032be9
DST=0012ce78
SRC=00128500
LEN=14
DATA=6477656c6c5f67726f75705f6964
---
FUNC=memcpy
RA=00032be9
DST=0012ceb8
SRC=00128540
LEN=10
DATA=6477656c6c5f74696d65
---
FUNC=memcpy
RA=00032be9
DST=0012cef8
SRC=00128580
LEN=12
DATA=6477656c6c5f706572696f64
---
FUNC=memcpy
RA=00032be9
DST=0012cf38
SRC=001285c0
LEN=14
DATA=646c5f72657472795f64656c6179
---
FUNC=memcpy
RA=00032be9
DST=0012cf78
SRC=00128600
LEN=11
DATA=647574795f706f6c696379
---
FUNC=memcpy
RA=00032be9
DST=0012cfd8
SRC=00128660
LEN=12
DATA=626561636f6e5f64656c6179
---
FUNC=memcpy
RA=00032be9
DST=0012d038
SRC=001286c0
LEN=7
DATA=667265715f687a
---
FUNC=memcpy
RA=00032be9
DST=0012d0b8
SRC=00128740
LEN=6
DATA=74785f636667
---
FUNC=memcpy
RA=00032be9
DST=0012d118
SRC=001287a0
LEN=9
DATA=62616e647769647468
---
FUNC=memcpy
RA=00032be9
DST=0012d148
SRC=001287d0
LEN=6
DATA=3530306b687a
---
FUNC=memcpy
RA=00032be9
DST=0012d178
SRC=00128800
LEN=13
DATA=7370726561645f666163746f72
---
FUNC=memcpy
RA=00032be9
DST=0012d1b8
SRC=00128840
LEN=14
DATA=6477656c6c5f67726f75705f6964
---
FUNC=memcpy
RA=00032be9
DST=0012d1f8
SRC=00128880
LEN=10
DATA=6477656c6c5f74696d65
---
FUNC=memcpy
RA=00032be9
DST=0012d238
SRC=001288c0
LEN=12
DATA=6477656c6c5f706572696f64
---
FUNC=memcpy
RA=00032be9
DST=0012d278
SRC=00128900
LEN=14
DATA=646c5f72657472795f64656c6179
---
FUNC=memcpy
RA=00032be9
DST=0012d2b8
SRC=00128940
LEN=11
DATA=647574795f706f6c696379
---
FUNC=memcpy
RA=00032be9
DST=0012d318
SRC=001289a0
LEN=12
DATA=626561636f6e5f64656c6179
---
FUNC=memcpy
RA=00032be9
DST=0012d378
SRC=00128a00
LEN=7
DATA=667265715f687a
---
FUNC=memcpy
RA=00032be9
DST=0012d3f8
SRC=00128a80
LEN=6
DATA=74785f636667
---
FUNC=memcpy
RA=00032be9
DST=0012d458
SRC=00128ae0
LEN=9
DATA=62616e647769647468
---
FUNC=memcpy
RA=00032be9
DST=0012d488
SRC=00128b10
LEN=6
DATA=3530306b687a
---
FUNC=memcpy
RA=00032be9
DST=0012d4b8
SRC=00128b40
LEN=13
DATA=7370726561645f666163746f72
---
FUNC=memcpy
RA=00032be9
DST=0012d4f8
SRC=00128b80
LEN=14
DATA=6477656c6c5f67726f75705f6964
---
FUNC=memcpy
RA=00032be9
DST=0012d538
SRC=00128bc0
LEN=10
DATA=6477656c6c5f74696d65
---
FUNC=memcpy
RA=00032be9
DST=0012d578
SRC=00128c00
LEN=12
DATA=6477656c6c5f706572696f64
---
FUNC=memcpy
RA=00032be9
DST=0012d5b8
SRC=00128c40
LEN=14
DATA=646c5f72657472795f64656c6179
---
FUNC=memcpy
RA=00032be9
DST=0012d5f8
SRC=00128c80
LEN=11
DATA=647574795f706f6c696379
---
FUNC=memcpy
RA=00032be9
DST=0012d658
SRC=00128ce0
LEN=12
DATA=626561636f6e5f64656c6179
---
FUNC=memcpy
RA=00032be9
DST=0012d6b8
SRC=00128d40
LEN=7
DATA=667265715f687a
---
FUNC=memcpy
RA=00032be9
DST=0012d738
SRC=00128dc0
LEN=6
DATA=74785f636667
---
FUNC=memcpy
RA=00032be9
DST=0012d798
SRC=00128e20
LEN=9
DATA=62616e647769647468
---
FUNC=memcpy
RA=00032be9
DST=0012d7c8
SRC=00128e50
LEN=6
DATA=3530306b687a
---
FUNC=memcpy
RA=00032be9
DST=0012d7f8
SRC=00128e80
LEN=13
DATA=7370726561645f666163746f72
---
FUNC=memcpy
RA=00032be9
DST=0012d838
SRC=00128ec0
LEN=14
DATA=6477656c6c5f67726f75705f6964
---
FUNC=memcpy
RA=00032be9
DST=0012d878
SRC=00128f00
LEN=10
DATA=6477656c6c5f74696d65
---
FUNC=memcpy
RA=00032be9
DST=0012d8b8
SRC=00128f40
LEN=12
DATA=6477656c6c5f706572696f64
---
FUNC=memcpy
RA=00032be9
DST=0012d8f8
SRC=00128f80
LEN=14
DATA=646c5f72657472795f64656c6179
---
FUNC=memcpy
RA=00032be9
DST=0012d938
SRC=00128fc0
LEN=11
DATA=647574795f706f6c696379
---
FUNC=memcpy
RA=00032be9
DST=0012d998
SRC=00129020
LEN=12
DATA=626561636f6e5f64656c6179
---
FUNC=memcpy
RA=00032be9
DST=0012d9f8
SRC=00129080
LEN=7
DATA=667265715f687a
---
FUNC=memcpy
RA=00032be9
DST=0012da78
SRC=00129100
LEN=6
DATA=74785f636667
---
FUNC=memcpy
RA=00032be9
DST=0012dad8
SRC=00129160
LEN=9
DATA=62616e647769647468
---
FUNC=memcpy
RA=00032be9
DST=0012db08
SRC=00129190
LEN=6
DATA=3530306b687a
---
FUNC=memcpy
RA=00032be9
DST=0012db38
SRC=001291c0
LEN=13
DATA=7370726561645f666163746f72
---
FUNC=memcpy
RA=00032be9
DST=0012db78
SRC=00129200
LEN=14
DATA=6477656c6c5f67726f75705f6964
---
FUNC=memcpy
RA=00032be9
DST=0012dbb8
SRC=00129240
LEN=10
DATA=6477656c6c5f74696d65
---
FUNC=memcpy
RA=00032be9
DST=0012dbf8
SRC=00129280
LEN=12
DATA=6477656c6c5f706572696f64
---
FUNC=memcpy
RA=00032be9
DST=0012dc38
SRC=001292c0
LEN=14
DATA=646c5f72657472795f64656c6179
---
FUNC=memcpy
RA=00032be9
DST=0012dc78
SRC=00129300
LEN=11
DATA=647574795f706f6c696379
---
FUNC=memcpy
RA=00032be9
DST=0012dcd8
SRC=00129360
LEN=12
DATA=626561636f6e5f64656c6179
---
FUNC=memcpy
RA=00032be9
DST=beea6590
SRC=001255f8
LEN=8
DATA=6368616e6e656c73
---
FUNC=memcpy
RA=00032be9
DST=0012dd18
SRC=beea6590
LEN=8
DATA=6368616e6e656c73
---
FUNC=memcpy
RA=00032be9
DST=beea6590
SRC=00125560
LEN=11
DATA=6368616e6e656c735f6964
---
FUNC=memcpy
RA=00032be9
DST=0012dd58
SRC=beea6590
LEN=11
DATA=6368616e6e656c735f6964
---
FUNC=memcpy
RA=00032be9
DST=0012dd80
SRC=001255c8
LEN=19
DATA=6672657175656e63795f646576696174696f6e
---
FUNC=memcpy
RA=00032be9
DST=0012ddd8
SRC=0012dd80
LEN=19
DATA=6672657175656e63795f646576696174696f6e
---
FUNC=memcpy
RA=00032be9
DST=0012ddf8
SRC=00125410
LEN=12
DATA=393034314232333438334443
---
FUNC=memcpy
RA=00032be9
DST=0012de50
SRC=00125528
LEN=24
DATA=696d6d6564696174655f74785f73746172745f64656c6179
---
FUNC=memcpy
RA=00032be9
DST=0012deb0
SRC=0012de50
LEN=24
DATA=696d6d6564696174655f74785f73746172745f64656c6179
---
FUNC=memcpy
RA=00032be9
DST=0012de50
SRC=00125468
LEN=24
DATA=7363686564756c65645f74785f73746172745f64656c6179
---
FUNC=memcpy
RA=00032be9
DST=0012df10
SRC=0012de50
LEN=24
DATA=7363686564756c65645f74785f73746172745f64656c6179
---
FUNC=memcpy
RA=00032be9
DST=0012de50
SRC=001254c8
LEN=22
DATA=737065637472616c5f7363616e5f696e74657276616c
---
FUNC=memcpy
RA=00032be9
DST=0012df70
SRC=0012de50
LEN=22
DATA=737065637472616c5f7363616e5f696e74657276616c
---
FUNC=memcpy
RA=00032be9
DST=0012de50
SRC=00122fa0
LEN=26
DATA=737065637472616c5f7363616e5f6d6561737572656d656e7473
---
FUNC=memcpy
RA=00032be9
DST=0012dfd0
SRC=0012de50
LEN=26
DATA=737065637472616c5f7363616e5f6d6561737572656d656e7473
---
FUNC=memcpy
RA=00032be9
DST=0012dff0
SRC=001253a8
LEN=27
DATA=2f7573722f62696e2f72657365745f6c67772e7368207374617274
---
FUNC=memcpy
RA=00032be9
DST=beea6590
SRC=00125360
LEN=9
DATA=73746172745f636d64
---
FUNC=memcpy
RA=00032be9
DST=0012e028
SRC=beea6590
LEN=9
DATA=73746172745f636d64
---
FUNC=memcpy
RA=00032be9
DST=0012e070
SRC=00123020
LEN=27
DATA=2f7573722f62696e2f72657365745f6c67772e7368207374617274
---
FUNC=memcpy
RA=00032be9
DST=beea6590
SRC=00122fd8
LEN=8
DATA=73746f705f636d64
---
FUNC=memcpy
RA=00032be9
DST=0012e0a8
SRC=beea6590
LEN=8
DATA=73746f705f636d64
---
FUNC=memcpy
RA=00032be9
DST=0012e108
SRC=00123138
LEN=12
DATA=6368616e5f6d756c74695f32
---
FUNC=memcpy
RA=00032be9
DST=0012e1a8
SRC=001231d8
LEN=5
DATA=726164696f
---
FUNC=memcpy
RA=00032be9
DST=0012e1e8
SRC=00123218
LEN=6
DATA=656e61626c65
---
FUNC=memcpy
RA=00032be9
DST=0012e228
SRC=00123258
LEN=7
DATA=726164696f5f30
---
FUNC=memcpy
RA=00032be9
DST=0012e288
SRC=001232b8
LEN=11
DATA=727373695f6f6666736574
---
FUNC=memcpy
RA=00032be9
DST=0012e2c8
SRC=001232f8
LEN=9
DATA=74785f656e61626c65
---
FUNC=memcpy
RA=00032be9
DST=0012e308
SRC=00123338
LEN=4
DATA=74797065
---
FUNC=memcpy
RA=00032be9
DST=0012e338
SRC=00123368
LEN=6
DATA=535831323530
---
FUNC=memcpy
RA=00032be9
DST=0012e368
SRC=00123398
LEN=11
DATA=74785f6761696e5f6c7574
---
FUNC=memcpy
RA=00032be9
DST=0012e4d0
SRC=001234f0
LEN=7
DATA=7077725f696478
---
FUNC=memcpy
RA=00032be9
DST=0012e510
SRC=00123530
LEN=8
DATA=72665f706f776572
---
FUNC=memcpy
RA=00032be9
DST=0012e550
SRC=00123570
LEN=7
DATA=70615f6761696e
---
FUNC=memcpy
RA=00032be9
DST=0012e5b0
SRC=001235d0
LEN=7
DATA=7077725f696478
---
FUNC=memcpy
RA=00032be9
DST=0012e5f0
SRC=00123610
LEN=8
DATA=72665f706f776572
---
FUNC=memcpy
RA=00032be9
DST=0012e630
SRC=00123650
LEN=7
DATA=70615f6761696e
---
FUNC=memcpy
RA=00032be9
DST=0012e690
SRC=001236b0
LEN=7
DATA=7077725f696478
---
FUNC=memcpy
RA=00032be9
DST=0012e6d0
SRC=001236f0
LEN=8
DATA=72665f706f776572
---
FUNC=memcpy
RA=00032be9
DST=0012e710
SRC=00123730
LEN=7
DATA=70615f6761696e
---
FUNC=memcpy
RA=00032be9
DST=0012e770
SRC=00123790
LEN=7
DATA=7077725f696478
---
FUNC=memcpy
RA=00032be9
DST=0012e7b0
SRC=001237d0
LEN=8
DATA=72665f706f776572
---
FUNC=memcpy
RA=00032be9
DST=0012e7f0
SRC=00123810
LEN=7
DATA=70615f6761696e
---
FUNC=memcpy
RA=00032be9
DST=0012e850
SRC=00123870
LEN=7
DATA=7077725f696478
---
FUNC=memcpy
RA=00032be9
DST=0012e890
SRC=001238b0
LEN=8
DATA=72665f706f776572
---
FUNC=memcpy
RA=00032be9
DST=0012e8d0
SRC=001238f0
LEN=7
DATA=70615f6761696e
---
FUNC=memcpy
RA=00032be9
DST=0012e930
SRC=00123950
LEN=7
DATA=7077725f696478
---
FUNC=memcpy
RA=00032be9
DST=0012e970
SRC=00123990
LEN=8
DATA=72665f706f776572
---
FUNC=memcpy
RA=00032be9
DST=0012e9b0
SRC=001239d0
LEN=7
DATA=70615f6761696e
---
FUNC=memcpy
RA=00032be9
DST=0012ea10
SRC=00123a30
LEN=7
DATA=7077725f696478
---
FUNC=memcpy
RA=00032be9
DST=0012ea50
SRC=00123a70
LEN=8
DATA=72665f706f776572
---
FUNC=memcpy
RA=00032be9
DST=0012ea90
SRC=00123ab0
LEN=7
DATA=70615f6761696e
---
FUNC=memcpy
RA=00032be9
DST=0012eaf0
SRC=00123b10
LEN=7
DATA=7077725f696478
---
FUNC=memcpy
RA=00032be9
DST=0012eb30
SRC=00123b50
LEN=8
DATA=72665f706f776572
---
FUNC=memcpy
RA=00032be9
DST=0012eb70
SRC=00123b90
LEN=7
DATA=70615f6761696e
---
FUNC=memcpy
RA=00032be9
DST=0012ebd0
SRC=00123bf0
LEN=7
DATA=7077725f696478
---
FUNC=memcpy
RA=00032be9
DST=0012ec10
SRC=00123c30
LEN=8
DATA=72665f706f776572
---
FUNC=memcpy
RA=00032be9
DST=0012ec50
SRC=00123c70
LEN=7
DATA=70615f6761696e
---
FUNC=memcpy
RA=00032be9
DST=0012ecb0
SRC=00123cd0
LEN=7
DATA=7077725f696478
---
FUNC=memcpy
RA=00032be9
DST=0012ecf0
SRC=00123d10
LEN=8
DATA=72665f706f776572
---
FUNC=memcpy
RA=00032be9
DST=0012ed30
SRC=00123d50
LEN=7
DATA=70615f6761696e
---
FUNC=memcpy
RA=00032be9
DST=0012ed90
SRC=00123db0
LEN=7
DATA=7077725f696478
---
FUNC=memcpy
RA=00032be9
DST=0012edd0
SRC=00123df0
LEN=8
DATA=72665f706f776572
---
FUNC=memcpy
RA=00032be9
DST=0012ee10
SRC=00123e30
LEN=7
DATA=70615f6761696e
---
FUNC=memcpy
RA=00032be9
DST=0012ee70
SRC=00123e90
LEN=7
DATA=7077725f696478
---
FUNC=memcpy
RA=00032be9
DST=0012eeb0
SRC=00123ed0
LEN=8
DATA=72665f706f776572
---
FUNC=memcpy
RA=00032be9
DST=0012eef0
SRC=00123f10
LEN=7
DATA=70615f6761696e
---
FUNC=memcpy
RA=00032be9
DST=0012ef50
SRC=00123f70
LEN=7
DATA=7077725f696478
---
FUNC=memcpy
RA=00032be9
DST=0012ef90
SRC=00123fb0
LEN=8
DATA=72665f706f776572
---
FUNC=memcpy
RA=00032be9
DST=0012efd0
SRC=00123ff0
LEN=7
DATA=70615f6761696e
---
FUNC=memcpy
RA=00032be9
DST=0012f030
SRC=00124050
LEN=7
DATA=7077725f696478
---
FUNC=memcpy
RA=00032be9
DST=0012f070
SRC=00124090
LEN=8
DATA=72665f706f776572
---
FUNC=memcpy
RA=00032be9
DST=0012f0b0
SRC=001240d0
LEN=7
DATA=70615f6761696e
---
FUNC=memcpy
RA=00032be9
DST=0012f110
SRC=00124130
LEN=7
DATA=7077725f696478
---
FUNC=memcpy
RA=00032be9
DST=0012f150
SRC=00124170
LEN=8
DATA=72665f706f776572
---
FUNC=memcpy
RA=00032be9
DST=0012f190
SRC=001241b0
LEN=7
DATA=70615f6761696e
---
FUNC=memcpy
RA=00032be9
DST=0012f1d0
SRC=001241f0
LEN=10
DATA=727373695f74636f6d70
---
FUNC=memcpy
RA=00032be9
DST=0012f230
SRC=00124250
LEN=7
DATA=636f6566665f62
---
FUNC=memcpy
RA=00032be9
DST=0012f270
SRC=00124290
LEN=7
DATA=636f6566665f64
---
FUNC=memcpy
RA=00032be9
DST=0012f2b0
SRC=001242d0
LEN=7
DATA=636f6566665f65
---
FUNC=memcpy
RA=00032be9
DST=0012f2f0
SRC=00124310
LEN=7
DATA=636f6566665f63
---
FUNC=memcpy
RA=00032be9
DST=0012f330
SRC=00124350
LEN=7
DATA=636f6566665f61
---
FUNC=memcpy
RA=00032be9
DST=0012f370
SRC=00124390
LEN=7
DATA=667265715f687a
---
FUNC=memcpy
RA=00032be9
DST=0012f3d8
SRC=001243f8
LEN=23
DATA=737072656164696e675f666163746f725f656e61626c65
---
FUNC=memcpy
RA=00032be9
DST=0012f420
SRC=00124440
LEN=11
DATA=7378313236315f636f6e66
---
FUNC=memcpy
RA=00032be9
DST=0012f480
SRC=001244a0
LEN=8
DATA=7370695f70617468
---
FUNC=memcpy
RA=00032be9
DST=0012f4b0
SRC=001244d0
LEN=14
DATA=2f6465762f737069646576312e31
---
FUNC=memcpy
RA=00032be9
DST=0012f4e0
SRC=00124500
LEN=11
DATA=727373695f6f6666736574
---
FUNC=memcpy
RA=00032be9
DST=0012f520
SRC=00124540
LEN=7
DATA=726164696f5f31
---
FUNC=memcpy
RA=00032be9
DST=0012f580
SRC=001245a0
LEN=11
DATA=727373695f6f6666736574
---
FUNC=memcpy
RA=00032be9
DST=0012f5c0
SRC=001245e0
LEN=9
DATA=74785f656e61626c65
---
FUNC=memcpy
RA=00032be9
DST=0012f600
SRC=00124620
LEN=4
DATA=74797065
---
FUNC=memcpy
RA=00032be9
DST=0012f630
SRC=00124650
LEN=6
DATA=535831323530
---
FUNC=memcpy
RA=00032be9
DST=0012f660
SRC=00124680
LEN=10
DATA=727373695f74636f6d70
---
FUNC=memcpy
RA=00032be9
DST=0012f6c0
SRC=001246e0
LEN=7
DATA=636f6566665f62
---
FUNC=memcpy
RA=00032be9
DST=0012f700
SRC=00124720
LEN=7
DATA=636f6566665f64
---
FUNC=memcpy
RA=00032be9
DST=0012f740
SRC=00124760
LEN=7
DATA=636f6566665f65
---
FUNC=memcpy
RA=00032be9
DST=0012f780
SRC=001247a0
LEN=7
DATA=636f6566665f63
---
FUNC=memcpy
RA=00032be9
DST=0012f7c0
SRC=001247e0
LEN=7
DATA=636f6566665f61
---
FUNC=memcpy
RA=00032be9
DST=0012f800
SRC=00124820
LEN=7
DATA=667265715f687a
---
FUNC=memcpy
RA=00032be9
DST=0012f840
SRC=00124860
LEN=12
DATA=6368616e5f6d756c74695f34
---
FUNC=memcpy
RA=00032be9
DST=0012f8e0
SRC=00124900
LEN=5
DATA=726164696f
---
FUNC=memcpy
RA=00032be9
DST=0012f920
SRC=00124940
LEN=6
DATA=656e61626c65
---
FUNC=memcpy
RA=00032be9
DST=0012f960
SRC=00124980
LEN=12
DATA=6368616e5f6d756c74695f36
---
FUNC=memcpy
RA=00032be9
DST=0012fa00
SRC=00124a20
LEN=5
DATA=726164696f
---
FUNC=memcpy
RA=00032be9
DST=0012fa40
SRC=00124a60
LEN=6
DATA=656e61626c65
---
FUNC=memcpy
RA=00032be9
DST=0012fa80
SRC=00124aa0
LEN=12
DATA=6368616e5f6d756c74695f37
---
FUNC=memcpy
RA=00032be9
DST=0012fb20
SRC=00124b40
LEN=5
DATA=726164696f
---
FUNC=memcpy
RA=00032be9
DST=0012fb60
SRC=00124b80
LEN=6
DATA=656e61626c65
---
FUNC=memcpy
RA=00032be9
DST=0012fba0
SRC=00124bc0
LEN=12
DATA=6368616e5f6d756c74695f35
---
FUNC=memcpy
RA=00032be9
DST=0012fc40
SRC=00124c60
LEN=5
DATA=726164696f
---
FUNC=memcpy
RA=00032be9
DST=0012fc80
SRC=00124ca0
LEN=6
DATA=656e61626c65
---
FUNC=memcpy
RA=00032be9
DST=0012fcc0
SRC=00124ce0
LEN=12
DATA=6368616e5f6d756c74695f33
---
FUNC=memcpy
RA=00032be9
DST=0012fd60
SRC=00124d80
LEN=5
DATA=726164696f
---
FUNC=memcpy
RA=00032be9
DST=0012fda0
SRC=00124dc0
LEN=6
DATA=656e61626c65
---
FUNC=memcpy
RA=00032be9
DST=0012fde0
SRC=00124e00
LEN=12
DATA=6368616e5f6d756c74695f30
---
FUNC=memcpy
RA=00032be9
DST=0012fe80
SRC=00124ea0
LEN=5
DATA=726164696f
---
FUNC=memcpy
RA=00032be9
DST=0012fec0
SRC=00124ee0
LEN=6
DATA=656e61626c65
---
FUNC=memcpy
RA=00032be9
DST=0012ff00
SRC=00124f20
LEN=12
DATA=6368616e5f6d756c74695f31
---
FUNC=memcpy
RA=00032be9
DST=0012ffa0
SRC=00124fc0
LEN=5
DATA=726164696f
---
FUNC=memcpy
RA=00032be9
DST=0012ffe0
SRC=00125000
LEN=6
DATA=656e61626c65
---
FUNC=memcpy
RA=00032be9
DST=00130020
SRC=00125040
LEN=8
DATA=6368616e5f66736b
---
FUNC=memcpy
RA=00032be9
DST=00130080
SRC=001250a0
LEN=6
DATA=656e61626c65
---
FUNC=memcpy
RA=00032be9
DST=001300c0
SRC=001250e0
LEN=13
DATA=6368616e5f6c6f72615f737464
---
FUNC=memcpy
RA=00032be9
DST=00130120
SRC=00125140
LEN=6
DATA=656e61626c65
---
FUNC=memcpy
RA=00032be9
DST=00130160
SRC=00125180
LEN=5
DATA=626f617264
---
FUNC=memcpy
RA=00032be9
DST=001301c0
SRC=001251e0
LEN=8
DATA=636f6d5f74797065
---
FUNC=memcpy
RA=00032be9
DST=00130220
SRC=00125240
LEN=14
DATA=6c6f726177616e5f7075626c6963
---
FUNC=memcpy
RA=00032be9
DST=00130260
SRC=00125280
LEN=11
DATA=66756c6c5f6475706c6578
---
FUNC=memcpy
RA=00032be9
DST=001302a0
SRC=001252c0
LEN=8
DATA=636f6d5f70617468
---
FUNC=memcpy
RA=00032be9
DST=001302d0
SRC=001252f0
LEN=14
DATA=2f6465762f737069646576312e30
---
FUNC=memcpy
RA=00032be9
DST=00130300
SRC=00125320
LEN=6
DATA=636c6b737263
---
FUNC=memcpy
RA=00032be9
DST=beea6590
SRC=001230d8
LEN=11
DATA=7378313330325f636f6e66
---
FUNC=memcpy
RA=00032be9
DST=00130340
SRC=beea6590
LEN=11
DATA=7378313330325f636f6e66
---
FUNC=memcpy
RA=00032be9
DST=beea6590
SRC=00123058
LEN=12
DATA=74785f646576696174696f6e
---
FUNC=memcpy
RA=00032be9
DST=00130380
SRC=beea6590
LEN=12
DATA=74785f646576696174696f6e
---
FUNC=memcpy
RA=00032be9
DST=beea6590
SRC=00123098
LEN=12
DATA=74785f656e645f64656c6179
---
FUNC=memcpy
RA=00032be9
DST=001303c0
SRC=beea6590
LEN=12
DATA=74785f656e645f64656c6179
---
FUNC=memcpy
RA=0002be15
DST=beea6668
SRC=000b2515
LEN=13
DATA=6576656e742d74696d656f7574
---
FUNC=memcpy
RA=0002be15
DST=beea6668
SRC=000c4d48
LEN=6
DATA=646576696365
---
FUNC=memcpy
RA=0002be15
DST=beea6650
SRC=000b2523
LEN=6
DATA=76656e646f72
---
FUNC=memcpy
RA=0002be15
DST=beea6650
SRC=000b252a
LEN=4
DATA=70617274
---
FUNC=memcpy
RA=00032be9
DST=00130420
SRC=00129978
LEN=6
DATA=726164696f30
---
FUNC=memcpy
RA=0002be15
DST=beea66a8
SRC=000b2536
LEN=13
DATA=64656661756c742d6966616365
---
FUNC=memcpy
RA=00032be9
DST=00125530
SRC=001195a0
LEN=5
DATA=6465627567
---
FUNC=memcpy
RA=00032be9
DST=beea66e8
SRC=001195a0
LEN=5
DATA=6465627567
---
FUNC=memcpy
RA=00032be9
DST=001255e0
SRC=00129388
LEN=36
DATA=38646363626262362d333637662d343039382d386337612d653231346236373466623666
---
FUNC=memcpy
RA=00032be9
DST=001255e0
SRC=00129388
LEN=36
DATA=38646363626262362d333637662d343039382d386337612d653231346236373466623666
---
FUNC=memset
RA=00032679
DST=0011e890
VAL=0
LEN=16
---
FUNC=memcpy
RA=00032be9
DST=00125468
SRC=00119910
LEN=26
DATA=2f6574632f70657273697374656e742f6c6f726162722e6b6579
---
FUNC=memcpy
RA=00032be9
DST=00125468
SRC=00119a20
LEN=27
DATA=2f6574632f70657273697374656e742f6c6f726162722e63657274
---
FUNC=memcpy
RA=0002be15
DST=00125528
SRC=00119910
LEN=26
DATA=2f6574632f70657273697374656e742f6c6f726162722e6b6579
---
FUNC=memcpy
RA=0002be15
DST=beea6680
SRC=0012552d
LEN=10
DATA=70657273697374656e74
---
FUNC=memcpy
RA=00032be9
DST=001185b8
SRC=beea65d8
LEN=10
DATA=70657273697374656e74
---
FUNC=memcpy
RA=0002be15
DST=beea6680
SRC=00125538
LEN=10
DATA=6c6f726162722e6b6579
---
FUNC=memcpy
RA=00032be9
DST=001185e4
SRC=beea6638
LEN=10
DATA=6c6f726162722e6b6579
---
FUNC=memcpy
RA=0002be15
DST=001245e0
SRC=000b2436
LEN=31
DATA=496e76616c69642076616c7565206f66206b657920226b65792d7061746822
---
FUNC=memcpy
RA=0002be15
DST=00125528
SRC=00119a20
LEN=27
DATA=2f6574632f70657273697374656e742f6c6f726162722e63657274
---
FUNC=memcpy
RA=0002be15
DST=beea6680
SRC=0012552d
LEN=10
DATA=70657273697374656e74
---
FUNC=memcpy
RA=00032be9
DST=001185b8
SRC=beea65d8
LEN=10
DATA=70657273697374656e74
---
FUNC=memcpy
RA=0002be15
DST=beea6680
SRC=00125538
LEN=11
DATA=6c6f726162722e63657274
---
FUNC=memcpy
RA=00032be9
DST=001185e4
SRC=beea6638
LEN=11
DATA=6c6f726162722e63657274
---
FUNC=memcpy
RA=0002be15
DST=001245e0
SRC=000b2456
LEN=32
DATA=496e76616c69642076616c7565206f66206b65792022636572742d7061746822
---
FUNC=memmove
RA=00032e61
DST=0011e798
SRC=0011e890
LEN=16
DATA=8dccbbb6367f40988c7ae214b674fb6f
---
FUNC=memcpy
RA=00032be9
DST=00125528
SRC=00119a20
LEN=27
DATA=2f6574632f70657273697374656e742f6c6f726162722e63657274
---
FUNC=memcpy
RA=00032be9
DST=00125468
SRC=00119910
LEN=26
DATA=2f6574632f70657273697374656e742f6c6f726162722e6b6579
---
FUNC=memcpy
RA=0002be15
DST=00119ad8
SRC=000c4a0b
LEN=17
DATA=576562536f636b65742b2b2f302e382e32
---
FUNC=memcpy
RA=0002be15
DST=beea6848
SRC=000c12f8
LEN=7
DATA=55424e542d5753
---
FUNC=memcpy
RA=00032be9
DST=00131058
SRC=00119ad8
LEN=7
DATA=55424e542d5753
---
FUNC=memcpy
RA=00032be9
DST=00148aa4
SRC=00130420
LEN=6
DATA=726164696f30
---
FUNC=memcpy
RA=000467f3
DST=beea6808
SRC=000b5cc5
LEN=12
DATA=4c6f5261206966616365205b
---
FUNC=memcpy
RA=00032be9
DST=00149c58
SRC=0014d910
LEN=23
DATA=4472697665723a2073783133303240726164696f303a20
---
FUNC=memcpy
RA=00032be9
DST=00148ae4
SRC=00130454
LEN=7
DATA=53656d74656368
---
FUNC=memcpy
RA=00032be9
DST=00148afc
SRC=0013046c
LEN=6
DATA=535831333032
---
FUNC=memcpy
RA=00032be9
DST=00148b14
SRC=0013043c
LEN=6
DATA=737831333032
---
FUNC=memcpy
RA=000467f3
DST=0014d478
SRC=000b5cd2
LEN=17
DATA=30303a30303a30303a30303a30303a3030
---
FUNC=memset
RA=00032679
DST=00148830
VAL=0
LEN=6
---
FUNC=memcpy
RA=000467f3
DST=beea6758
SRC=000b0769
LEN=7
DATA=64656661756c74
---
FUNC=memcpy
RA=000467f3
DST=beea67f0
SRC=000b5a14
LEN=9
DATA=5265626f6f74696e67
---
FUNC=memset
RA=000642f7
DST=0008a6f0
VAL=0
LEN=156
---
FUNC=memset
RA=000642f7
DST=0008a790
VAL=0
LEN=124
---
FUNC=memset
RA=000642f7
DST=0008aa18
VAL=0
LEN=16
---
FUNC=memset
RA=000642f7
DST=0008aa30
VAL=0
LEN=16
---
FUNC=memset
RA=000642f7
DST=0008aa48
VAL=0
LEN=16
---
FUNC=memset
RA=000642f7
DST=0008aa60
VAL=0
LEN=16
---
FUNC=memset
RA=000642f7
DST=0008aa78
VAL=0
LEN=16
---
FUNC=memset
RA=000642f7
DST=0008aa90
VAL=0
LEN=16
---
FUNC=memset
RA=000642f7
DST=0008aaa8
VAL=0
LEN=16
---
FUNC=memset
RA=000642f7
DST=0008aac0
VAL=0
LEN=16
---
FUNC=memset
RA=000642f7
DST=0008aad8
VAL=0
LEN=16
---
FUNC=memset
RA=000642f7
DST=0008aaf0
VAL=0
LEN=10
---
FUNC=memcpy
RA=0005445d
DST=0008aaf5
SRC=000898b0
LEN=4
DATA=31353839
---
FUNC=memset
RA=000642f7
DST=0008ab00
VAL=0
LEN=16
---
FUNC=memset
RA=000642f7
DST=0008ab18
VAL=0
LEN=8
---
FUNC=memset
RA=000642f7
DST=0008ab28
VAL=0
LEN=32
---
FUNC=memcpy
RA=0005445d
DST=0008ab31
SRC=becbb981
LEN=22
DATA=61242864726f7062656172202d52202d702032322962
---
FUNC=memset
RA=000642f7
DST=0008ab50
VAL=0
LEN=16
---
FUNC=memset
RA=000642f7
DST=0008ab80
VAL=0
LEN=24
---
FUNC=memcpy
RA=0005445d
DST=0008ab84
SRC=0008ab68
LEN=19
DATA=2f7661722f6574632f70657273697374656e74
---
FUNC=memcpy
RA=0004f8e5
DST=0008a38c
SRC=becbbef5
LEN=28
DATA=2f7573722f62696e2f72657365745f6c67772e736820737461727400
---
FUNC=memset
RA=000642f7
DST=0008aba0
VAL=0
LEN=76
---
FUNC=memset
RA=00027257
DST=0008a3c4
VAL=0
LEN=16
---
FUNC=memset
RA=00027257
DST=0008a3dc
VAL=0
LEN=16
---
FUNC=memset
RA=00027217
DST=0008a3ec
VAL=0
LEN=20
---
FUNC=memset
RA=00025b7b
DST=0008a41c
VAL=0
LEN=8
---
FUNC=memset
RA=00025b7b
DST=0008a42c
VAL=0
LEN=8
---
FUNC=memset
RA=000642f7
DST=0008abf0
VAL=0
LEN=8
---
FUNC=memset
RA=000642f7
DST=0008a6f0
VAL=0
LEN=156
---
FUNC=memset
RA=000642f7
DST=0008a790
VAL=0
LEN=124
---
FUNC=memset
RA=000642f7
DST=0008aa18
VAL=0
LEN=16
---
FUNC=memset
RA=000642f7
DST=0008aa30
VAL=0
LEN=16
---
FUNC=memset
RA=000642f7
DST=0008aa48
VAL=0
LEN=16
---
FUNC=memset
RA=000642f7
DST=0008aa60
VAL=0
LEN=16
---
FUNC=memset
RA=000642f7
DST=0008aa78
VAL=0
LEN=16
---
FUNC=memset
RA=000642f7
DST=0008aa90
VAL=0
LEN=16
---
FUNC=memset
RA=000642f7
DST=0008aaa8
VAL=0
LEN=16
---
FUNC=memset
RA=000642f7
DST=0008aac0
VAL=0
LEN=16
---
FUNC=memset
RA=000642f7
DST=0008aad8
VAL=0
LEN=16
---
FUNC=memset
RA=000642f7
DST=0008aaf0
VAL=0
LEN=10
---
FUNC=memcpy
RA=0005445d
DST=0008aaf5
SRC=000898b0
LEN=4
DATA=31353839
---
FUNC=memset
RA=000642f7
DST=0008ab00
VAL=0
LEN=16
---
FUNC=memset
RA=000642f7
DST=0008ab18
VAL=0
LEN=8
---
FUNC=memset
RA=000642f7
DST=0008ab28
VAL=0
LEN=32
---
FUNC=memcpy
RA=0005445d
DST=0008ab31
SRC=beef3971
LEN=22
DATA=61242864726f7062656172202d52202d702032322962
---
FUNC=memset
RA=000642f7
DST=0008ab50
VAL=0
LEN=16
---
FUNC=memset
RA=000642f7
DST=0008ab80
VAL=0
LEN=24
---
FUNC=memcpy
RA=0005445d
DST=0008ab84
SRC=0008ab68
LEN=19
DATA=2f7661722f6574632f70657273697374656e74
---
FUNC=memset
RA=00027257
DST=0008a3a4
VAL=0
LEN=16
---
FUNC=memset
RA=00027217
DST=0008a3b4
VAL=0
LEN=20
---
FUNC=memset
RA=00025983
DST=0008a3ec
VAL=0
LEN=8
---
FUNC=memset
RA=000642f7
DST=0008aba0
VAL=0
LEN=16
---
FUNC=memset
RA=00027257
DST=0008a3a4
VAL=0
LEN=16
---
FUNC=memset
RA=00027217
DST=0008a3b4
VAL=0
LEN=20
---
FUNC=memset
RA=00025983
DST=0008a3ec
VAL=0
LEN=8
---
FUNC=memset
RA=000642f7
DST=0008abd0
VAL=0
LEN=16
---
FUNC=memset
RA=00027257
DST=0008a3a4
VAL=0
LEN=16
---
FUNC=memset
RA=00027217
DST=0008a3b4
VAL=0
LEN=20
---
FUNC=memset
RA=00025983
DST=0008a3ec
VAL=0
LEN=8
---
FUNC=memset
RA=000642f7
DST=0008ac08
VAL=0
LEN=16
---
FUNC=memset
RA=00027257
DST=0008a39c
VAL=0
LEN=16
---
FUNC=memset
RA=00027257
DST=0008a3bc
VAL=0
LEN=16
---
FUNC=memset
RA=00027257
DST=0008a3d4
VAL=0
LEN=16
---
FUNC=memset
RA=00027217
DST=0008a3e4
VAL=0
LEN=20
---
FUNC=memset
RA=000642f7
DST=0008ac38
VAL=0
LEN=108
---
FUNC=memset
RA=000642f7
DST=0008aca8
VAL=0
LEN=25
---
FUNC=memset
RA=00027257
DST=0008a394
VAL=0
LEN=16
---
FUNC=memset
RA=00027257
DST=0008a3b4
VAL=0
LEN=16
---
FUNC=memset
RA=00027257
DST=0008a3dc
VAL=0
LEN=16
---
FUNC=memset
RA=00026061
DST=0008a3ec
VAL=0
LEN=24
---
FUNC=memset
RA=0004f6ad
DST=0008a41c
VAL=0
LEN=16
---
FUNC=memset
RA=00027217
DST=0008a42c
VAL=0
LEN=20
---
FUNC=memset
RA=00027257
DST=0008a44c
VAL=0
LEN=16
---
FUNC=memset
RA=00027257
DST=0008a474
VAL=0
LEN=16
---
FUNC=memset
RA=00026061
DST=0008a484
VAL=0
LEN=24
---
FUNC=memset
RA=0004f6ad
DST=0008a4b4
VAL=0
LEN=16
---
FUNC=memset
RA=00027217
DST=0008a4c4
VAL=0
LEN=20
---
FUNC=memset
RA=0004f83b
DST=0008a4dc
VAL=0
LEN=12
---
FUNC=memset
RA=00027257
DST=0008a4f4
VAL=0
LEN=16
---
FUNC=memset
RA=00027257
DST=0008a524
VAL=0
LEN=16
---
FUNC=memset
RA=00026061
DST=0008a534
VAL=0
LEN=24
---
FUNC=memset
RA=0004f6ad
DST=0008a564
VAL=0
LEN=16
---
FUNC=memset
RA=00027217
DST=0008accc
VAL=0
LEN=20
---
FUNC=memset
RA=0004f83b
DST=0008ace4
VAL=0
LEN=12
---
FUNC=memset
RA=00027257
DST=0008acfc
VAL=0
LEN=16
---
FUNC=memset
RA=00027257
DST=0008ad14
VAL=0
LEN=16
---
FUNC=memset
RA=00026061
DST=0008ad24
VAL=0
LEN=24
---
FUNC=memset
RA=0004f6ad
DST=0008ad74
VAL=0
LEN=16
---
FUNC=memset
RA=00027217
DST=0008ad84
VAL=0
LEN=20
---
FUNC=memset
RA=0004f83b
DST=0008ad9c
VAL=0
LEN=12
---
FUNC=memset
RA=00027257
DST=0008adb4
VAL=0
LEN=16
---
FUNC=memset
RA=00027257
DST=0008adcc
VAL=0
LEN=16
---
FUNC=memset
RA=00026061
DST=0008addc
VAL=0
LEN=24
---
FUNC=memset
RA=0004f6ad
DST=0008ae2c
VAL=0
LEN=16
---
FUNC=memset
RA=00027217
DST=0008ae3c
VAL=0
LEN=20
---
FUNC=memset
RA=0004f83b
DST=0008ae54
VAL=0
LEN=12
---
FUNC=memset
RA=00027257
DST=0008ae6c
VAL=0
LEN=16
---
FUNC=memset
RA=00027257
DST=0008ae84
VAL=0
LEN=16
---
FUNC=memset
RA=00026061
DST=0008ae94
VAL=0
LEN=24
---
FUNC=memcpy
RA=00054917
DST=0008aecc
SRC=0008aeac
LEN=24
DATA=2f7379732f636c6173732f6770696f2f6770696f82005358
---
FUNC=memset
RA=0004f6ad
DST=0008af04
VAL=0
LEN=16
---
FUNC=memset
RA=00027217
DST=0008af14
VAL=0
LEN=20
---
FUNC=memset
RA=0004f83b
DST=0008af2c
VAL=0
LEN=12
---
FUNC=memset
RA=000642f7
DST=0008b500
VAL=0
LEN=20
---
FUNC=memset
RA=00027257
DST=0008a394
VAL=0
LEN=16
---
FUNC=memset
RA=00027257
DST=0008a3b4
VAL=0
LEN=16
---
FUNC=memset
RA=00027257
DST=0008a3cc
VAL=0
LEN=16
---
FUNC=memset
RA=00026061
DST=0008a3dc
VAL=0
LEN=24
---
FUNC=memset
RA=0004f6ad
DST=0008a42c
VAL=0
LEN=16
---
FUNC=memset
RA=00027217
DST=0008a43c
VAL=0
LEN=20
---
FUNC=memset
RA=00027257
DST=0008a464
VAL=0
LEN=16
---
FUNC=memset
RA=00027217
DST=0008a474
VAL=0
LEN=20
---
FUNC=memset
RA=0004f83b
DST=0008a48c
VAL=0
LEN=12
---
FUNC=memset
RA=00027257
DST=0008a4a4
VAL=0
LEN=16
---
FUNC=memset
RA=00027257
DST=0008a4bc
VAL=0
LEN=16
---
FUNC=memset
RA=00026061
DST=0008a4cc
VAL=0
LEN=24
---
FUNC=memset
RA=0004f6ad
DST=0008a514
VAL=0
LEN=16
---
FUNC=memset
RA=00027217
DST=0008a524
VAL=0
LEN=20
---
FUNC=memset
RA=0004f83b
DST=0008a53c
VAL=0
LEN=12
---
FUNC=memset
RA=00027257
DST=0008a55c
VAL=0
LEN=16
---
FUNC=memset
RA=00027217
DST=0008a56c
VAL=0
LEN=20
---
FUNC=memset
RA=0004f83b
DST=0008accc
VAL=0
LEN=12
---
FUNC=memset
RA=00027257
DST=0008ace4
VAL=0
LEN=16
---
FUNC=memset
RA=00027257
DST=0008acfc
VAL=0
LEN=16
---
FUNC=memset
RA=00026061
DST=0008ad0c
VAL=0
LEN=24
---
FUNC=memset
RA=0004f6ad
DST=0008ad54
VAL=0
LEN=16
---
FUNC=memset
RA=00027217
DST=0008ad64
VAL=0
LEN=20
---
FUNC=memset
RA=0004f83b
DST=0008ad7c
VAL=0
LEN=12
---
FUNC=memset
RA=00027257
DST=0008ad9c
VAL=0
LEN=16
---
FUNC=memset
RA=00027217
DST=0008adac
VAL=0
LEN=20
---
FUNC=memset
RA=0004f83b
DST=0008adc4
VAL=0
LEN=12
---
FUNC=memset
RA=00027257
DST=0008addc
VAL=0
LEN=16
---
FUNC=memset
RA=00027257
DST=0008adf4
VAL=0
LEN=16
---
FUNC=memset
RA=00026061
DST=0008ae04
VAL=0
LEN=24
---
FUNC=memset
RA=0004f6ad
DST=0008ae4c
VAL=0
LEN=16
---
FUNC=memset
RA=00027217
DST=0008ae5c
VAL=0
LEN=20
---
FUNC=memset
RA=0004f83b
DST=0008ae74
VAL=0
LEN=12
---
FUNC=memset
RA=00027257
DST=0008ae94
VAL=0
LEN=16
---
FUNC=memset
RA=00027217
DST=0008aea4
VAL=0
LEN=20
---
FUNC=memset
RA=0004f83b
DST=0008aecc
VAL=0
LEN=12
---
FUNC=memset
RA=00027257
DST=0008aee4
VAL=0
LEN=16
---
FUNC=memset
RA=00027257
DST=0008aefc
VAL=0
LEN=16
---
FUNC=memset
RA=00026061
DST=0008af0c
VAL=0
LEN=24
---
FUNC=memset
RA=0004f6ad
DST=0008af54
VAL=0
LEN=16
---
FUNC=memset
RA=00027217
DST=0008af64
VAL=0
LEN=20
---
FUNC=memset
RA=0004f83b
DST=0008af7c
VAL=0
LEN=12
---
FUNC=memset
RA=00027257
DST=0008af9c
VAL=0
LEN=16
---
FUNC=memset
RA=00027217
DST=0008afac
VAL=0
LEN=20
---
FUNC=memset
RA=0004f83b
DST=0008afc4
VAL=0
LEN=12
---
FUNC=memset
RA=000642f7
DST=0008ba08
VAL=0
LEN=21
---
FUNC=memset
RA=00027257
DST=0008a394
VAL=0
LEN=16
---
FUNC=memset
RA=00026dfd
DST=0008a3b4
VAL=0
LEN=16
---
FUNC=memset
RA=00027257
DST=0008a3cc
VAL=0
LEN=16
---
FUNC=memset
RA=00027257
DST=0008a3e4
VAL=0
LEN=16
---
FUNC=memset
RA=00027257
DST=0008a41c
VAL=0
LEN=16
---
FUNC=memset
RA=00027257
DST=0008a434
VAL=0
LEN=16
---
FUNC=memset
RA=00027217
DST=0008a444
VAL=0
LEN=20
---
FUNC=memset
RA=00027257
DST=0008a46c
VAL=0
LEN=16
---
FUNC=memset
RA=00027257
DST=0008a494
VAL=0
LEN=16
---
FUNC=memset
RA=00026061
DST=0008a4a4
VAL=0
LEN=24
---
FUNC=memset
RA=0004f6ad
DST=0008a4dc
VAL=0
LEN=16
---
FUNC=memset
RA=00027217
DST=0008a4ec
VAL=0
LEN=20
---
FUNC=memset
RA=00026dfd
DST=0008a514
VAL=0
LEN=16
---
FUNC=memset
RA=00027257
DST=0008a52c
VAL=0
LEN=16
---
FUNC=memset
RA=00027257
DST=0008a544
VAL=0
LEN=16
---
FUNC=memset
RA=00027257
DST=0008accc
VAL=0
LEN=16
---
FUNC=memset
RA=00027257
DST=0008ace4
VAL=0
LEN=16
---
FUNC=memset
RA=00027217
DST=0008acf4
VAL=0
LEN=20
---
FUNC=memset
RA=00027257
DST=0008ad1c
VAL=0
LEN=16
---
FUNC=memset
RA=00027257
DST=0008ad44
VAL=0
LEN=16
---
FUNC=memset
RA=00026061
DST=0008ad54
VAL=0
LEN=24
---
FUNC=memset
RA=0004f6ad
DST=0008ad8c
VAL=0
LEN=16
---
FUNC=memset
RA=00027217
DST=0008ad9c
VAL=0
LEN=20
---
FUNC=memset
RA=0004f83b
DST=0008adbc
VAL=0
LEN=12
---
FUNC=memset
RA=00026dfd
DST=0008add4
VAL=0
LEN=16
---
FUNC=memset
RA=00027257
DST=0008adec
VAL=0
LEN=16
---
FUNC=memset
RA=00027257
DST=0008ae04
VAL=0
LEN=16
---
FUNC=memset
RA=00027257
DST=0008ae44
VAL=0
LEN=16
---
FUNC=memset
RA=00027257
DST=0008ae5c
VAL=0
LEN=16
---
FUNC=memset
RA=00027217
DST=0008ae6c
VAL=0
LEN=20
---
FUNC=memset
RA=00027257
DST=0008ae94
VAL=0
LEN=16
---
FUNC=memset
RA=00027257
DST=0008aecc
VAL=0
LEN=16
---
FUNC=memset
RA=00026061
DST=0008aedc
VAL=0
LEN=24
---
FUNC=memset
RA=0004f6ad
DST=0008af14
VAL=0
LEN=16
---
FUNC=memset
RA=00027217
DST=0008af24
VAL=0
LEN=20
---
FUNC=memset
RA=0004f83b
DST=0008af44
VAL=0
LEN=12
---
FUNC=memset
RA=000642f7
DST=0008be50
VAL=0
LEN=20
---
FUNC=memset
RA=00026ff1
DST=0008a394
VAL=0
LEN=16
---
FUNC=memset
RA=00027015
DST=0008a3ac
VAL=0
LEN=16
---
FUNC=memset
RA=0002707d
DST=0008a3cc
VAL=0
LEN=16
---
FUNC=memset
RA=0002708f
DST=0008a3dc
VAL=0
LEN=16
---
FUNC=memset
RA=00027257
DST=0008a3f4
VAL=0
LEN=16
---
FUNC=memset
RA=00027217
DST=0008a404
VAL=0
LEN=20
---
FUNC=memset
RA=00027257
DST=0008a424
VAL=0
LEN=16
---
FUNC=memset
RA=00027217
DST=0008a434
VAL=0
LEN=20
---
FUNC=memset
RA=0004f83b
DST=0008a44c
VAL=0
LEN=12
---
FUNC=memset
RA=00027257
DST=0008a464
VAL=0
LEN=16
---
FUNC=memset
RA=00027217
DST=0008a474
VAL=0
LEN=20
---
FUNC=memset
RA=0004f83b
DST=0008a48c
VAL=0
LEN=12
---
FUNC=memset
RA=0002707d
DST=0008a4a4
VAL=0
LEN=16
---
FUNC=memset
RA=0002708f
DST=0008a4b4
VAL=0
LEN=16
---
FUNC=memset
RA=00027257
DST=0008a4cc
VAL=0
LEN=16
---
FUNC=memset
RA=00027217
DST=0008a4dc
VAL=0
LEN=20
---
FUNC=memset
RA=00027257
DST=0008a4fc
VAL=0
LEN=16
---
FUNC=memset
RA=00027217
DST=0008a50c
VAL=0
LEN=20
---
FUNC=memset
RA=0004f83b
DST=0008a524
VAL=0
LEN=12
---
FUNC=memset
RA=0002707d
DST=0008a53c
VAL=0
LEN=16
---
FUNC=memset
RA=0002708f
DST=0008a54c
VAL=0
LEN=16
---
FUNC=memset
RA=00027257
DST=0008a564
VAL=0
LEN=16
---
FUNC=memcpy
RA=00054917
DST=0008accc
SRC=0008a574
LEN=16
DATA=885573616765813a208201303d000000
---
FUNC=memset
RA=00027257
DST=0008acec
VAL=0
LEN=16
---
FUNC=memset
RA=00027217
DST=0008acfc
VAL=0
LEN=20
---
FUNC=memset
RA=00027257
DST=0008ad1c
VAL=0
LEN=16
---
FUNC=memset
RA=00027257
DST=0008ad34
VAL=0
LEN=16
---
FUNC=memset
RA=00027217
DST=0008ad44
VAL=0
LEN=20
---
FUNC=memset
RA=0004f83b
DST=0008ad5c
VAL=0
LEN=12
---
FUNC=memset
RA=00025983
DST=0008ad7c
VAL=0
LEN=8
---
FUNC=memset
RA=00025b7b
DST=0008ad8c
VAL=0
LEN=8
---
FUNC=memset
RA=000642f7
DST=0008be68
VAL=0
LEN=8
---
FUNC=memset
RA=00025b7b
DST=0008adac
VAL=0
LEN=8
---
FUNC=memset
RA=000642f7
DST=0008be78
VAL=0
LEN=17
---
FUNC=memset
RA=00025b7b
DST=0008adbc
VAL=0
LEN=8
---
FUNC=memset
RA=00025b7b
DST=0008addc
VAL=0
LEN=8
---
FUNC=memset
RA=00025b7b
DST=0008adec
VAL=0
LEN=8
---
FUNC=memset
RA=000642f7
DST=0008be90
VAL=0
LEN=8
---
FUNC=memset
RA=00025b7b
DST=0008adac
VAL=0
LEN=8
---
FUNC=memset
RA=000642f7
DST=0008c048
VAL=0
LEN=20
---
FUNC=memset
RA=00025b7b
DST=0008adbc
VAL=0
LEN=8
---
FUNC=memset
RA=000642f7
DST=0008be90
VAL=0
LEN=8
---
FUNC=memset
RA=00025983
DST=0008adf4
VAL=0
LEN=8
---
FUNC=memset
RA=000642f7
DST=0008c060
VAL=0
LEN=16
---
FUNC=memset
RA=00025b7b
DST=0008adac
VAL=0
LEN=8
---
FUNC=memset
RA=00025b7b
DST=0008adbc
VAL=0
LEN=8
---
FUNC=memset
RA=00025b7b
DST=0008addc
VAL=0
LEN=8
---
FUNC=memset
RA=00025b7b
DST=0008adec
VAL=0
LEN=8
---
FUNC=memset
RA=000642f7
DST=0008be90
VAL=0
LEN=8
---
FUNC=memset
RA=00025b7b
DST=0008adac
VAL=0
LEN=8
---
FUNC=memset
RA=00025b7b
DST=0008adbc
VAL=0
LEN=8
---
FUNC=memset
RA=000642f7
DST=0008be90
VAL=0
LEN=8
---
FUNC=memset
RA=00025983
DST=0008adf4
VAL=0
LEN=8
---
FUNC=memset
RA=000642f7
DST=0008c060
VAL=0
LEN=16
---
FUNC=memset
RA=00025b7b
DST=0008adac
VAL=0
LEN=8
---
FUNC=memset
RA=00025b7b
DST=0008adbc
VAL=0
LEN=8
---
FUNC=memset
RA=00025b7b
DST=0008addc
VAL=0
LEN=8
---
FUNC=memset
RA=00025b7b
DST=0008adec
VAL=0
LEN=8
---
FUNC=memset
RA=000642f7
DST=0008be90
VAL=0
LEN=8
---
FUNC=memset
RA=00025b7b
DST=0008adac
VAL=0
LEN=8
---
FUNC=memset
RA=00025b7b
DST=0008adbc
VAL=0
LEN=8
---
FUNC=memset
RA=000642f7
DST=0008be90
VAL=0
LEN=8
---
FUNC=memset
RA=00025983
DST=0008adf4
VAL=0
LEN=8
---
FUNC=memset
RA=000642f7
DST=0008c060
VAL=0
LEN=16
---
FUNC=memset
RA=00025b7b
DST=0008ad8c
VAL=0
LEN=8
---
FUNC=memset
RA=000642f7
DST=0008be68
VAL=0
LEN=8
---
FUNC=memset
RA=00025b7b
DST=0008adac
VAL=0
LEN=8
---
FUNC=memset
RA=00025b7b
DST=0008adbc
VAL=0
LEN=8
---
FUNC=memset
RA=000642f7
DST=0008be90
VAL=0
LEN=8
---
FUNC=memset
RA=00025983
DST=0008adec
VAL=0
LEN=8
---
FUNC=memset
RA=000642f7
DST=0008c060
VAL=0
LEN=16
---
FUNC=memset
RA=00025b7b
DST=0008adac
VAL=0
LEN=8
---
FUNC=memset
RA=00025b7b
DST=0008adbc
VAL=0
LEN=8
---
FUNC=memset
RA=000642f7
DST=0008be90
VAL=0
LEN=8
---
FUNC=memset
RA=00025983
DST=0008adec
VAL=0
LEN=8
---
FUNC=memset
RA=000642f7
DST=0008c060
VAL=0
LEN=16
---
FUNC=memset
RA=00025b7b
DST=0008adac
VAL=0
LEN=8
---
FUNC=memset
RA=00025b7b
DST=0008adbc
VAL=0
LEN=8
---
FUNC=memset
RA=000642f7
DST=0008be90
VAL=0
LEN=8
---
FUNC=memset
RA=00025983
DST=0008adec
VAL=0
LEN=8
---
FUNC=memset
RA=000642f7
DST=0008c060
VAL=0
LEN=16
---
FUNC=memset
RA=00025b7b
DST=0008adac
VAL=0
LEN=8
---
FUNC=memset
RA=00025b7b
DST=0008adbc
VAL=0
LEN=8
---
FUNC=memset
RA=000642f7
DST=0008be90
VAL=0
LEN=8
---
FUNC=memset
RA=00025983
DST=0008adfc
VAL=0
LEN=8
---
FUNC=memset
RA=000642f7
DST=0008c060
VAL=0
LEN=16
---
FUNC=memset
RA=00025b7b
DST=0008adac
VAL=0
LEN=8
---
FUNC=memset
RA=00025b7b
DST=0008adbc
VAL=0
LEN=8
---
FUNC=memset
RA=000642f7
DST=0008be90
VAL=0
LEN=8
---
FUNC=memset
RA=00025983
DST=0008adfc
VAL=0
LEN=8
---
FUNC=memset
RA=000642f7
DST=0008c060
VAL=0
LEN=16
---
FUNC=memset
RA=00025b7b
DST=0008adac
VAL=0
LEN=8
---
FUNC=memset
RA=00025b7b
DST=0008adbc
VAL=0
LEN=8
---
FUNC=memset
RA=000642f7
DST=0008be90
VAL=0
LEN=8
---
FUNC=memset
RA=00025983
DST=0008adf4
VAL=0
LEN=8
---
FUNC=memset
RA=000642f7
DST=0008c060
VAL=0
LEN=16
---
FUNC=memset
RA=00025b7b
DST=0008ad8c
VAL=0
LEN=8
---
FUNC=memset
RA=000642f7
DST=0008be68
VAL=0
LEN=8
---
FUNC=memset
RA=00025b7b
DST=0008adac
VAL=0
LEN=8
---
FUNC=memset
RA=00025b7b
DST=0008adbc
VAL=0
LEN=8
---
FUNC=memset
RA=000642f7
DST=0008be90
VAL=0
LEN=8
---
FUNC=memset
RA=00025983
DST=0008adf4
VAL=0
LEN=8
---
FUNC=memset
RA=000642f7
DST=0008c060
VAL=0
LEN=16
---
FUNC=memset
RA=00025b7b
DST=0008adb4
VAL=0
LEN=8
---
FUNC=memset
RA=000642f7
DST=0008be90
VAL=0
LEN=8
---
FUNC=memset
RA=00025b7b
DST=0008add4
VAL=0
LEN=8
---
FUNC=memset
RA=00025b7b
DST=0008ade4
VAL=0
LEN=8
---
FUNC=memset
RA=000642f7
DST=0008c078
VAL=0
LEN=8
---
FUNC=memset
RA=000642f7
DST=0008c088
VAL=0
LEN=22
---
FUNC=memset
RA=00025b7b
DST=0008adac
VAL=0
LEN=8
---
FUNC=memset
RA=00025b7b
DST=0008adbc
VAL=0
LEN=8
---
FUNC=memset
RA=000642f7
DST=0008be90
VAL=0
LEN=8
---
FUNC=memset
RA=00025983
DST=0008adf4
VAL=0
LEN=8
---
FUNC=memset
RA=000642f7
DST=0008c060
VAL=0
LEN=16
---
FUNC=memset
RA=00025b7b
DST=0008adb4
VAL=0
LEN=8
---
FUNC=memset
RA=000642f7
DST=0008be90
VAL=0
LEN=8
---
FUNC=memset
RA=00025b7b
DST=0008add4
VAL=0
LEN=8
---
FUNC=memset
RA=00025b7b
DST=0008ade4
VAL=0
LEN=8
---
FUNC=memset
RA=000642f7
DST=0008c078
VAL=0
LEN=8
---
FUNC=memset
RA=00025b7b
DST=0008adac
VAL=0
LEN=8
---
FUNC=memset
RA=00025b7b
DST=0008adbc
VAL=0
LEN=8
---
FUNC=memset
RA=000642f7
DST=0008be90
VAL=0
LEN=8
---
FUNC=memset
RA=00025983
DST=0008adf4
VAL=0
LEN=8
---
FUNC=memset
RA=000642f7
DST=0008c060
VAL=0
LEN=16
---
FUNC=memset
RA=00025b7b
DST=0008adb4
VAL=0
LEN=8
---
FUNC=memset
RA=000642f7
DST=0008be90
VAL=0
LEN=8
---
FUNC=memset
RA=00025b7b
DST=0008add4
VAL=0
LEN=8
---
FUNC=memset
RA=00025b7b
DST=0008ade4
VAL=0
LEN=8
---
FUNC=memset
RA=000642f7
DST=0008c078
VAL=0
LEN=8
---
FUNC=memset
RA=00025b7b
DST=0008adac
VAL=0
LEN=8
---
FUNC=memset
RA=00025b7b
DST=0008adbc
VAL=0
LEN=8
---
FUNC=memset
RA=000642f7
DST=0008be90
VAL=0
LEN=8
---
FUNC=memset
RA=00025983
DST=0008adf4
VAL=0
LEN=8
---
FUNC=memset
RA=000642f7
DST=0008c060
VAL=0
LEN=16
---
FUNC=memset
RA=00025b7b
DST=0008adb4
VAL=0
LEN=8
---
FUNC=memset
RA=000642f7
DST=0008be90
VAL=0
LEN=8
---
FUNC=memset
RA=00025b7b
DST=0008add4
VAL=0
LEN=8
---
FUNC=memset
RA=00025b7b
DST=0008ade4
VAL=0
LEN=8
---
FUNC=memset
RA=000642f7
DST=0008c078
VAL=0
LEN=8
---
FUNC=memset
RA=00025b7b
DST=0008adac
VAL=0
LEN=8
---
FUNC=memset
RA=00025b7b
DST=0008adbc
VAL=0
LEN=8
---
FUNC=memset
RA=000642f7
DST=0008be90
VAL=0
LEN=8
---
FUNC=memset
RA=00025983
DST=0008adf4
VAL=0
LEN=8
---
FUNC=memset
RA=000642f7
DST=0008c060
VAL=0
LEN=16
---
FUNC=memset
RA=00025b7b
DST=0008adb4
VAL=0
LEN=8
---
FUNC=memset
RA=000642f7
DST=0008be90
VAL=0
LEN=8
---
FUNC=memset
RA=00025b7b
DST=0008add4
VAL=0
LEN=8
---
FUNC=memset
RA=00025b7b
DST=0008ade4
VAL=0
LEN=8
---
FUNC=memset
RA=000642f7
DST=0008c078
VAL=0
LEN=8
---
FUNC=memset
RA=00027257
DST=0008a394
VAL=0
LEN=16
---
FUNC=memset
RA=00027257
DST=0008a3ac
VAL=0
LEN=16
---
FUNC=memset
RA=00027217
DST=0008a3bc
VAL=0
LEN=20
---
FUNC=memset
RA=00025b7b
DST=0008a3dc
VAL=0
LEN=8
---
FUNC=memset
RA=000642f7
DST=0008c060
VAL=0
LEN=20
---
FUNC=memset
RA=00025b7b
DST=0008a3ec
VAL=0
LEN=8
---
FUNC=memcpy
RA=0007c5c5
DST=b67d1810
SRC=000c4c7c
LEN=8
DATA=4472697665723a20
---
FUNC=memcpy
RA=000467f3
DST=beea68b8
SRC=000b5a27
LEN=7
DATA=456e61626c6564
---
FUNC=memcpy
RA=0007c5c5
DST=b67d17e0
SRC=000c4c7c
LEN=8
DATA=4472697665723a20
---
FUNC=memcpy
RA=000467f3
DST=beea68b8
SRC=000b5a14
LEN=9
DATA=5265626f6f74696e67
---
FUNC=memset
RA=000642f7
DST=0008a6f0
VAL=0
LEN=156
---
FUNC=memset
RA=000642f7
DST=0008a790
VAL=0
LEN=124
---
FUNC=memset
RA=000642f7
DST=0008aa18
VAL=0
LEN=16
---
FUNC=memset
RA=000642f7
DST=0008aa30
VAL=0
LEN=16
---
FUNC=memset
RA=000642f7
DST=0008aa48
VAL=0
LEN=16
---
FUNC=memset
RA=000642f7
DST=0008aa60
VAL=0
LEN=16
---
FUNC=memset
RA=000642f7
DST=0008aa78
VAL=0
LEN=16
---
FUNC=memset
RA=000642f7
DST=0008aa90
VAL=0
LEN=16
---
FUNC=memset
RA=000642f7
DST=0008aaa8
VAL=0
LEN=16
---
FUNC=memset
RA=000642f7
DST=0008aac0
VAL=0
LEN=16
---
FUNC=memset
RA=000642f7
DST=0008aad8
VAL=0
LEN=16
---
FUNC=memset
RA=000642f7
DST=0008aaf0
VAL=0
LEN=10
---
FUNC=memcpy
RA=0005445d
DST=0008aaf5
SRC=000898b0
LEN=4
DATA=31353839
---
FUNC=memset
RA=000642f7
DST=0008ab00
VAL=0
LEN=16
---
FUNC=memset
RA=000642f7
DST=0008ab18
VAL=0
LEN=8
---
FUNC=memset
RA=000642f7
DST=0008ab28
VAL=0
LEN=32
---
FUNC=memcpy
RA=0005445d
DST=0008ab31
SRC=beb9f981
LEN=22
DATA=61242864726f7062656172202d52202d702032322962
---
FUNC=memset
RA=000642f7
DST=0008ab50
VAL=0
LEN=16
---
FUNC=memset
RA=000642f7
DST=0008ab80
VAL=0
LEN=24
---
FUNC=memcpy
RA=0005445d
DST=0008ab84
SRC=0008ab68
LEN=19
DATA=2f7661722f6574632f70657273697374656e74
---
FUNC=memcpy
RA=0004f8e5
DST=0008a38c
SRC=beb9fef5
LEN=28
DATA=2f7573722f62696e2f72657365745f6c67772e736820737461727400
---
FUNC=memset
RA=000642f7
DST=0008aba0
VAL=0
LEN=76
---
FUNC=memset
RA=00027257
DST=0008a3c4
VAL=0
LEN=16
---
FUNC=memset
RA=00027257
DST=0008a3dc
VAL=0
LEN=16
---
FUNC=memset
RA=00027217
DST=0008a3ec
VAL=0
LEN=20
---
FUNC=memset
RA=00025b7b
DST=0008a41c
VAL=0
LEN=8
---
FUNC=memset
RA=00025b7b
DST=0008a42c
VAL=0
LEN=8
---
FUNC=memset
RA=000642f7
DST=0008abf0
VAL=0
LEN=8
---
FUNC=memset
RA=000642f7
DST=0008a6f0
VAL=0
LEN=156
---
FUNC=memset
RA=000642f7
DST=0008a790
VAL=0
LEN=124
---
FUNC=memset
RA=000642f7
DST=0008aa18
VAL=0
LEN=16
---
FUNC=memset
RA=000642f7
DST=0008aa30
VAL=0
LEN=16
---
FUNC=memset
RA=000642f7
DST=0008aa48
VAL=0
LEN=16
---
FUNC=memset
RA=000642f7
DST=0008aa60
VAL=0
LEN=16
---
FUNC=memset
RA=000642f7
DST=0008aa78
VAL=0
LEN=16
---
FUNC=memset
RA=000642f7
DST=0008aa90
VAL=0
LEN=16
---
FUNC=memset
RA=000642f7
DST=0008aaa8
VAL=0
LEN=16
---
FUNC=memset
RA=000642f7
DST=0008aac0
VAL=0
LEN=16
---
FUNC=memset
RA=000642f7
DST=0008aad8
VAL=0
LEN=16
---
FUNC=memset
RA=000642f7
DST=0008aaf0
VAL=0
LEN=10
---
FUNC=memcpy
RA=0005445d
DST=0008aaf5
SRC=000898b0
LEN=4
DATA=31353839
---
FUNC=memset
RA=000642f7
DST=0008ab00
VAL=0
LEN=16
---
FUNC=memset
RA=000642f7
DST=0008ab18
VAL=0
LEN=8
---
FUNC=memset
RA=000642f7
DST=0008ab28
VAL=0
LEN=32
---
FUNC=memcpy
RA=0005445d
DST=0008ab31
SRC=bef50971
LEN=22
DATA=61242864726f7062656172202d52202d702032322962
---
FUNC=memset
RA=000642f7
DST=0008ab50
VAL=0
LEN=16
---
FUNC=memset
RA=000642f7
DST=0008ab80
VAL=0
LEN=24
---
FUNC=memcpy
RA=0005445d
DST=0008ab84
SRC=0008ab68
LEN=19
DATA=2f7661722f6574632f70657273697374656e74
---
FUNC=memset
RA=00027257
DST=0008a3a4
VAL=0
LEN=16
---
FUNC=memset
RA=00027217
DST=0008a3b4
VAL=0
LEN=20
---
FUNC=memset
RA=00025983
DST=0008a3ec
VAL=0
LEN=8
---
FUNC=memset
RA=000642f7
DST=0008aba0
VAL=0
LEN=16
---
FUNC=memset
RA=00027257
DST=0008a3a4
VAL=0
LEN=16
---
FUNC=memset
RA=00027217
DST=0008a3b4
VAL=0
LEN=20
---
FUNC=memset
RA=00025983
DST=0008a3ec
VAL=0
LEN=8
---
FUNC=memset
RA=000642f7
DST=0008abd0
VAL=0
LEN=16
---
FUNC=memset
RA=00027257
DST=0008a3a4
VAL=0
LEN=16
---
FUNC=memset
RA=00027217
DST=0008a3b4
VAL=0
LEN=20
---
FUNC=memset
RA=00025983
DST=0008a3ec
VAL=0
LEN=8
---
FUNC=memset
RA=000642f7
DST=0008ac08
VAL=0
LEN=16
---
FUNC=memset
RA=00027257
DST=0008a39c
VAL=0
LEN=16
---
FUNC=memset
RA=00027257
DST=0008a3bc
VAL=0
LEN=16
---
FUNC=memset
RA=00027257
DST=0008a3d4
VAL=0
LEN=16
---
FUNC=memset
RA=00027217
DST=0008a3e4
VAL=0
LEN=20
---
FUNC=memset
RA=000642f7
DST=0008ac38
VAL=0
LEN=108
---
FUNC=memset
RA=000642f7
DST=0008aca8
VAL=0
LEN=25
---
FUNC=memset
RA=00027257
DST=0008a394
VAL=0
LEN=16
---
FUNC=memset
RA=00027257
DST=0008a3b4
VAL=0
LEN=16
---
FUNC=memset
RA=00027257
DST=0008a3dc
VAL=0
LEN=16
---
FUNC=memset
RA=00026061
DST=0008a3ec
VAL=0
LEN=24
---
FUNC=memset
RA=0004f6ad
DST=0008a41c
VAL=0
LEN=16
---
FUNC=memset
RA=00027217
DST=0008a42c
VAL=0
LEN=20
---
FUNC=memset
RA=00027257
DST=0008a44c
VAL=0
LEN=16
---
FUNC=memset
RA=00027257
DST=0008a474
VAL=0
LEN=16
---
FUNC=memset
RA=00026061
DST=0008a484
VAL=0
LEN=24
---
FUNC=memset
RA=0004f6ad
DST=0008a4b4
VAL=0
LEN=16
---
FUNC=memset
RA=00027217
DST=0008a4c4
VAL=0
LEN=20
---
FUNC=memset
RA=0004f83b
DST=0008a4dc
VAL=0
LEN=12
---
FUNC=memset
RA=00027257
DST=0008a4f4
VAL=0
LEN=16
---
FUNC=memset
RA=00027257
DST=0008a524
VAL=0
LEN=16
---
FUNC=memset
RA=00026061
DST=0008a534
VAL=0
LEN=24
---
FUNC=memset
RA=0004f6ad
DST=0008a564
VAL=0
LEN=16
---
FUNC=memset
RA=00027217
DST=0008accc
VAL=0
LEN=20
---
FUNC=memset
RA=0004f83b
DST=0008ace4
VAL=0
LEN=12
---
FUNC=memset
RA=00027257
DST=0008acfc
VAL=0
LEN=16
---
FUNC=memset
RA=00027257
DST=0008ad14
VAL=0
LEN=16
---
FUNC=memset
RA=00026061
DST=0008ad24
VAL=0
LEN=24
---
FUNC=memset
RA=0004f6ad
DST=0008ad74
VAL=0
LEN=16
---
FUNC=memset
RA=00027217
DST=0008ad84
VAL=0
LEN=20
---
FUNC=memset
RA=0004f83b
DST=0008ad9c
VAL=0
LEN=12
---
FUNC=memset
RA=00027257
DST=0008adb4
VAL=0
LEN=16
---
FUNC=memset
RA=00027257
DST=0008adcc
VAL=0
LEN=16
---
FUNC=memset
RA=00026061
DST=0008addc
VAL=0
LEN=24
---
FUNC=memset
RA=0004f6ad
DST=0008ae2c
VAL=0
LEN=16
---
FUNC=memset
RA=00027217
DST=0008ae3c
VAL=0
LEN=20
---
FUNC=memset
RA=0004f83b
DST=0008ae54
VAL=0
LEN=12
---
FUNC=memset
RA=00027257
DST=0008ae6c
VAL=0
LEN=16
---
FUNC=memset
RA=00027257
DST=0008ae84
VAL=0
LEN=16
---
FUNC=memset
RA=00026061
DST=0008ae94
VAL=0
LEN=24
---
FUNC=memcpy
RA=00054917
DST=0008aecc
SRC=0008aeac
LEN=24
DATA=2f7379732f636c6173732f6770696f2f6770696f82005358
---
FUNC=memset
RA=0004f6ad
DST=0008af04
VAL=0
LEN=16
---
FUNC=memset
RA=00027217
DST=0008af14
VAL=0
LEN=20
---
FUNC=memset
RA=0004f83b
DST=0008af2c
VAL=0
LEN=12
---
FUNC=memset
RA=000642f7
DST=0008b500
VAL=0
LEN=20
---
FUNC=memset
RA=00027257
DST=0008a394
VAL=0
LEN=16
---
FUNC=memset
RA=00027257
DST=0008a3b4
VAL=0
LEN=16
---
FUNC=memset
RA=00027257
DST=0008a3cc
VAL=0
LEN=16
---
FUNC=memset
RA=00026061
DST=0008a3dc
VAL=0
LEN=24
---
FUNC=memset
RA=0004f6ad
DST=0008a42c
VAL=0
LEN=16
---
FUNC=memset
RA=00027217
DST=0008a43c
VAL=0
LEN=20
---
FUNC=memset
RA=00027257
DST=0008a464
VAL=0
LEN=16
---
FUNC=memset
RA=00027217
DST=0008a474
VAL=0
LEN=20
---
FUNC=memset
RA=0004f83b
DST=0008a48c
VAL=0
LEN=12
---
FUNC=memset
RA=00027257
DST=0008a4a4
VAL=0
LEN=16
---
FUNC=memset
RA=00027257
DST=0008a4bc
VAL=0
LEN=16
---
FUNC=memset
RA=00026061
DST=0008a4cc
VAL=0
LEN=24
---
FUNC=memset
RA=0004f6ad
DST=0008a514
VAL=0
LEN=16
---
FUNC=memset
RA=00027217
DST=0008a524
VAL=0
LEN=20
---
FUNC=memset
RA=0004f83b
DST=0008a53c
VAL=0
LEN=12
---
FUNC=memset
RA=00027257
DST=0008a55c
VAL=0
LEN=16
---
FUNC=memset
RA=00027217
DST=0008a56c
VAL=0
LEN=20
---
FUNC=memset
RA=0004f83b
DST=0008accc
VAL=0
LEN=12
---
FUNC=memset
RA=00027257
DST=0008ace4
VAL=0
LEN=16
---
FUNC=memset
RA=00027257
DST=0008acfc
VAL=0
LEN=16
---
FUNC=memset
RA=00026061
DST=0008ad0c
VAL=0
LEN=24
---
FUNC=memset
RA=0004f6ad
DST=0008ad54
VAL=0
LEN=16
---
FUNC=memset
RA=00027217
DST=0008ad64
VAL=0
LEN=20
---
FUNC=memset
RA=0004f83b
DST=0008ad7c
VAL=0
LEN=12
---
FUNC=memset
RA=00027257
DST=0008ad9c
VAL=0
LEN=16
---
FUNC=memset
RA=00027217
DST=0008adac
VAL=0
LEN=20
---
FUNC=memset
RA=0004f83b
DST=0008adc4
VAL=0
LEN=12
---
FUNC=memset
RA=00027257
DST=0008addc
VAL=0
LEN=16
---
FUNC=memset
RA=00027257
DST=0008adf4
VAL=0
LEN=16
---
FUNC=memset
RA=00026061
DST=0008ae04
VAL=0
LEN=24
---
FUNC=memset
RA=0004f6ad
DST=0008ae4c
VAL=0
LEN=16
---
FUNC=memset
RA=00027217
DST=0008ae5c
VAL=0
LEN=20
---
FUNC=memset
RA=0004f83b
DST=0008ae74
VAL=0
LEN=12
---
FUNC=memset
RA=00027257
DST=0008ae94
VAL=0
LEN=16
---
FUNC=memset
RA=00027217
DST=0008aea4
VAL=0
LEN=20
---
FUNC=memset
RA=0004f83b
DST=0008aecc
VAL=0
LEN=12
---
FUNC=memset
RA=00027257
DST=0008aee4
VAL=0
LEN=16
---
FUNC=memset
RA=00027257
DST=0008aefc
VAL=0
LEN=16
---
FUNC=memset
RA=00026061
DST=0008af0c
VAL=0
LEN=24
---
FUNC=memset
RA=0004f6ad
DST=0008af54
VAL=0
LEN=16
---
FUNC=memset
RA=00027217
DST=0008af64
VAL=0
LEN=20
---
FUNC=memset
RA=0004f83b
DST=0008af7c
VAL=0
LEN=12
---
FUNC=memset
RA=00027257
DST=0008af9c
VAL=0
LEN=16
---
FUNC=memset
RA=00027217
DST=0008afac
VAL=0
LEN=20
---
FUNC=memset
RA=0004f83b
DST=0008afc4
VAL=0
LEN=12
---
FUNC=memset
RA=000642f7
DST=0008ba08
VAL=0
LEN=21
---
FUNC=memset
RA=00027257
DST=0008a394
VAL=0
LEN=16
---
FUNC=memset
RA=00026dfd
DST=0008a3b4
VAL=0
LEN=16
---
FUNC=memset
RA=00027257
DST=0008a3cc
VAL=0
LEN=16
---
FUNC=memset
RA=00027257
DST=0008a3e4
VAL=0
LEN=16
---
FUNC=memset
RA=00027257
DST=0008a41c
VAL=0
LEN=16
---
FUNC=memset
RA=00027257
DST=0008a434
VAL=0
LEN=16
---
FUNC=memset
RA=00027217
DST=0008a444
VAL=0
LEN=20
---
FUNC=memset
RA=00027257
DST=0008a46c
VAL=0
LEN=16
---
FUNC=memset
RA=00027257
DST=0008a494
VAL=0
LEN=16
---
FUNC=memset
RA=00026061
DST=0008a4a4
VAL=0
LEN=24
---
FUNC=memset
RA=0004f6ad
DST=0008a4dc
VAL=0
LEN=16
---
FUNC=memset
RA=00027217
DST=0008a4ec
VAL=0
LEN=20
---
FUNC=memset
RA=00026dfd
DST=0008a514
VAL=0
LEN=16
---
FUNC=memset
RA=00027257
DST=0008a52c
VAL=0
LEN=16
---
FUNC=memset
RA=00027257
DST=0008a544
VAL=0
LEN=16
---
FUNC=memset
RA=00027257
DST=0008accc
VAL=0
LEN=16
---
FUNC=memset
RA=00027257
DST=0008ace4
VAL=0
LEN=16
---
FUNC=memset
RA=00027217
DST=0008acf4
VAL=0
LEN=20
---
FUNC=memset
RA=00027257
DST=0008ad1c
VAL=0
LEN=16
---
FUNC=memset
RA=00027257
DST=0008ad44
VAL=0
LEN=16
---
FUNC=memset
RA=00026061
DST=0008ad54
VAL=0
LEN=24
---
FUNC=memset
RA=0004f6ad
DST=0008ad8c
VAL=0
LEN=16
---
FUNC=memset
RA=00027217
DST=0008ad9c
VAL=0
LEN=20
---
FUNC=memset
RA=0004f83b
DST=0008adbc
VAL=0
LEN=12
---
FUNC=memset
RA=00026dfd
DST=0008add4
VAL=0
LEN=16
---
FUNC=memset
RA=00027257
DST=0008adec
VAL=0
LEN=16
---
FUNC=memset
RA=00027257
DST=0008ae04
VAL=0
LEN=16
---
FUNC=memset
RA=00027257
DST=0008ae44
VAL=0
LEN=16
---
FUNC=memset
RA=00027257
DST=0008ae5c
VAL=0
LEN=16
---
FUNC=memset
RA=00027217
DST=0008ae6c
VAL=0
LEN=20
---
FUNC=memset
RA=00027257
DST=0008ae94
VAL=0
LEN=16
---
FUNC=memset
RA=00027257
DST=0008aecc
VAL=0
LEN=16
---
FUNC=memset
RA=00026061
DST=0008aedc
VAL=0
LEN=24
---
FUNC=memset
RA=0004f6ad
DST=0008af14
VAL=0
LEN=16
---
FUNC=memset
RA=00027217
DST=0008af24
VAL=0
LEN=20
---
FUNC=memset
RA=0004f83b
DST=0008af44
VAL=0
LEN=12
---
FUNC=memset
RA=000642f7
DST=0008be50
VAL=0
LEN=20
---
FUNC=memset
RA=00026ff1
DST=0008a394
VAL=0
LEN=16
---
FUNC=memset
RA=00027015
DST=0008a3ac
VAL=0
LEN=16
---
FUNC=memset
RA=0002707d
DST=0008a3cc
VAL=0
LEN=16
---
FUNC=memset
RA=0002708f
DST=0008a3dc
VAL=0
LEN=16
---
FUNC=memset
RA=00027257
DST=0008a3f4
VAL=0
LEN=16
---
FUNC=memset
RA=00027217
DST=0008a404
VAL=0
LEN=20
---
FUNC=memset
RA=00027257
DST=0008a424
VAL=0
LEN=16
---
FUNC=memset
RA=00027217
DST=0008a434
VAL=0
LEN=20
---
FUNC=memset
RA=0004f83b
DST=0008a44c
VAL=0
LEN=12
---
FUNC=memset
RA=00027257
DST=0008a464
VAL=0
LEN=16
---
FUNC=memset
RA=00027217
DST=0008a474
VAL=0
LEN=20
---
FUNC=memset
RA=0004f83b
DST=0008a48c
VAL=0
LEN=12
---
FUNC=memset
RA=0002707d
DST=0008a4a4
VAL=0
LEN=16
---
FUNC=memset
RA=0002708f
DST=0008a4b4
VAL=0
LEN=16
---
FUNC=memset
RA=00027257
DST=0008a4cc
VAL=0
LEN=16
---
FUNC=memset
RA=00027217
DST=0008a4dc
VAL=0
LEN=20
---
FUNC=memset
RA=00027257
DST=0008a4fc
VAL=0
LEN=16
---
FUNC=memset
RA=00027217
DST=0008a50c
VAL=0
LEN=20
---
FUNC=memset
RA=0004f83b
DST=0008a524
VAL=0
LEN=12
---
FUNC=memset
RA=0002707d
DST=0008a53c
VAL=0
LEN=16
---
FUNC=memset
RA=0002708f
DST=0008a54c
VAL=0
LEN=16
---
FUNC=memset
RA=00027257
DST=0008a564
VAL=0
LEN=16
---
FUNC=memcpy
RA=00054917
DST=0008accc
SRC=0008a574
LEN=16
DATA=885573616765813a208201303d000000
---
FUNC=memset
RA=00027257
DST=0008acec
VAL=0
LEN=16
---
FUNC=memset
RA=00027217
DST=0008acfc
VAL=0
LEN=20
---
FUNC=memset
RA=00027257
DST=0008ad1c
VAL=0
LEN=16
---
FUNC=memset
RA=00027257
DST=0008ad34
VAL=0
LEN=16
---
FUNC=memset
RA=00027217
DST=0008ad44
VAL=0
LEN=20
---
FUNC=memset
RA=0004f83b
DST=0008ad5c
VAL=0
LEN=12
---
FUNC=memset
RA=00025983
DST=0008ad7c
VAL=0
LEN=8
---
FUNC=memset
RA=00025b7b
DST=0008ad8c
VAL=0
LEN=8
---
FUNC=memset
RA=000642f7
DST=0008be68
VAL=0
LEN=8
---
FUNC=memset
RA=00025b7b
DST=0008adac
VAL=0
LEN=8
---
FUNC=memset
RA=000642f7
DST=0008be78
VAL=0
LEN=17
---
FUNC=memset
RA=00025b7b
DST=0008adbc
VAL=0
LEN=8
---
FUNC=memset
RA=00025b7b
DST=0008addc
VAL=0
LEN=8
---
FUNC=memset
RA=00025b7b
DST=0008adec
VAL=0
LEN=8
---
FUNC=memset
RA=000642f7
DST=0008be90
VAL=0
LEN=8
---
FUNC=memset
RA=00025b7b
DST=0008adac
VAL=0
LEN=8
---
FUNC=memset
RA=000642f7
DST=0008c048
VAL=0
LEN=20
---
FUNC=memset
RA=00025b7b
DST=0008adbc
VAL=0
LEN=8
---
FUNC=memset
RA=000642f7
DST=0008be90
VAL=0
LEN=8
---
FUNC=memset
RA=00025983
DST=0008adf4
VAL=0
LEN=8
---
FUNC=memset
RA=000642f7
DST=0008c060
VAL=0
LEN=16
---
FUNC=memset
RA=00025b7b
DST=0008adac
VAL=0
LEN=8
---
FUNC=memset
RA=00025b7b
DST=0008adbc
VAL=0
LEN=8
---
FUNC=memset
RA=00025b7b
DST=0008addc
VAL=0
LEN=8
---
FUNC=memset
RA=00025b7b
DST=0008adec
VAL=0
LEN=8
---
FUNC=memset
RA=000642f7
DST=0008be90
VAL=0
LEN=8
---
FUNC=memset
RA=00025b7b
DST=0008adac
VAL=0
LEN=8
---
FUNC=memset
RA=00025b7b
DST=0008adbc
VAL=0
LEN=8
---
FUNC=memset
RA=000642f7
DST=0008be90
VAL=0
LEN=8
---
FUNC=memset
RA=00025983
DST=0008adf4
VAL=0
LEN=8
---
FUNC=memset
RA=000642f7
DST=0008c060
VAL=0
LEN=16
---
FUNC=memset
RA=00025b7b
DST=0008adac
VAL=0
LEN=8
---
FUNC=memset
RA=00025b7b
DST=0008adbc
VAL=0
LEN=8
---
FUNC=memset
RA=00025b7b
DST=0008addc
VAL=0
LEN=8
---
FUNC=memset
RA=00025b7b
DST=0008adec
VAL=0
LEN=8
---
FUNC=memset
RA=000642f7
DST=0008be90
VAL=0
LEN=8
---
FUNC=memset
RA=00025b7b
DST=0008adac
VAL=0
LEN=8
---
FUNC=memset
RA=00025b7b
DST=0008adbc
VAL=0
LEN=8
---
FUNC=memset
RA=000642f7
DST=0008be90
VAL=0
LEN=8
---
FUNC=memset
RA=00025983
DST=0008adf4
VAL=0
LEN=8
---
FUNC=memset
RA=000642f7
DST=0008c060
VAL=0
LEN=16
---
FUNC=memset
RA=00025b7b
DST=0008ad8c
VAL=0
LEN=8
---
FUNC=memset
RA=000642f7
DST=0008be68
VAL=0
LEN=8
---
FUNC=memset
RA=00025b7b
DST=0008adac
VAL=0
LEN=8
---
FUNC=memset
RA=00025b7b
DST=0008adbc
VAL=0
LEN=8
---
FUNC=memset
RA=000642f7
DST=0008be90
VAL=0
LEN=8
---
FUNC=memset
RA=00025983
DST=0008adec
VAL=0
LEN=8
---
FUNC=memset
RA=000642f7
DST=0008c060
VAL=0
LEN=16
---
FUNC=memset
RA=00025b7b
DST=0008adac
VAL=0
LEN=8
---
FUNC=memset
RA=00025b7b
DST=0008adbc
VAL=0
LEN=8
---
FUNC=memset
RA=000642f7
DST=0008be90
VAL=0
LEN=8
---
FUNC=memset
RA=00025983
DST=0008adec
VAL=0
LEN=8
---
FUNC=memset
RA=000642f7
DST=0008c060
VAL=0
LEN=16
---
FUNC=memset
RA=00025b7b
DST=0008adac
VAL=0
LEN=8
---
FUNC=memset
RA=00025b7b
DST=0008adbc
VAL=0
LEN=8
---
FUNC=memset
RA=000642f7
DST=0008be90
VAL=0
LEN=8
---
FUNC=memset
RA=00025983
DST=0008adec
VAL=0
LEN=8
---
FUNC=memset
RA=000642f7
DST=0008c060
VAL=0
LEN=16
---
FUNC=memset
RA=00025b7b
DST=0008adac
VAL=0
LEN=8
---
FUNC=memset
RA=00025b7b
DST=0008adbc
VAL=0
LEN=8
---
FUNC=memset
RA=000642f7
DST=0008be90
VAL=0
LEN=8
---
FUNC=memset
RA=00025983
DST=0008adfc
VAL=0
LEN=8
---
FUNC=memset
RA=000642f7
DST=0008c060
VAL=0
LEN=16
---
FUNC=memset
RA=00025b7b
DST=0008adac
VAL=0
LEN=8
---
FUNC=memset
RA=00025b7b
DST=0008adbc
VAL=0
LEN=8
---
FUNC=memset
RA=000642f7
DST=0008be90
VAL=0
LEN=8
---
FUNC=memset
RA=00025983
DST=0008adfc
VAL=0
LEN=8
---
FUNC=memset
RA=000642f7
DST=0008c060
VAL=0
LEN=16
---
FUNC=memset
RA=00025b7b
DST=0008adac
VAL=0
LEN=8
---
FUNC=memset
RA=00025b7b
DST=0008adbc
VAL=0
LEN=8
---
FUNC=memset
RA=000642f7
DST=0008be90
VAL=0
LEN=8
---
FUNC=memset
RA=00025983
DST=0008adf4
VAL=0
LEN=8
---
FUNC=memset
RA=000642f7
DST=0008c060
VAL=0
LEN=16
---
FUNC=memset
RA=00025b7b
DST=0008ad8c
VAL=0
LEN=8
---
FUNC=memset
RA=000642f7
DST=0008be68
VAL=0
LEN=8
---
FUNC=memset
RA=00025b7b
DST=0008adac
VAL=0
LEN=8
---
FUNC=memset
RA=00025b7b
DST=0008adbc
VAL=0
LEN=8
---
FUNC=memset
RA=000642f7
DST=0008be90
VAL=0
LEN=8
---
FUNC=memset
RA=00025983
DST=0008adf4
VAL=0
LEN=8
---
FUNC=memset
RA=000642f7
DST=0008c060
VAL=0
LEN=16
---
FUNC=memset
RA=00025b7b
DST=0008adb4
VAL=0
LEN=8
---
FUNC=memset
RA=000642f7
DST=0008be90
VAL=0
LEN=8
---
FUNC=memset
RA=00025b7b
DST=0008add4
VAL=0
LEN=8
---
FUNC=memset
RA=00025b7b
DST=0008ade4
VAL=0
LEN=8
---
FUNC=memset
RA=000642f7
DST=0008c078
VAL=0
LEN=8
---
FUNC=memset
RA=000642f7
DST=0008c088
VAL=0
LEN=22
---
FUNC=memset
RA=00025b7b
DST=0008adac
VAL=0
LEN=8
---
FUNC=memset
RA=00025b7b
DST=0008adbc
VAL=0
LEN=8
---
FUNC=memset
RA=000642f7
DST=0008be90
VAL=0
LEN=8
---
FUNC=memset
RA=00025983
DST=0008adf4
VAL=0
LEN=8
---
FUNC=memset
RA=000642f7
DST=0008c060
VAL=0
LEN=16
---
FUNC=memset
RA=00025b7b
DST=0008adb4
VAL=0
LEN=8
---
FUNC=memset
RA=000642f7
DST=0008be90
VAL=0
LEN=8
---
FUNC=memset
RA=00025b7b
DST=0008add4
VAL=0
LEN=8
---
FUNC=memset
RA=00025b7b
DST=0008ade4
VAL=0
LEN=8
---
FUNC=memset
RA=000642f7
DST=0008c078
VAL=0
LEN=8
---
FUNC=memset
RA=00025b7b
DST=0008adac
VAL=0
LEN=8
---
FUNC=memset
RA=00025b7b
DST=0008adbc
VAL=0
LEN=8
---
FUNC=memset
RA=000642f7
DST=0008be90
VAL=0
LEN=8
---
FUNC=memset
RA=00025983
DST=0008adf4
VAL=0
LEN=8
---
FUNC=memset
RA=000642f7
DST=0008c060
VAL=0
LEN=16
---
FUNC=memset
RA=00025b7b
DST=0008adb4
VAL=0
LEN=8
---
FUNC=memset
RA=000642f7
DST=0008be90
VAL=0
LEN=8
---
FUNC=memset
RA=00025b7b
DST=0008add4
VAL=0
LEN=8
---
FUNC=memset
RA=00025b7b
DST=0008ade4
VAL=0
LEN=8
---
FUNC=memset
RA=000642f7
DST=0008c078
VAL=0
LEN=8
---
FUNC=memset
RA=00025b7b
DST=0008adac
VAL=0
LEN=8
---
FUNC=memset
RA=00025b7b
DST=0008adbc
VAL=0
LEN=8
---
FUNC=memset
RA=000642f7
DST=0008be90
VAL=0
LEN=8
---
FUNC=memset
RA=00025983
DST=0008adf4
VAL=0
LEN=8
---
FUNC=memset
RA=000642f7
DST=0008c060
VAL=0
LEN=16
---
FUNC=memset
RA=00025b7b
DST=0008adb4
VAL=0
LEN=8
---
FUNC=memset
RA=000642f7
DST=0008be90
VAL=0
LEN=8
---
FUNC=memset
RA=00025b7b
DST=0008add4
VAL=0
LEN=8
---
FUNC=memset
RA=00025b7b
DST=0008ade4
VAL=0
LEN=8
---
FUNC=memset
RA=000642f7
DST=0008c078
VAL=0
LEN=8
---
FUNC=memset
RA=00025b7b
DST=0008adac
VAL=0
LEN=8
---
FUNC=memset
RA=00025b7b
DST=0008adbc
VAL=0
LEN=8
---
FUNC=memset
RA=000642f7
DST=0008be90
VAL=0
LEN=8
---
FUNC=memset
RA=00025983
DST=0008adf4
VAL=0
LEN=8
---
FUNC=memset
RA=000642f7
DST=0008c060
VAL=0
LEN=16
---
FUNC=memset
RA=00025b7b
DST=0008adb4
VAL=0
LEN=8
---
FUNC=memset
RA=000642f7
DST=0008be90
VAL=0
LEN=8
---
FUNC=memset
RA=00025b7b
DST=0008add4
VAL=0
LEN=8
---
FUNC=memset
RA=00025b7b
DST=0008ade4
VAL=0
LEN=8
---
FUNC=memset
RA=000642f7
DST=0008c078
VAL=0
LEN=8
---
FUNC=memset
RA=00027257
DST=0008a394
VAL=0
LEN=16
---
FUNC=memset
RA=00027257
DST=0008a3ac
VAL=0
LEN=16
---
FUNC=memset
RA=00027217
DST=0008a3bc
VAL=0
LEN=20
---
FUNC=memset
RA=00025b7b
DST=0008a3dc
VAL=0
LEN=8
---
FUNC=memset
RA=000642f7
DST=0008c060
VAL=0
LEN=20
---
FUNC=memset
RA=00025b7b
DST=0008a3ec
VAL=0
LEN=8
---
FUNC=memset
RA=000642f7
DST=0008a6f0
VAL=0
LEN=156
---
FUNC=memset
RA=000642f7
DST=0008a790
VAL=0
LEN=124
---
FUNC=memset
RA=000642f7
DST=0008aa18
VAL=0
LEN=16
---
FUNC=memset
RA=000642f7
DST=0008aa30
VAL=0
LEN=16
---
FUNC=memset
RA=000642f7
DST=0008aa48
VAL=0
LEN=16
---
FUNC=memset
RA=000642f7
DST=0008aa60
VAL=0
LEN=16
---
FUNC=memset
RA=000642f7
DST=0008aa78
VAL=0
LEN=16
---
FUNC=memset
RA=000642f7
DST=0008aa90
VAL=0
LEN=16
---
FUNC=memset
RA=000642f7
DST=0008aaa8
VAL=0
LEN=16
---
FUNC=memset
RA=000642f7
DST=0008aac0
VAL=0
LEN=16
---
FUNC=memset
RA=000642f7
DST=0008aad8
VAL=0
LEN=16
---
FUNC=memset
RA=000642f7
DST=0008aaf0
VAL=0
LEN=10
---
FUNC=memcpy
RA=0005445d
DST=0008aaf5
SRC=000898b0
LEN=4
DATA=31353839
---
FUNC=memset
RA=000642f7
DST=0008ab00
VAL=0
LEN=16
---
FUNC=memset
RA=000642f7
DST=0008ab18
VAL=0
LEN=8
---
FUNC=memset
RA=000642f7
DST=0008ab28
VAL=0
LEN=32
---
FUNC=memcpy
RA=0005445d
DST=0008ab31
SRC=be956981
LEN=22
DATA=61242864726f7062656172202d52202d702032322962
---
FUNC=memset
RA=000642f7
DST=0008ab50
VAL=0
LEN=16
---
FUNC=memset
RA=000642f7
DST=0008ab80
VAL=0
LEN=24
---
FUNC=memcpy
RA=0005445d
DST=0008ab84
SRC=0008ab68
LEN=19
DATA=2f7661722f6574632f70657273697374656e74
---
FUNC=memcpy
RA=0004f8e5
DST=0008a38c
SRC=be956ef5
LEN=28
DATA=2f7573722f62696e2f72657365745f6c67772e736820737461727400
---
FUNC=memset
RA=000642f7
DST=0008aba0
VAL=0
LEN=76
---
FUNC=memset
RA=00027257
DST=0008a3c4
VAL=0
LEN=16
---
FUNC=memset
RA=00027257
DST=0008a3dc
VAL=0
LEN=16
---
FUNC=memset
RA=00027217
DST=0008a3ec
VAL=0
LEN=20
---
FUNC=memset
RA=00025b7b
DST=0008a41c
VAL=0
LEN=8
---
FUNC=memset
RA=00025b7b
DST=0008a42c
VAL=0
LEN=8
---
FUNC=memset
RA=000642f7
DST=0008abf0
VAL=0
LEN=8
---
FUNC=memset
RA=000642f7
DST=0008a6f0
VAL=0
LEN=156
---
FUNC=memset
RA=000642f7
DST=0008a790
VAL=0
LEN=124
---
FUNC=memset
RA=000642f7
DST=0008aa18
VAL=0
LEN=16
---
FUNC=memset
RA=000642f7
DST=0008aa30
VAL=0
LEN=16
---
FUNC=memset
RA=000642f7
DST=0008aa48
VAL=0
LEN=16
---
FUNC=memset
RA=000642f7
DST=0008aa60
VAL=0
LEN=16
---
FUNC=memset
RA=000642f7
DST=0008aa78
VAL=0
LEN=16
---
FUNC=memset
RA=000642f7
DST=0008aa90
VAL=0
LEN=16
---
FUNC=memset
RA=000642f7
DST=0008aaa8
VAL=0
LEN=16
---
FUNC=memset
RA=000642f7
DST=0008aac0
VAL=0
LEN=16
---
FUNC=memset
RA=000642f7
DST=0008aad8
VAL=0
LEN=16
---
FUNC=memset
RA=000642f7
DST=0008aaf0
VAL=0
LEN=10
---
FUNC=memcpy
RA=0005445d
DST=0008aaf5
SRC=000898b0
LEN=4
DATA=31353839
---
FUNC=memset
RA=000642f7
DST=0008ab00
VAL=0
LEN=16
---
FUNC=memset
RA=000642f7
DST=0008ab18
VAL=0
LEN=8
---
FUNC=memset
RA=000642f7
DST=0008ab28
VAL=0
LEN=32
---
FUNC=memcpy
RA=0005445d
DST=0008ab31
SRC=befac971
LEN=22
DATA=61242864726f7062656172202d52202d702032322962
---
FUNC=memset
RA=000642f7
DST=0008ab50
VAL=0
LEN=16
---
FUNC=memset
RA=000642f7
DST=0008ab80
VAL=0
LEN=24
---
FUNC=memcpy
RA=0005445d
DST=0008ab84
SRC=0008ab68
LEN=19
DATA=2f7661722f6574632f70657273697374656e74
---
FUNC=memset
RA=00027257
DST=0008a3a4
VAL=0
LEN=16
---
FUNC=memset
RA=00027217
DST=0008a3b4
VAL=0
LEN=20
---
FUNC=memset
RA=00025983
DST=0008a3ec
VAL=0
LEN=8
---
FUNC=memset
RA=000642f7
DST=0008aba0
VAL=0
LEN=16
---
FUNC=memset
RA=00027257
DST=0008a3a4
VAL=0
LEN=16
---
FUNC=memset
RA=00027217
DST=0008a3b4
VAL=0
LEN=20
---
FUNC=memset
RA=00025983
DST=0008a3ec
VAL=0
LEN=8
---
FUNC=memset
RA=000642f7
DST=0008abd0
VAL=0
LEN=16
---
FUNC=memset
RA=00027257
DST=0008a3a4
VAL=0
LEN=16
---
FUNC=memset
RA=00027217
DST=0008a3b4
VAL=0
LEN=20
---
FUNC=memset
RA=00025983
DST=0008a3ec
VAL=0
LEN=8
---
FUNC=memset
RA=000642f7
DST=0008ac08
VAL=0
LEN=16
---
FUNC=memset
RA=00027257
DST=0008a39c
VAL=0
LEN=16
---
FUNC=memset
RA=00027257
DST=0008a3bc
VAL=0
LEN=16
---
FUNC=memset
RA=00027257
DST=0008a3d4
VAL=0
LEN=16
---
FUNC=memset
RA=00027217
DST=0008a3e4
VAL=0
LEN=20
---
FUNC=memset
RA=000642f7
DST=0008ac38
VAL=0
LEN=108
---
FUNC=memset
RA=000642f7
DST=0008aca8
VAL=0
LEN=25
---
FUNC=memset
RA=00027257
DST=0008a394
VAL=0
LEN=16
---
FUNC=memset
RA=00027257
DST=0008a3b4
VAL=0
LEN=16
---
FUNC=memset
RA=00027257
DST=0008a3dc
VAL=0
LEN=16
---
FUNC=memset
RA=00026061
DST=0008a3ec
VAL=0
LEN=24
---
FUNC=memset
RA=0004f6ad
DST=0008a41c
VAL=0
LEN=16
---
FUNC=memset
RA=00027217
DST=0008a42c
VAL=0
LEN=20
---
FUNC=memset
RA=00027257
DST=0008a44c
VAL=0
LEN=16
---
FUNC=memset
RA=00027257
DST=0008a474
VAL=0
LEN=16
---
FUNC=memset
RA=00026061
DST=0008a484
VAL=0
LEN=24
---
FUNC=memset
RA=0004f6ad
DST=0008a4b4
VAL=0
LEN=16
---
FUNC=memset
RA=00027217
DST=0008a4c4
VAL=0
LEN=20
---
FUNC=memset
RA=0004f83b
DST=0008a4dc
VAL=0
LEN=12
---
FUNC=memset
RA=00027257
DST=0008a4f4
VAL=0
LEN=16
---
FUNC=memset
RA=00027257
DST=0008a524
VAL=0
LEN=16
---
FUNC=memset
RA=00026061
DST=0008a534
VAL=0
LEN=24
---
FUNC=memset
RA=0004f6ad
DST=0008a564
VAL=0
LEN=16
---
FUNC=memset
RA=00027217
DST=0008accc
VAL=0
LEN=20
---
FUNC=memset
RA=0004f83b
DST=0008ace4
VAL=0
LEN=12
---
FUNC=memset
RA=00027257
DST=0008acfc
VAL=0
LEN=16
---
FUNC=memset
RA=00027257
DST=0008ad14
VAL=0
LEN=16
---
FUNC=memset
RA=00026061
DST=0008ad24
VAL=0
LEN=24
---
FUNC=memset
RA=0004f6ad
DST=0008ad74
VAL=0
LEN=16
---
FUNC=memset
RA=00027217
DST=0008ad84
VAL=0
LEN=20
---
FUNC=memset
RA=0004f83b
DST=0008ad9c
VAL=0
LEN=12
---
FUNC=memset
RA=00027257
DST=0008adb4
VAL=0
LEN=16
---
FUNC=memset
RA=00027257
DST=0008adcc
VAL=0
LEN=16
---
FUNC=memset
RA=00026061
DST=0008addc
VAL=0
LEN=24
---
FUNC=memset
RA=0004f6ad
DST=0008ae2c
VAL=0
LEN=16
---
FUNC=memset
RA=00027217
DST=0008ae3c
VAL=0
LEN=20
---
FUNC=memset
RA=0004f83b
DST=0008ae54
VAL=0
LEN=12
---
FUNC=memset
RA=00027257
DST=0008ae6c
VAL=0
LEN=16
---
FUNC=memset
RA=00027257
DST=0008ae84
VAL=0
LEN=16
---
FUNC=memset
RA=00026061
DST=0008ae94
VAL=0
LEN=24
---
FUNC=memcpy
RA=00054917
DST=0008aecc
SRC=0008aeac
LEN=24
DATA=2f7379732f636c6173732f6770696f2f6770696f82005358
---
FUNC=memset
RA=0004f6ad
DST=0008af04
VAL=0
LEN=16
---
FUNC=memset
RA=00027217
DST=0008af14
VAL=0
LEN=20
---
FUNC=memset
RA=0004f83b
DST=0008af2c
VAL=0
LEN=12
---
FUNC=memset
RA=000642f7
DST=0008b500
VAL=0
LEN=20
---
FUNC=memset
RA=00027257
DST=0008a394
VAL=0
LEN=16
---
FUNC=memset
RA=00027257
DST=0008a3b4
VAL=0
LEN=16
---
FUNC=memset
RA=00027257
DST=0008a3cc
VAL=0
LEN=16
---
FUNC=memset
RA=00026061
DST=0008a3dc
VAL=0
LEN=24
---
FUNC=memset
RA=0004f6ad
DST=0008a42c
VAL=0
LEN=16
---
FUNC=memset
RA=00027217
DST=0008a43c
VAL=0
LEN=20
---
FUNC=memset
RA=00027257
DST=0008a464
VAL=0
LEN=16
---
FUNC=memset
RA=00027217
DST=0008a474
VAL=0
LEN=20
---
FUNC=memset
RA=0004f83b
DST=0008a48c
VAL=0
LEN=12
---
FUNC=memset
RA=00027257
DST=0008a4a4
VAL=0
LEN=16
---
FUNC=memset
RA=00027257
DST=0008a4bc
VAL=0
LEN=16
---
FUNC=memset
RA=00026061
DST=0008a4cc
VAL=0
LEN=24
---
FUNC=memset
RA=0004f6ad
DST=0008a514
VAL=0
LEN=16
---
FUNC=memset
RA=00027217
DST=0008a524
VAL=0
LEN=20
---
FUNC=memset
RA=0004f83b
DST=0008a53c
VAL=0
LEN=12
---
FUNC=memset
RA=00027257
DST=0008a55c
VAL=0
LEN=16
---
FUNC=memset
RA=00027217
DST=0008a56c
VAL=0
LEN=20
---
FUNC=memset
RA=0004f83b
DST=0008accc
VAL=0
LEN=12
---
FUNC=memset
RA=00027257
DST=0008ace4
VAL=0
LEN=16
---
FUNC=memset
RA=00027257
DST=0008acfc
VAL=0
LEN=16
---
FUNC=memset
RA=00026061
DST=0008ad0c
VAL=0
LEN=24
---
FUNC=memset
RA=0004f6ad
DST=0008ad54
VAL=0
LEN=16
---
FUNC=memset
RA=00027217
DST=0008ad64
VAL=0
LEN=20
---
FUNC=memset
RA=0004f83b
DST=0008ad7c
VAL=0
LEN=12
---
FUNC=memset
RA=00027257
DST=0008ad9c
VAL=0
LEN=16
---
FUNC=memset
RA=00027217
DST=0008adac
VAL=0
LEN=20
---
FUNC=memset
RA=0004f83b
DST=0008adc4
VAL=0
LEN=12
---
FUNC=memset
RA=00027257
DST=0008addc
VAL=0
LEN=16
---
FUNC=memset
RA=00027257
DST=0008adf4
VAL=0
LEN=16
---
FUNC=memset
RA=00026061
DST=0008ae04
VAL=0
LEN=24
---
FUNC=memset
RA=0004f6ad
DST=0008ae4c
VAL=0
LEN=16
---
FUNC=memset
RA=00027217
DST=0008ae5c
VAL=0
LEN=20
---
FUNC=memset
RA=0004f83b
DST=0008ae74
VAL=0
LEN=12
---
FUNC=memset
RA=00027257
DST=0008ae94
VAL=0
LEN=16
---
FUNC=memset
RA=00027217
DST=0008aea4
VAL=0
LEN=20
---
FUNC=memset
RA=0004f83b
DST=0008aecc
VAL=0
LEN=12
---
FUNC=memset
RA=00027257
DST=0008aee4
VAL=0
LEN=16
---
FUNC=memset
RA=00027257
DST=0008aefc
VAL=0
LEN=16
---
FUNC=memset
RA=00026061
DST=0008af0c
VAL=0
LEN=24
---
FUNC=memset
RA=0004f6ad
DST=0008af54
VAL=0
LEN=16
---
FUNC=memset
RA=00027217
DST=0008af64
VAL=0
LEN=20
---
FUNC=memset
RA=0004f83b
DST=0008af7c
VAL=0
LEN=12
---
FUNC=memset
RA=00027257
DST=0008af9c
VAL=0
LEN=16
---
FUNC=memset
RA=00027217
DST=0008afac
VAL=0
LEN=20
---
FUNC=memset
RA=0004f83b
DST=0008afc4
VAL=0
LEN=12
---
FUNC=memset
RA=000642f7
DST=0008ba08
VAL=0
LEN=21
---
FUNC=memset
RA=00027257
DST=0008a394
VAL=0
LEN=16
---
FUNC=memset
RA=00026dfd
DST=0008a3b4
VAL=0
LEN=16
---
FUNC=memset
RA=00027257
DST=0008a3cc
VAL=0
LEN=16
---
FUNC=memset
RA=00027257
DST=0008a3e4
VAL=0
LEN=16
---
FUNC=memset
RA=00027257
DST=0008a41c
VAL=0
LEN=16
---
FUNC=memset
RA=00027257
DST=0008a434
VAL=0
LEN=16
---
FUNC=memset
RA=00027217
DST=0008a444
VAL=0
LEN=20
---
FUNC=memset
RA=00027257
DST=0008a46c
VAL=0
LEN=16
---
FUNC=memset
RA=00027257
DST=0008a494
VAL=0
LEN=16
---
FUNC=memset
RA=00026061
DST=0008a4a4
VAL=0
LEN=24
---
FUNC=memset
RA=0004f6ad
DST=0008a4dc
VAL=0
LEN=16
---
FUNC=memset
RA=00027217
DST=0008a4ec
VAL=0
LEN=20
---
FUNC=memset
RA=00026dfd
DST=0008a514
VAL=0
LEN=16
---
FUNC=memset
RA=00027257
DST=0008a52c
VAL=0
LEN=16
---
FUNC=memset
RA=00027257
DST=0008a544
VAL=0
LEN=16
---
FUNC=memset
RA=00027257
DST=0008accc
VAL=0
LEN=16
---
FUNC=memset
RA=00027257
DST=0008ace4
VAL=0
LEN=16
---
FUNC=memset
RA=00027217
DST=0008acf4
VAL=0
LEN=20
---
FUNC=memset
RA=00027257
DST=0008ad1c
VAL=0
LEN=16
---
FUNC=memset
RA=00027257
DST=0008ad44
VAL=0
LEN=16
---
FUNC=memset
RA=00026061
DST=0008ad54
VAL=0
LEN=24
---
FUNC=memset
RA=0004f6ad
DST=0008ad8c
VAL=0
LEN=16
---
FUNC=memset
RA=00027217
DST=0008ad9c
VAL=0
LEN=20
---
FUNC=memset
RA=0004f83b
DST=0008adbc
VAL=0
LEN=12
---
FUNC=memset
RA=00026dfd
DST=0008add4
VAL=0
LEN=16
---
FUNC=memset
RA=00027257
DST=0008adec
VAL=0
LEN=16
---
FUNC=memset
RA=00027257
DST=0008ae04
VAL=0
LEN=16
---
FUNC=memset
RA=00027257
DST=0008ae44
VAL=0
LEN=16
---
FUNC=memset
RA=00027257
DST=0008ae5c
VAL=0
LEN=16
---
FUNC=memset
RA=00027217
DST=0008ae6c
VAL=0
LEN=20
---
FUNC=memset
RA=00027257
DST=0008ae94
VAL=0
LEN=16
---
FUNC=memset
RA=00027257
DST=0008aecc
VAL=0
LEN=16
---
FUNC=memset
RA=00026061
DST=0008aedc
VAL=0
LEN=24
---
FUNC=memset
RA=0004f6ad
DST=0008af14
VAL=0
LEN=16
---
FUNC=memset
RA=00027217
DST=0008af24
VAL=0
LEN=20
---
FUNC=memset
RA=0004f83b
DST=0008af44
VAL=0
LEN=12
---
FUNC=memset
RA=000642f7
DST=0008be50
VAL=0
LEN=20
---
FUNC=memset
RA=00026ff1
DST=0008a394
VAL=0
LEN=16
---
FUNC=memset
RA=00027015
DST=0008a3ac
VAL=0
LEN=16
---
FUNC=memset
RA=0002707d
DST=0008a3cc
VAL=0
LEN=16
---
FUNC=memset
RA=0002708f
DST=0008a3dc
VAL=0
LEN=16
---
FUNC=memset
RA=00027257
DST=0008a3f4
VAL=0
LEN=16
---
FUNC=memset
RA=00027217
DST=0008a404
VAL=0
LEN=20
---
FUNC=memset
RA=00027257
DST=0008a424
VAL=0
LEN=16
---
FUNC=memset
RA=00027217
DST=0008a434
VAL=0
LEN=20
---
FUNC=memset
RA=0004f83b
DST=0008a44c
VAL=0
LEN=12
---
FUNC=memset
RA=00027257
DST=0008a464
VAL=0
LEN=16
---
FUNC=memset
RA=00027217
DST=0008a474
VAL=0
LEN=20
---
FUNC=memset
RA=0004f83b
DST=0008a48c
VAL=0
LEN=12
---
FUNC=memset
RA=0002707d
DST=0008a4a4
VAL=0
LEN=16
---
FUNC=memset
RA=0002708f
DST=0008a4b4
VAL=0
LEN=16
---
FUNC=memset
RA=00027257
DST=0008a4cc
VAL=0
LEN=16
---
FUNC=memset
RA=00027217
DST=0008a4dc
VAL=0
LEN=20
---
FUNC=memset
RA=00027257
DST=0008a4fc
VAL=0
LEN=16
---
FUNC=memset
RA=00027217
DST=0008a50c
VAL=0
LEN=20
---
FUNC=memset
RA=0004f83b
DST=0008a524
VAL=0
LEN=12
---
FUNC=memset
RA=0002707d
DST=0008a53c
VAL=0
LEN=16
---
FUNC=memset
RA=0002708f
DST=0008a54c
VAL=0
LEN=16
---
FUNC=memset
RA=00027257
DST=0008a564
VAL=0
LEN=16
---
FUNC=memcpy
RA=00054917
DST=0008accc
SRC=0008a574
LEN=16
DATA=885573616765813a208201303d000000
---
FUNC=memset
RA=00027257
DST=0008acec
VAL=0
LEN=16
---
FUNC=memset
RA=00027217
DST=0008acfc
VAL=0
LEN=20
---
FUNC=memset
RA=00027257
DST=0008ad1c
VAL=0
LEN=16
---
FUNC=memset
RA=00027257
DST=0008ad34
VAL=0
LEN=16
---
FUNC=memset
RA=00027217
DST=0008ad44
VAL=0
LEN=20
---
FUNC=memset
RA=0004f83b
DST=0008ad5c
VAL=0
LEN=12
---
FUNC=memset
RA=00025983
DST=0008ad7c
VAL=0
LEN=8
---
FUNC=memset
RA=00025b7b
DST=0008ad8c
VAL=0
LEN=8
---
FUNC=memset
RA=000642f7
DST=0008be68
VAL=0
LEN=8
---
FUNC=memset
RA=00025b7b
DST=0008adac
VAL=0
LEN=8
---
FUNC=memset
RA=000642f7
DST=0008be78
VAL=0
LEN=17
---
FUNC=memset
RA=00025b7b
DST=0008adbc
VAL=0
LEN=8
---
FUNC=memset
RA=00025b7b
DST=0008addc
VAL=0
LEN=8
---
FUNC=memset
RA=00025b7b
DST=0008adec
VAL=0
LEN=8
---
FUNC=memset
RA=000642f7
DST=0008be90
VAL=0
LEN=8
---
FUNC=memset
RA=00025b7b
DST=0008adac
VAL=0
LEN=8
---
FUNC=memset
RA=000642f7
DST=0008c048
VAL=0
LEN=20
---
FUNC=memset
RA=00025b7b
DST=0008adbc
VAL=0
LEN=8
---
FUNC=memset
RA=000642f7
DST=0008be90
VAL=0
LEN=8
---
FUNC=memset
RA=00025983
DST=0008adf4
VAL=0
LEN=8
---
FUNC=memset
RA=000642f7
DST=0008c060
VAL=0
LEN=16
---
FUNC=memset
RA=00025b7b
DST=0008adac
VAL=0
LEN=8
---
FUNC=memset
RA=00025b7b
DST=0008adbc
VAL=0
LEN=8
---
FUNC=memset
RA=00025b7b
DST=0008addc
VAL=0
LEN=8
---
FUNC=memset
RA=00025b7b
DST=0008adec
VAL=0
LEN=8
---
FUNC=memset
RA=000642f7
DST=0008be90
VAL=0
LEN=8
---
FUNC=memset
RA=00025b7b
DST=0008adac
VAL=0
LEN=8
---
FUNC=memset
RA=00025b7b
DST=0008adbc
VAL=0
LEN=8
---
FUNC=memset
RA=000642f7
DST=0008be90
VAL=0
LEN=8
---
FUNC=memset
RA=00025983
DST=0008adf4
VAL=0
LEN=8
---
FUNC=memset
RA=000642f7
DST=0008c060
VAL=0
LEN=16
---
FUNC=memset
RA=00025b7b
DST=0008adac
VAL=0
LEN=8
---
FUNC=memset
RA=00025b7b
DST=0008adbc
VAL=0
LEN=8
---
FUNC=memset
RA=00025b7b
DST=0008addc
VAL=0
LEN=8
---
FUNC=memset
RA=00025b7b
DST=0008adec
VAL=0
LEN=8
---
FUNC=memset
RA=000642f7
DST=0008be90
VAL=0
LEN=8
---
FUNC=memset
RA=00025b7b
DST=0008adac
VAL=0
LEN=8
---
FUNC=memset
RA=00025b7b
DST=0008adbc
VAL=0
LEN=8
---
FUNC=memset
RA=000642f7
DST=0008be90
VAL=0
LEN=8
---
FUNC=memset
RA=00025983
DST=0008adf4
VAL=0
LEN=8
---
FUNC=memset
RA=000642f7
DST=0008c060
VAL=0
LEN=16
---
FUNC=memset
RA=00025b7b
DST=0008ad8c
VAL=0
LEN=8
---
FUNC=memset
RA=000642f7
DST=0008be68
VAL=0
LEN=8
---
FUNC=memset
RA=00025b7b
DST=0008adac
VAL=0
LEN=8
---
FUNC=memset
RA=00025b7b
DST=0008adbc
VAL=0
LEN=8
---
FUNC=memset
RA=000642f7
DST=0008be90
VAL=0
LEN=8
---
FUNC=memset
RA=00025983
DST=0008adec
VAL=0
LEN=8
---
FUNC=memset
RA=000642f7
DST=0008c060
VAL=0
LEN=16
---
FUNC=memset
RA=00025b7b
DST=0008adac
VAL=0
LEN=8
---
FUNC=memset
RA=00025b7b
DST=0008adbc
VAL=0
LEN=8
---
FUNC=memset
RA=000642f7
DST=0008be90
VAL=0
LEN=8
---
FUNC=memset
RA=00025983
DST=0008adec
VAL=0
LEN=8
---
FUNC=memset
RA=000642f7
DST=0008c060
VAL=0
LEN=16
---
FUNC=memset
RA=00025b7b
DST=0008adac
VAL=0
LEN=8
---
FUNC=memset
RA=00025b7b
DST=0008adbc
VAL=0
LEN=8
---
FUNC=memset
RA=000642f7
DST=0008be90
VAL=0
LEN=8
---
FUNC=memset
RA=00025983
DST=0008adec
VAL=0
LEN=8
---
FUNC=memset
RA=000642f7
DST=0008c060
VAL=0
LEN=16
---
FUNC=memset
RA=00025b7b
DST=0008adac
VAL=0
LEN=8
---
FUNC=memset
RA=00025b7b
DST=0008adbc
VAL=0
LEN=8
---
FUNC=memset
RA=000642f7
DST=0008be90
VAL=0
LEN=8
---
FUNC=memset
RA=00025983
DST=0008adfc
VAL=0
LEN=8
---
FUNC=memset
RA=000642f7
DST=0008c060
VAL=0
LEN=16
---
FUNC=memset
RA=00025b7b
DST=0008adac
VAL=0
LEN=8
---
FUNC=memset
RA=00025b7b
DST=0008adbc
VAL=0
LEN=8
---
FUNC=memset
RA=000642f7
DST=0008be90
VAL=0
LEN=8
---
FUNC=memset
RA=00025983
DST=0008adfc
VAL=0
LEN=8
---
FUNC=memset
RA=000642f7
DST=0008c060
VAL=0
LEN=16
---
FUNC=memset
RA=00025b7b
DST=0008adac
VAL=0
LEN=8
---
FUNC=memset
RA=00025b7b
DST=0008adbc
VAL=0
LEN=8
---
FUNC=memset
RA=000642f7
DST=0008be90
VAL=0
LEN=8
---
FUNC=memset
RA=00025983
DST=0008adf4
VAL=0
LEN=8
---
FUNC=memset
RA=000642f7
DST=0008c060
VAL=0
LEN=16
---
FUNC=memset
RA=00025b7b
DST=0008ad8c
VAL=0
LEN=8
---
FUNC=memset
RA=000642f7
DST=0008be68
VAL=0
LEN=8
---
FUNC=memset
RA=00025b7b
DST=0008adac
VAL=0
LEN=8
---
FUNC=memset
RA=00025b7b
DST=0008adbc
VAL=0
LEN=8
---
FUNC=memset
RA=000642f7
DST=0008be90
VAL=0
LEN=8
---
FUNC=memset
RA=00025983
DST=0008adf4
VAL=0
LEN=8
---
FUNC=memset
RA=000642f7
DST=0008c060
VAL=0
LEN=16
---
FUNC=memset
RA=00025b7b
DST=0008adb4
VAL=0
LEN=8
---
FUNC=memset
RA=000642f7
DST=0008be90
VAL=0
LEN=8
---
FUNC=memset
RA=00025b7b
DST=0008add4
VAL=0
LEN=8
---
FUNC=memset
RA=00025b7b
DST=0008ade4
VAL=0
LEN=8
---
FUNC=memset
RA=000642f7
DST=0008c078
VAL=0
LEN=8
---
FUNC=memset
RA=000642f7
DST=0008c088
VAL=0
LEN=22
---
FUNC=memset
RA=00025b7b
DST=0008adac
VAL=0
LEN=8
---
FUNC=memset
RA=00025b7b
DST=0008adbc
VAL=0
LEN=8
---
FUNC=memset
RA=000642f7
DST=0008be90
VAL=0
LEN=8
---
FUNC=memset
RA=00025983
DST=0008adf4
VAL=0
LEN=8
---
FUNC=memset
RA=000642f7
DST=0008c060
VAL=0
LEN=16
---
FUNC=memset
RA=00025b7b
DST=0008adb4
VAL=0
LEN=8
---
FUNC=memset
RA=000642f7
DST=0008be90
VAL=0
LEN=8
---
FUNC=memset
RA=00025b7b
DST=0008add4
VAL=0
LEN=8
---
FUNC=memset
RA=00025b7b
DST=0008ade4
VAL=0
LEN=8
---
FUNC=memset
RA=000642f7
DST=0008c078
VAL=0
LEN=8
---
FUNC=memset
RA=00025b7b
DST=0008adac
VAL=0
LEN=8
---
FUNC=memset
RA=00025b7b
DST=0008adbc
VAL=0
LEN=8
---
FUNC=memset
RA=000642f7
DST=0008be90
VAL=0
LEN=8
---
FUNC=memset
RA=00025983
DST=0008adf4
VAL=0
LEN=8
---
FUNC=memset
RA=000642f7
DST=0008c060
VAL=0
LEN=16
---
FUNC=memset
RA=00025b7b
DST=0008adb4
VAL=0
LEN=8
---
FUNC=memset
RA=000642f7
DST=0008be90
VAL=0
LEN=8
---
FUNC=memset
RA=00025b7b
DST=0008add4
VAL=0
LEN=8
---
FUNC=memset
RA=00025b7b
DST=0008ade4
VAL=0
LEN=8
---
FUNC=memset
RA=000642f7
DST=0008c078
VAL=0
LEN=8
---
FUNC=memset
RA=00025b7b
DST=0008adac
VAL=0
LEN=8
---
FUNC=memset
RA=00025b7b
DST=0008adbc
VAL=0
LEN=8
---
FUNC=memset
RA=000642f7
DST=0008be90
VAL=0
LEN=8
---
FUNC=memset
RA=00025983
DST=0008adf4
VAL=0
LEN=8
---
FUNC=memset
RA=000642f7
DST=0008c060
VAL=0
LEN=16
---
FUNC=memset
RA=00025b7b
DST=0008adb4
VAL=0
LEN=8
---
FUNC=memset
RA=000642f7
DST=0008be90
VAL=0
LEN=8
---
FUNC=memset
RA=00025b7b
DST=0008add4
VAL=0
LEN=8
---
FUNC=memset
RA=00025b7b
DST=0008ade4
VAL=0
LEN=8
---
FUNC=memset
RA=000642f7
DST=0008c078
VAL=0
LEN=8
---
FUNC=memset
RA=00025b7b
DST=0008adac
VAL=0
LEN=8
---
FUNC=memset
RA=00025b7b
DST=0008adbc
VAL=0
LEN=8
---
FUNC=memset
RA=000642f7
DST=0008be90
VAL=0
LEN=8
---
FUNC=memset
RA=00025983
DST=0008adf4
VAL=0
LEN=8
---
FUNC=memset
RA=000642f7
DST=0008c060
VAL=0
LEN=16
---
FUNC=memset
RA=00025b7b
DST=0008adb4
VAL=0
LEN=8
---
FUNC=memset
RA=000642f7
DST=0008be90
VAL=0
LEN=8
---
FUNC=memset
RA=00025b7b
DST=0008add4
VAL=0
LEN=8
---
FUNC=memset
RA=00025b7b
DST=0008ade4
VAL=0
LEN=8
---
FUNC=memset
RA=000642f7
DST=0008c078
VAL=0
LEN=8
---
FUNC=memset
RA=00027257
DST=0008a394
VAL=0
LEN=16
---
FUNC=memset
RA=00027257
DST=0008a3ac
VAL=0
LEN=16
---
FUNC=memset
RA=00027217
DST=0008a3bc
VAL=0
LEN=20
---
FUNC=memset
RA=00025b7b
DST=0008a3dc
VAL=0
LEN=8
---
FUNC=memset
RA=000642f7
DST=0008c060
VAL=0
LEN=20
---
FUNC=memset
RA=00025b7b
DST=0008a3ec
VAL=0
LEN=8
---
FUNC=memcpy
RA=00032be9
DST=001710b8
SRC=00119ad8
LEN=7
DATA=55424e542d5753
---
FUNC=memcpy
RA=000674f7
DST=beea6610
SRC=0016e64e
LEN=8
DATA=485454502f312e31
---
FUNC=memcpy
RA=000674f7
DST=0014f870
SRC=0016e658
LEN=21
DATA=5365632d576562536f636b65742d56657273696f6e
---
FUNC=memcpy
RA=00069b63
DST=0016bc28
SRC=0014f870
LEN=21
DATA=5365632d576562536f636b65742d56657273696f6e
---
FUNC=memcpy
RA=00032be9
DST=0016def8
SRC=0016bc28
LEN=21
DATA=5365632d576562536f636b65742d56657273696f6e
---
FUNC=memcpy
RA=000674f7
DST=00148818
SRC=0016e673
LEN=17
DATA=5365632d576562536f636b65742d4b6579
---
FUNC=memcpy
RA=00069b63
DST=001754f0
SRC=00148818
LEN=17
DATA=5365632d576562536f636b65742d4b6579
---
FUNC=memcpy
RA=000674f7
DST=0014f870
SRC=0016e685
LEN=25
DATA=2079536946644a3551506b56696d72647748597a484e513d3d
---
FUNC=memcpy
RA=00069b63
DST=0016bc28
SRC=0014f871
LEN=24
DATA=79536946644a3551506b56696d72647748597a484e513d3d
---
FUNC=memcpy
RA=00032be9
DST=0016d990
SRC=001754f0
LEN=17
DATA=5365632d576562536f636b65742d4b6579
---
FUNC=memcpy
RA=000674f7
DST=beea65c8
SRC=0016e6a0
LEN=10
DATA=436f6e6e656374696f6e
---
FUNC=memcpy
RA=00069b63
DST=beea65e0
SRC=beea65c8
LEN=10
DATA=436f6e6e656374696f6e
---
FUNC=memcpy
RA=000674f7
DST=beea65f8
SRC=0016e6ab
LEN=8
DATA=2055706772616465
---
FUNC=memcpy
RA=00069b63
DST=beea6610
SRC=beea65f9
LEN=7
DATA=55706772616465
---
FUNC=memcpy
RA=00032be9
DST=0016dd60
SRC=beea65e0
LEN=10
DATA=436f6e6e656374696f6e
---
FUNC=memcpy
RA=000674f7
DST=beea65c8
SRC=0016e6b5
LEN=7
DATA=55706772616465
---
FUNC=memcpy
RA=00069b63
DST=beea65e0
SRC=beea65c8
LEN=7
DATA=55706772616465
---
FUNC=memcpy
RA=000674f7
DST=beea65f8
SRC=0016e6bd
LEN=10
DATA=20776562736f636b6574
---
FUNC=memcpy
RA=00069b63
DST=beea6610
SRC=beea65f9
LEN=9
DATA=776562736f636b6574
---
FUNC=memcpy
RA=00032be9
DST=0016dbb8
SRC=beea65e0
LEN=7
DATA=55706772616465
---
FUNC=memcpy
RA=000674f7
DST=0014f870
SRC=0016e6c9
LEN=24
DATA=5365632d576562536f636b65742d457874656e73696f6e73
---
FUNC=memcpy
RA=00069b63
DST=0016bc28
SRC=0014f870
LEN=24
DATA=5365632d576562536f636b65742d457874656e73696f6e73
---
FUNC=memcpy
RA=000674f7
DST=00160fd0
SRC=0016e6e2
LEN=43
DATA=207065726d6573736167652d6465666c6174653b20636c69656e745f6d61785f77696e646f775f62697473
---
FUNC=memcpy
RA=00069b63
DST=00161000
SRC=00160fd1
LEN=42
DATA=7065726d6573736167652d6465666c6174653b20636c69656e745f6d61785f77696e646f775f62697473
---
FUNC=memcpy
RA=00032be9
DST=0016e600
SRC=0016bc28
LEN=24
DATA=5365632d576562536f636b65742d457874656e73696f6e73
---
FUNC=memcpy
RA=000674f7
DST=0014f870
SRC=0016e70f
LEN=22
DATA=5365632d576562536f636b65742d50726f746f636f6c
---
FUNC=memcpy
RA=00069b63
DST=0016bc28
SRC=0014f870
LEN=22
DATA=5365632d576562536f636b65742d50726f746f636f6c
---
FUNC=memcpy
RA=000674f7
DST=beea65f8
SRC=0016e726
LEN=5
DATA=2075637034
---
FUNC=memcpy
RA=00069b63
DST=beea6610
SRC=beea65f9
LEN=4
DATA=75637034
---
FUNC=memcpy
RA=00032be9
DST=0016aff0
SRC=0016bc28
LEN=22
DATA=5365632d576562536f636b65742d50726f746f636f6c
---
FUNC=memcpy
RA=000674f7
DST=beea65c8
SRC=0016e72d
LEN=4
DATA=486f7374
---
FUNC=memcpy
RA=00069b63
DST=beea65e0
SRC=beea65c8
LEN=4
DATA=486f7374
---
FUNC=memcpy
RA=000674f7
DST=00148818
SRC=0016e732
LEN=16
DATA=2031302e312e312e3134313a38353731
---
FUNC=memcpy
RA=00069b63
DST=beea6610
SRC=00148819
LEN=15
DATA=31302e312e312e3134313a38353731
---
FUNC=memcpy
RA=00032be9
DST=001756b0
SRC=beea65e0
LEN=4
DATA=486f7374
---
FUNC=memcpy
RA=0002be15
DST=beea6678
SRC=000bfe0b
LEN=4
DATA=486f7374
---
FUNC=memcpy
RA=0002be15
DST=beea6618
SRC=000bfca4
LEN=14
DATA=436f6e74656e742d4c656e677468
---
FUNC=memcpy
RA=0002be15
DST=00148818
SRC=000bfccf
LEN=17
DATA=5472616e736665722d456e636f64696e67
---
FUNC=memcpy
RA=0002be15
DST=beea6550
SRC=000bfdcc
LEN=7
DATA=55706772616465
---
FUNC=memcpy
RA=0002be15
DST=beea6550
SRC=000bf469
LEN=10
DATA=436f6e6e656374696f6e
---
FUNC=memcpy
RA=0002be15
DST=0014f870
SRC=000bfdf5
LEN=21
DATA=5365632d576562536f636b65742d56657273696f6e
---
FUNC=memcpy
RA=0002be15
DST=0014f870
SRC=000bfdf5
LEN=21
DATA=5365632d576562536f636b65742d56657273696f6e
---
FUNC=memcpy
RA=0002be15
DST=beea6538
SRC=000bfdcc
LEN=7
DATA=55706772616465
---
FUNC=memcpy
RA=0002be15
DST=beea6538
SRC=000bf469
LEN=10
DATA=436f6e6e656374696f6e
---
FUNC=memcpy
RA=0002be15
DST=00148818
SRC=000bf659
LEN=17
DATA=5365632d576562536f636b65742d4b6579
---
FUNC=memcpy
RA=0002be15
DST=0014f870
SRC=000c035d
LEN=24
DATA=5365632d576562536f636b65742d457874656e73696f6e73
---
FUNC=memcpy
RA=00069b63
DST=00148818
SRC=00176500
LEN=18
DATA=7065726d6573736167652d6465666c617465
---
FUNC=memcpy
RA=00069b63
DST=0016bc28
SRC=00176514
LEN=22
DATA=636c69656e745f6d61785f77696e646f775f62697473
---
FUNC=memcpy
RA=00032be9
DST=0016d9d8
SRC=0016db78
LEN=22
DATA=636c69656e745f6d61785f77696e646f775f62697473
---
FUNC=memcpy
RA=00032be9
DST=001754f0
SRC=001254e8
LEN=18
DATA=7065726d6573736167652d6465666c617465
---
FUNC=memcpy
RA=00032be9
DST=0016bc28
SRC=0016d9d8
LEN=22
DATA=636c69656e745f6d61785f77696e646f775f62697473
---
FUNC=memcpy
RA=0002be15
DST=beea6508
SRC=000bfe0b
LEN=4
DATA=486f7374
---
FUNC=memcpy
RA=00032be9
DST=beea64d8
SRC=001756c8
LEN=15
DATA=31302e312e312e3134313a38353731
---
FUNC=memcpy
RA=0002be15
DST=beea64f0
SRC=beea64d8
LEN=10
DATA=31302e312e312e313431
---
FUNC=memcpy
RA=0002be15
DST=beea6508
SRC=beea64e3
LEN=4
DATA=38353731
---
FUNC=memcpy
RA=00032be9
DST=00160e2c
SRC=beea64f0
LEN=10
DATA=31302e312e312e313431
---
FUNC=memcpy
RA=0002be15
DST=0016bc28
SRC=000bfdd4
LEN=22
DATA=5365632d576562536f636b65742d50726f746f636f6c
---
FUNC=memcpy
RA=0002be15
DST=0016bc28
SRC=000bfdd4
LEN=22
DATA=5365632d576562536f636b65742d50726f746f636f6c
---
FUNC=memcpy
RA=00069b63
DST=beea6440
SRC=00175680
LEN=4
DATA=75637034
---
FUNC=memcpy
RA=00032be9
DST=beea64b8
SRC=beea646c
LEN=4
DATA=75637034
---
FUNC=memcpy
RA=00032be9
DST=0016bc30
SRC=00168960
LEN=4
DATA=75637034
---
FUNC=memcpy
RA=0002be15
DST=beea6148
SRC=beea6158
LEN=8
DATA=31302e312e312e31
---
FUNC=memcpy
RA=0002be15
DST=beea6488
SRC=000c1423
LEN=6
DATA=782d6d6f6465
---
FUNC=memcpy
RA=0002be15
DST=beea64a0
SRC=000aed2b
LEN=6
DATA=200c0a0d090b
---
FUNC=memcpy
RA=0002be15
DST=beea64a0
SRC=000c142a
LEN=4
DATA=75637034
---
FUNC=memcpy
RA=0002be15
DST=001754f0
SRC=000bf982
LEN=19
DATA=537769746368696e672050726f746f636f6c73
---
FUNC=memcpy
RA=0002be15
DST=00148818
SRC=000bf659
LEN=17
DATA=5365632d576562536f636b65742d4b6579
---
FUNC=memcpy
RA=00032be9
DST=0014f870
SRC=0016b410
LEN=24
DATA=79536946644a3551506b56696d72647748597a484e513d3d
---
FUNC=memcpy
RA=0002be15
DST=0014f870
SRC=000bfdb7
LEN=20
DATA=5365632d576562536f636b65742d416363657074
---
FUNC=memcpy
RA=00032be9
DST=0016d9d8
SRC=0014f870
LEN=20
DATA=5365632d576562536f636b65742d416363657074
---
FUNC=memcpy
RA=0002be15
DST=beea6518
SRC=000bfdcc
LEN=7
DATA=55706772616465
---
FUNC=memcpy
RA=0002be15
DST=beea6530
SRC=000c49f4
LEN=9
DATA=776562736f636b6574
---
FUNC=memcpy
RA=00032be9
DST=0016e270
SRC=beea6518
LEN=7
DATA=55706772616465
---
FUNC=memcpy
RA=0002be15
DST=beea6518
SRC=000bf469
LEN=10
DATA=436f6e6e656374696f6e
---
FUNC=memcpy
RA=0002be15
DST=beea6530
SRC=000c49fe
LEN=7
DATA=55706772616465
---
FUNC=memcpy
RA=00032be9
DST=0016e300
SRC=beea6518
LEN=10
DATA=436f6e6e656374696f6e
---
FUNC=memcpy
RA=0002be15
DST=0014f870
SRC=000bfdd4
LEN=22
DATA=5365632d576562536f636b65742d50726f746f636f6c
---
FUNC=memcpy
RA=00032be9
DST=0016bc48
SRC=0014f870
LEN=22
DATA=5365632d576562536f636b65742d50726f746f636f6c
---
FUNC=memcpy
RA=0002be15
DST=beea6680
SRC=000bf650
LEN=8
DATA=485454502f312e31
---
FUNC=memcpy
RA=0002be15
DST=beea6680
SRC=000c10b6
LEN=6
DATA=536572766572
---
FUNC=memcpy
RA=0002be15
DST=beea6680
SRC=000c10b6
LEN=6
DATA=536572766572
---
FUNC=memcpy
RA=00032be9
DST=0016e390
SRC=beea6680
LEN=6
DATA=536572766572
---
FUNC=memcpy
RA=00078c61
DST=beea63fc
SRC=beea6378
LEN=132
DATA=30b11600b0000000000000000000000000000000000000000000000000000000000000000000000000000000000000000000000000000000000000000000000000000000000000000000000000000000000000000000000000000000000000000000000000000000000000000000000000000000000000000000000000000000
---
FUNC=memcpy
RA=00078c73
DST=beea6488
SRC=beea63fc
LEN=132
DATA=30b11600b0000000000000000000000000000000000000000000000000000000000000000000000000000000000000000000000000000000000000000000000000000000000000000000000000000000000000000000000000000000000000000000000000000000000000000000000000000000000000000000000000000000
---
FUNC=memcpy
RA=00076e4d
DST=beea6254
SRC=beea6488
LEN=132
DATA=30b11600b0000000000000000000000000000000000000000000000000000000000000000000000000000000000000000000000000000000000000000000000000000000000000000000000000000000000000000000000000000000000000000000000000000000000000000000000000000000000000000000000000000000
---
FUNC=memcpy
RA=00076e4d
DST=00130c78
SRC=beea6254
LEN=132
DATA=30b11600b0000000000000000000000000000000000000000000000000000000000000000000000000000000000000000000000000000000000000000000000000000000000000000000000000000000000000000000000000000000000000000000000000000000000000000000000000000000000000000000000000000000
---
FUNC=memcpy
RA=00076e4d
DST=beea68d4
SRC=00130c78
LEN=132
DATA=30b11600b0000000000000000000000000000000000000000000000000000000000000000000000000000000000000000000000000000000000000000000000000000000000000000000000000000000000000000000000000000000000000000000000000000000000000000000000000000000000000000000000000000000
---
FUNC=memcpy
RA=0002be15
DST=beea6230
SRC=000bfdcc
LEN=7
DATA=55706772616465
---
FUNC=memcpy
RA=0002be15
DST=beea6230
SRC=000bf469
LEN=10
DATA=436f6e6e656374696f6e
---
FUNC=memcpy
RA=0002be15
DST=0014f870
SRC=000bfdf5
LEN=21
DATA=5365632d576562536f636b65742d56657273696f6e
---
FUNC=memcpy
RA=0002be15
DST=0014f870
SRC=000bfdf5
LEN=21
DATA=5365632d576562536f636b65742d56657273696f6e
---
FUNC=memcpy
RA=0002be15
DST=beea5f58
SRC=beea5f68
LEN=8
DATA=31302e312e312e31
---
FUNC=memcpy
RA=0002be15
DST=beea62b8
SRC=000bff10
LEN=10
DATA=557365722d4167656e74
---
FUNC=memset
RA=00063c25
DST=0016e3c0
VAL=0
LEN=64
---
FUNC=memset
RA=00063c25
DST=0016e408
VAL=0
LEN=64
---
FUNC=memmove
RA=00032e61
DST=0016b308
SRC=0011e798
LEN=16
DATA=8dccbbb6367f40988c7ae214b674fb6f
---
FUNC=memmove
RA=00032e61
DST=00175508
SRC=0016e3c0
LEN=32
DATA=1315740706b7eb7f0eb925af76a805a5c9dd6912836680acaefff77e27f8e3ae
---
FUNC=memmove
RA=00032e61
DST=00175578
SRC=0016e408
LEN=32
DATA=3c232e926c94efc66099574fa66ac41cb414971d0f0d744b29f1e2b21ea61f50
---
FUNC=memcpy
RA=0002be15
DST=beea6110
SRC=000bfd9d
LEN=5
DATA=77733a2f2f
---
FUNC=memcpy
RA=0002be15
DST=beea5e00
SRC=beea5e10
LEN=8
DATA=31302e312e312e31
---
FUNC=memcpy
RA=00032be9
DST=beea6150
SRC=beea6110
LEN=5
DATA=77733a2f2f
---
FUNC=memcpy
RA=000609cf
DST=beea61f8
SRC=000be56c
LEN=7
DATA=57616974696e67
---
FUNC=memcpy
RA=000609cf
DST=beea6198
SRC=000be5e3
LEN=13
DATA=627269646765496e666f476574
---
FUNC=memcpy
RA=000609cf
DST=beea6198
SRC=000be5f1
LEN=11
DATA=6b657945786368616e6765
---
FUNC=memmove
RA=00032e61
DST=001689e8
SRC=0013115a
LEN=6
DATA=008318e6ef04
---
FUNC=memmove
RA=00032e61
DST=beea6624
SRC=001689ea
LEN=4
DATA=18e6ef04
---
FUNC=memcpy
RA=0005a7eb
DST=0016e950
SRC=000b250e
LEN=6
DATA=647269766572
---
FUNC=memcpy
RA=00032be9
DST=0016e970
SRC=00148b14
LEN=6
DATA=737831333032
---
FUNC=memcpy
RA=0005a7eb
DST=0016e990
SRC=000b2523
LEN=6
DATA=76656e646f72
---
FUNC=memcpy
RA=00032be9
DST=0016e9b0
SRC=00148ae4
LEN=7
DATA=53656d74656368
---
FUNC=memcpy
RA=000609cf
DST=0016e9d0
SRC=000b252a
LEN=4
DATA=70617274
---
FUNC=memcpy
RA=00032be9
DST=0016e9f0
SRC=00148afc
LEN=6
DATA=535831333032
---
FUNC=memcpy
RA=000609cf
DST=0016ea48
SRC=000be574
LEN=7
DATA=69735265616479
---
FUNC=memcpy
RA=00032be9
DST=0016ebb8
SRC=00148aa4
LEN=6
DATA=726164696f30
---
FUNC=memcpy
RA=000609cf
DST=0016e9d0
SRC=000bf601
LEN=7
DATA=76657273696f6e
---
FUNC=memcpy
RA=00032be9
DST=0016e990
SRC=00109ac8
LEN=5
DATA=312e312e30
---
FUNC=memcpy
RA=000609cf
DST=0016ec08
SRC=000d4abe
LEN=4
DATA=74797065
---
FUNC=memcpy
RA=000609cf
DST=0016ec28
SRC=000be599
LEN=11
DATA=4c6f52612d427269646765
---
FUNC=memcpy
RA=000609cf
DST=0016ec48
SRC=000be5a5
LEN=7
DATA=72756e74696d65
---
FUNC=memcpy
RA=000609cf
DST=0016ec68
SRC=000be5ad
LEN=12
DATA=64656661756c744966616365
---
FUNC=memcpy
RA=00032be9
DST=0016ec88
SRC=00148aa4
LEN=6
DATA=726164696f30
---
FUNC=memcpy
RA=0005a7eb
DST=0016ecb8
SRC=000b252f
LEN=6
DATA=696661636573
---
FUNC=memcpy
RA=00078c61
DST=beea649c
SRC=beea6418
LEN=132
DATA=54f7160004000000a0f716005501000000000000000000000000000000000000000000000000000000000000000000000000000000000000000000000000000000000000000000000000000000000000000000000000000000000000000000000000000000000000000000000000000000000000000000000000000000000000
---
FUNC=memcpy
RA=00078c73
DST=beea6528
SRC=beea649c
LEN=132
DATA=54f7160004000000a0f716005501000000000000000000000000000000000000000000000000000000000000000000000000000000000000000000000000000000000000000000000000000000000000000000000000000000000000000000000000000000000000000000000000000000000000000000000000000000000000
---
FUNC=memcpy
RA=0007552f
DST=beea4288
SRC=0016f754
LEN=4
DATA=827e0155
---
FUNC=memcpy
RA=00076e4d
DST=beea62f4
SRC=beea6528
LEN=132
DATA=54f7160004000000a0f716005501000000000000000000000000000000000000000000000000000000000000000000000000000000000000000000000000000000000000000000000000000000000000000000000000000000000000000000000000000000000000000000000000000000000000000000000000000000000000
---
FUNC=memcpy
RA=00076e4d
DST=00130c78
SRC=beea62f4
LEN=132
DATA=54f7160004000000a0f716005501000000000000000000000000000000000000000000000000000000000000000000000000000000000000000000000000000000000000000000000000000000000000000000000000000000000000000000000000000000000000000000000000000000000000000000000000000000000000
---
FUNC=memcpy
RA=00076e4d
DST=beea68d4
SRC=00130c78
LEN=132
DATA=54f7160004000000a0f716005501000000000000000000000000000000000000000000000000000000000000000000000000000000000000000000000000000000000000000000000000000000000000000000000000000000000000000000000000000000000000000000000000000000000000000000000000000000000000
---
FUNC=memmove
RA=00032e61
DST=001689e8
SRC=0013115a
LEN=6
DATA=00c9d783c642
---
FUNC=memmove
RA=00032e61
DST=beea6624
SRC=001689ea
LEN=4
DATA=d783c642
---
FUNC=memmove
RA=00036873
DST=00175700
SRC=0016ecd0
LEN=4
DATA=226b6579
---
FUNC=memmove
RA=00036873
DST=00175620
SRC=00175700
LEN=8
DATA=2263633534396336
---
FUNC=memmove
RA=00036873
DST=0016ece0
SRC=00175620
LEN=16
DATA=22636335343963363932646461313536
---
FUNC=memmove
RA=00036873
DST=0016e3c0
SRC=0016ece0
LEN=32
DATA=2263633534396336393264646131353635373534306262656564626630343363
---
FUNC=memmove
RA=00036873
DST=0016cdd0
SRC=0016e3c0
LEN=64
DATA=22636335343963363932646461313536353735343062626565646266303433633631633237363962353537303739383561373763303832656533333330326336
---
FUNC=memcpy
RA=00032be9
DST=0016e3c0
SRC=00176ae0
LEN=64
DATA=63633534396336393264646131353635373534306262656564626630343363363163323736396235353730373938356137376330383265653333333032633665
---
FUNC=memset
RA=00032679
DST=0016ece0
VAL=0
LEN=32
---
FUNC=memset
RA=00032679
DST=0016e7f0
VAL=0
LEN=32
---
FUNC=memset
RA=00032679
DST=0016e870
VAL=0
LEN=32
---
FUNC=memset
RA=00032679
DST=0016ea18
VAL=0
LEN=32
---
FUNC=memset
RA=00032679
DST=0016ea70
VAL=0
LEN=32
---
FUNC=randombytes
RA=0003af2f
LEN=32
BUF=94ecdc179fe0f635dcf3c7ddb7e9de6162d4f9c32783e681d7d09a2e3cd9e478
---
FUNC=memmove
RA=000699d7
DST=0016efa8
SRC=0016eed0
LEN=204
DATA=01010000000000727b226572726f72223a22222c226572726f72436f6465223a302c226964223a2232363235326336362d376631622d343431612d396331392d316635373334613838616635222c2274696d657374616d70223a313737363739373630393030302c2274797065223a22726573706f6e7365227d020100000000
---
FUNC=memcpy
RA=0002be15
DST=beea5f78
SRC=000bfd9d
LEN=5
DATA=77733a2f2f
---
FUNC=memcpy
RA=00032be9
DST=beea5fb8
SRC=beea5f78
LEN=5
DATA=77733a2f2f
---
FUNC=memcpy
RA=0005f53d
DST=beea6060
SRC=000bdefb
LEN=9
DATA=48616e647368616b65
---
FUNC=memmove
RA=00032e61
DST=0016a018
SRC=0016ece0
LEN=32
DATA=cc549c692dda15657540bbeedbf043c61c2769b55707985a77c082ee33302c6e
---
FUNC=memcpy
RA=0005f53d
DST=beea6000
SRC=000be03d
LEN=9
DATA=617574686f72697a65
---
FUNC=memcpy
RA=00078c61
DST=beea649c
SRC=beea6418
LEN=132
DATA=c495140004000000a8ef1600cc00000000000000000000000000000000000000000000000000000000000000000000000000000000000000000000000000000000000000000000000000000000000000000000000000000000000000000000000000000000000000000000000000000000000000000000000000000000000000
---
FUNC=memcpy
RA=00078c73
DST=beea6528
SRC=beea649c
LEN=132
DATA=c495140004000000a8ef1600cc00000000000000000000000000000000000000000000000000000000000000000000000000000000000000000000000000000000000000000000000000000000000000000000000000000000000000000000000000000000000000000000000000000000000000000000000000000000000000
---
FUNC=memcpy
RA=0007552f
DST=beea4288
SRC=001495c4
LEN=4
DATA=827e00cc
---
FUNC=memcpy
RA=0007552f
DST=beea428c
SRC=0016efa8
LEN=204
DATA=01010000000000727b226572726f72223a22222c226572726f72436f6465223a302c226964223a2232363235326336362d376631622d343431612d396331392d316635373334613838616635222c2274696d657374616d70223a313737363739373630393030302c2274797065223a22726573706f6e7365227d020100000000
---
FUNC=memcpy
RA=00076e4d
DST=beea62f4
SRC=beea6528
LEN=132
DATA=c495140004000000a8ef1600cc00000000000000000000000000000000000000000000000000000000000000000000000000000000000000000000000000000000000000000000000000000000000000000000000000000000000000000000000000000000000000000000000000000000000000000000000000000000000000
---
FUNC=memcpy
RA=00076e4d
DST=00130c78
SRC=beea62f4
LEN=132
DATA=c495140004000000a8ef1600cc00000000000000000000000000000000000000000000000000000000000000000000000000000000000000000000000000000000000000000000000000000000000000000000000000000000000000000000000000000000000000000000000000000000000000000000000000000000000000
---
FUNC=memcpy
RA=00076e4d
DST=beea68d4
SRC=00130c78
LEN=132
DATA=c495140004000000a8ef1600cc00000000000000000000000000000000000000000000000000000000000000000000000000000000000000000000000000000000000000000000000000000000000000000000000000000000000000000000000000000000000000000000000000000000000000000000000000000000000000
---
FUNC=memmove
RA=00032e61
DST=001689e8
SRC=0013115a
LEN=6
DATA=00fc3ae98435
---
FUNC=memmove
RA=00032e61
DST=beea6624
SRC=001689ea
LEN=4
DATA=3ae98435
---
FUNC=memmove
RA=00036873
DST=00175700
SRC=0016db08
LEN=4
DATA=22636c69
---
FUNC=memmove
RA=00036873
DST=0016df18
SRC=00175700
LEN=8
DATA=22636c69656e7449
---
FUNC=memcpy
RA=00032be9
DST=0016f138
SRC=beea603c
LEN=8
DATA=636c69656e744944
---
FUNC=memmove
RA=00036873
DST=0016ed68
SRC=0016df18
LEN=16
DATA=2236353265653962302d386561332d34
---
FUNC=memmove
RA=00036873
DST=0016e3c0
SRC=0016ed68
LEN=32
DATA=2236353265653962302d386561332d343161392d383538392d62363031313539
---
FUNC=memcpy
RA=00032be9
DST=00161000
SRC=0016e408
LEN=36
DATA=36353265653962302d386561332d343161392d383538392d623630313135396561366236
---
FUNC=memcpy
RA=00032be9
DST=00122eb8
SRC=0016e408
LEN=6
DATA=736563726574
---
FUNC=memmove
RA=00036873
DST=0016fea8
SRC=0016e3c0
LEN=64
DATA=22596345796f545766333672612b6e3045323949735437544155696e565a6830646c7854713839474c653944626c6a4c723142725631726e6a34625a6a55627a
---
FUNC=memcpy
RA=00032be9
DST=0016e3c0
SRC=00176ae0
LEN=64
DATA=596345796f545766333672612b6e3045323949735437544155696e565a6830646c7854713839474c653944626c6a4c723142725631726e6a34625a6a55627a37
---
FUNC=memcpy
RA=0002be15
DST=beea6068
SRC=0016f0f0
LEN=8
DATA=3635326565396230
---
FUNC=memcpy
RA=0002be15
DST=beea6068
SRC=0016f0f9
LEN=4
DATA=38656133
---
FUNC=memcpy
RA=0002be15
DST=beea6068
SRC=0016f0fe
LEN=4
DATA=34316139
---
FUNC=memcpy
RA=0002be15
DST=beea6068
SRC=0016f103
LEN=4
DATA=38353839
---
FUNC=memcpy
RA=0002be15
DST=beea6068
SRC=0016f108
LEN=12
DATA=623630313135396561366236
---
FUNC=memcpy
RA=00032be9
DST=0016dec8
SRC=0016f0f0
LEN=36
DATA=36353265653962302d386561332d343161392d383538392d623630313135396561366236
---
FUNC=memset
RA=00032679
DST=0016df18
VAL=0
LEN=16
---
FUNC=memcpy
RA=0002be15
DST=beea6008
SRC=000bfd9d
LEN=5
DATA=77733a2f2f
---
FUNC=memcpy
RA=00032be9
DST=beea6048
SRC=beea6008
LEN=5
DATA=77733a2f2f
---
FUNC=memcpy
RA=00059f65
DST=beea60b8
SRC=000bcb82
LEN=14
DATA=496e7465726661636520646f776e
---
FUNC=memmove
RA=000699d7
DST=00170090
SRC=0016fff8
LEN=146
DATA=01010000000000807b226572726f72223a22496e7465726661636520646f776e222c226572726f72436f6465223a372c226964223a2265396531313031392d346666302d343638382d613566352d373965666439356635613239222c2274696d657374616d70223a313737363739373630393031342c2274797065223a227265
---
FUNC=memcpy
RA=00078c61
DST=beea649c
SRC=beea6418
LEN=132
DATA=54f7160004000000900017009200000000000000000000000000000000000000000000000000000000000000000000000000000000000000000000000000000000000000000000000000000000000000000000000000000000000000000000000000000000000000000000000000000000000000000000000000000000000000
---
FUNC=memcpy
RA=00078c73
DST=beea6528
SRC=beea649c
LEN=132
DATA=54f7160004000000900017009200000000000000000000000000000000000000000000000000000000000000000000000000000000000000000000000000000000000000000000000000000000000000000000000000000000000000000000000000000000000000000000000000000000000000000000000000000000000000
---
FUNC=memcpy
RA=0007552f
DST=beea4288
SRC=0016f754
LEN=4
DATA=827e0092
---
FUNC=memcpy
RA=0007552f
DST=beea428c
SRC=00170090
LEN=146
DATA=01010000000000807b226572726f72223a22496e7465726661636520646f776e222c226572726f72436f6465223a372c226964223a2265396531313031392d346666302d343638382d613566352d373965666439356635613239222c2274696d657374616d70223a313737363739373630393031342c2274797065223a227265
---
FUNC=memcpy
RA=00076e4d
DST=beea62f4
SRC=beea6528
LEN=132
DATA=54f7160004000000900017009200000000000000000000000000000000000000000000000000000000000000000000000000000000000000000000000000000000000000000000000000000000000000000000000000000000000000000000000000000000000000000000000000000000000000000000000000000000000000
---
FUNC=memcpy
RA=00076e4d
DST=00130c78
SRC=beea62f4
LEN=132
DATA=54f7160004000000900017009200000000000000000000000000000000000000000000000000000000000000000000000000000000000000000000000000000000000000000000000000000000000000000000000000000000000000000000000000000000000000000000000000000000000000000000000000000000000000
---
FUNC=memcpy
RA=00076e4d
DST=beea68d4
SRC=00130c78
LEN=132
DATA=54f7160004000000900017009200000000000000000000000000000000000000000000000000000000000000000000000000000000000000000000000000000000000000000000000000000000000000000000000000000000000000000000000000000000000000000000000000000000000000000000000000000000000000
---
FUNC=memmove
RA=00032e61
DST=001689e8
SRC=0013115a
LEN=4
DATA=e71e1921
---
FUNC=memmove
RA=00032e61
DST=beea6624
SRC=001689e8
LEN=4
DATA=e71e1921
---
FUNC=memcpy
RA=00078c61
DST=beea649c
SRC=beea6418
LEN=132
DATA=c495140002000000f49514000200000000000000000000000000000000000000000000000000000000000000000000000000000000000000000000000000000000000000000000000000000000000000000000000000000000000000000000000000000000000000000000000000000000000000000000000000000000000000
---
FUNC=memcpy
RA=00078c73
DST=beea6528
SRC=beea649c
LEN=132
DATA=c495140002000000f49514000200000000000000000000000000000000000000000000000000000000000000000000000000000000000000000000000000000000000000000000000000000000000000000000000000000000000000000000000000000000000000000000000000000000000000000000000000000000000000
---
FUNC=memcpy
RA=00076e4d
DST=beea62f4
SRC=beea6528
LEN=132
DATA=c495140002000000f49514000200000000000000000000000000000000000000000000000000000000000000000000000000000000000000000000000000000000000000000000000000000000000000000000000000000000000000000000000000000000000000000000000000000000000000000000000000000000000000
---
FUNC=memcpy
RA=00076e4d
DST=00130c78
SRC=beea62f4
LEN=132
DATA=c495140002000000f49514000200000000000000000000000000000000000000000000000000000000000000000000000000000000000000000000000000000000000000000000000000000000000000000000000000000000000000000000000000000000000000000000000000000000000000000000000000000000000000
---
FUNC=memcpy
RA=00076e4d
DST=beea68d4
SRC=00130c78
LEN=132
DATA=c495140002000000f49514000200000000000000000000000000000000000000000000000000000000000000000000000000000000000000000000000000000000000000000000000000000000000000000000000000000000000000000000000000000000000000000000000000000000000000000000000000000000000000
---
FUNC=memcpy
RA=0007c5c5
DST=b67d17e0
SRC=000c4c7c
LEN=8FUNC=memcpy
RA=000467f3
DATA=44
DST=beea68b8
SRC=7269000b5a27
LEN=76657
DATA=723a456e20
---
61626c6564
---
FUNC=memset
RA=0007f711FUNC=memmove
RA=00032e61
DST=00148908
SRC=beea69c0
LEN=6
DATA=9041b234
DST=b67d167083dc
---

VAL=0
LEN=FUNC=memmove
RA=00032e6196
---

DST=b5c00618
SRC=b5fc529c
LEN=16
DATA=e0439041b22e9a536b2a16963da91d4a
---
FUNC=memmove
RA=00032e61
DST=b5c00680
SRC=b5c00618
LEN=16
DATA=e0439041b22e9a536b2a16963da91d4a
---
FUNC=memmove
RA=00032e61
DST=b5c006c0
SRC=b5c00680
LEN=16
DATA=e0439041b22e9a536b2a16963da91d4a
---
FUNC=memset
RA=0007f711
DST=b67d1670
VAL=0FUNC=memmove
RA=00032e61
DST=00148e78
SRC=beea69c0
LEN=FUNC=memmove
RA=00032e61
DST=
LEN=96
---
6
DATA=9041b23483dc
---
b5c00738
SRC=b5c006c0
LEN=16
DATA=e0439041b22e9a536b2a16963da91d4a
---
FUNC=memmove
RA=00032e61
DST=00148830
SRC=00148e78
LEN=6
DATA=9041b23483dc
---
FUNC=memmove
RA=00032e61
DST=00148818
SRC=b5c00738
LEN=16
DATA=e0439041b22e9a536b2a16963da91d4a
---
FUNC=memmove
RA=00032e61
DST=b5e07b90
SRC=00148818
LEN=16
DATA=e0439041b22e9a536b2a16963da91d4a
---
FUNC=memcpy
RA=0005790f
DST=001755a0
SRC=000bc077
LEN=19
DATA=4c6f52612065786368616e6765206374782040
---
FUNC=memset
RA=00032679
DST=00175700
VAL=0
LEN=6
---
FUNC=memset
RA=00044c03
DST=0016eca0
VAL=0
LEN=6
---
FUNC=memmove
RA=00032e61
DST=00175700
SRC=0016eca0
LEN=6
DATA=9041b22e9a53
---
FUNC=memset
RA=00032679
DST=0016eca0
VAL=0
LEN=6
---
FUNC=memmove
RA=00032e61
DST=b5c00750
SRC=b5fc529c
LEN=80
DATA=e0549041b22e9a536cb7106222162e016be2dfdd6e8e0d016c0ab0479c6d73a08c48194136bff7dbe42877b3072247d88e11f360627f3d456426d83bc025214af9e89ea072cee6fdc1030d850ba6631a
---
FUNC=memmove
RA=00032e61
DST=b5c007a8
SRC=b5c00750
LEN=80
DATA=e0549041b22e9a536cb7106222162e016be2dfdd6e8e0d016c0ab0479c6d73a08c48194136bff7dbe42877b3072247d88e11f360627f3d456426d83bc025214af9e89ea072cee6fdc1030d850ba6631a
---
FUNC=memmove
RA=00032e61
DST=b5c00800
SRC=b5c007a8
LEN=80
DATA=e0549041b22e9a536cb7106222162e016be2dfdd6e8e0d016c0ab0479c6d73a08c48194136bff7dbe42877b3072247d88e11f360627f3d456426d83bc025214af9e89ea072cee6fdc1030d850ba6631a
---
FUNC=memmove
RA=00032e61
DST=b5c00880
SRC=b5c00800
LEN=80
DATA=e0549041b22e9a536cb7106222162e016be2dfdd6e8e0d016c0ab0479c6d73a08c48194136bff7dbe42877b3072247d88e11f360627f3d456426d83bc025214af9e89ea072cee6fdc1030d850ba6631a
---
FUNC=memmove
RA=00032e61
DST=0018ea40
SRC=b5c00880
LEN=80
DATA=e0549041b22e9a536cb7106222162e016be2dfdd6e8e0d016c0ab0479c6d73a08c48194136bff7dbe42877b3072247d88e11f360627f3d456426d83bc025214af9e89ea072cee6fdc1030d850ba6631a
---
FUNC=memmove
RA=00032e61
DST=b5c00880
SRC=0018ea40
LEN=80
DATA=e0549041b22e9a536cb7106222162e016be2dfdd6e8e0d016c0ab0479c6d73a08c48194136bff7dbe42877b3072247d88e11f360627f3d456426d83bc025214af9e89ea072cee6fdc1030d850ba6631a
---
FUNC=memcpy
RA=0005790f
DST=001755a0
SRC=000bc077
LEN=19
DATA=4c6f52612065786368616e6765206374782040
---
FUNC=memset
RA=00032679
DST=00175700
VAL=0
LEN=6
---
FUNC=memset
RA=00044c03
DST=0016eca0
VAL=0
LEN=6
---
FUNC=memmove
RA=00032e61
DST=00175700
SRC=0016eca0
LEN=6
DATA=9041b22e9a53
---
FUNC=memset
RA=00032679
DST=0016eca0
VAL=0
LEN=6
---
FUNC=memcpy
RA=0002be15
DST=beea6760
SRC=000bf8e2
LEN=13
DATA=54696d65722045787069726564
---
FUNC=memcpy
RA=0002be15
DST=beea6650
SRC=000bfd9d
LEN=5
DATA=77733a2f2f
---
FUNC=memcpy
RA=00032be9
DST=beea6690
SRC=beea6650
LEN=5
DATA=77733a2f2f
---
FUNC=memcpy
RA=00060827
DST=beea6738
SRC=000be524
LEN=8
DATA=53687574646f776e
---
FUNC=memcpy
RA=0002be15
DST=00148818
SRC=000c04aa
LEN=16
DATA=636c6f73652d6f6e2d72657175657374
---
FUNC=memcpy
RA=0002be15
DST=0014fbe0
SRC=00148818
LEN=16
DATA=636c6f73652d6f6e2d72657175657374
---
FUNC=memcpy
RA=0002be15
DST=0016a248
SRC=000c04aa
LEN=16
DATA=636c6f73652d6f6e2d72657175657374
---
FUNC=memcpy
RA=0002be15
DST=00148818
SRC=0016a248
LEN=16
DATA=636c6f73652d6f6e2d72657175657374
---
FUNC=memcpy
RA=00032be9
DST=00155b40
SRC=00119ad8
LEN=7
DATA=55424e542d5753
---
FUNC=memcpy
RA=000674f7
DST=beea6610
SRC=0016e25e
LEN=8
DATA=485454502f312e31
---
FUNC=memcpy
RA=000674f7
DST=0016e9c8
SRC=0016e268
LEN=21
DATA=5365632d576562536f636b65742d56657273696f6e
---
FUNC=memcpy
RA=00069b63
DST=00170718
SRC=0016e9c8
LEN=21
DATA=5365632d576562536f636b65742d56657273696f6e
---
FUNC=memcpy
RA=00032be9
DST=00170770
SRC=00170718
LEN=21
DATA=5365632d576562536f636b65742d56657273696f6e
---
FUNC=memcpy
RA=000674f7
DST=00144e60
SRC=0016e283
LEN=17
DATA=5365632d576562536f636b65742d4b6579
---
FUNC=memcpy
RA=00069b63
DST=00145b48
SRC=00144e60
LEN=17
DATA=5365632d576562536f636b65742d4b6579
---
FUNC=memcpy
RA=000674f7
DST=0016e9c8
SRC=0016e295
LEN=25
DATA=207a675478315139784e664657624456443849686661673d3d
---
FUNC=memcpy
RA=00069b63
DST=00170718
SRC=0016e9c9
LEN=24
DATA=7a675478315139784e664657624456443849686661673d3d
---
FUNC=memcpy
RA=00032be9
DST=0016e9e8
SRC=00145b48
LEN=17
DATA=5365632d576562536f636b65742d4b6579
---
FUNC=memcpy
RA=000674f7
DST=beea65c8
SRC=0016e2b0
LEN=10
DATA=436f6e6e656374696f6e
---
FUNC=memcpy
RA=00069b63
DST=beea65e0
SRC=beea65c8
LEN=10
DATA=436f6e6e656374696f6e
---
FUNC=memcpy
RA=000674f7
DST=beea65f8
SRC=0016e2bb
LEN=8
DATA=2055706772616465
---
FUNC=memcpy
RA=00069b63
DST=beea6610
SRC=beea65f9
LEN=7
DATA=55706772616465
---
FUNC=memcpy
RA=00032be9
DST=00145ae8
SRC=beea65e0
LEN=10
DATA=436f6e6e656374696f6e
---
FUNC=memcpy
RA=000674f7
DST=beea65c8
SRC=0016e2c5
LEN=7
DATA=55706772616465
---
FUNC=memcpy
RA=00069b63
DST=beea65e0
SRC=beea65c8
LEN=7
DATA=55706772616465
---
FUNC=memcpy
RA=000674f7
DST=beea65f8
SRC=0016e2cd
LEN=10
DATA=20776562736f636b6574
---
FUNC=memcpy
RA=00069b63
DST=beea6610
SRC=beea65f9
LEN=9
DATA=776562736f636b6574
---
FUNC=memcpy
RA=00032be9
DST=001459f8
SRC=beea65e0
LEN=7
DATA=55706772616465
---
FUNC=memcpy
RA=000674f7
DST=0016e9c8
SRC=0016e2d9
LEN=24
DATA=5365632d576562536f636b65742d457874656e73696f6e73
---
FUNC=memcpy
RA=00069b63
DST=00170718
SRC=0016e9c8
LEN=24
DATA=5365632d576562536f636b65742d457874656e73696f6e73
---
FUNC=memcpy
RA=000674f7
DST=0016ddf8
SRC=0016e2f2
LEN=43
DATA=207065726d6573736167652d6465666c6174653b20636c69656e745f6d61785f77696e646f775f62697473
---
FUNC=memcpy
RA=00069b63
DST=0016e378
SRC=0016ddf9
LEN=42
DATA=7065726d6573736167652d6465666c6174653b20636c69656e745f6d61785f77696e646f775f62697473
---
FUNC=memcpy
RA=00032be9
DST=00145860
SRC=00170718
LEN=24
DATA=5365632d576562536f636b65742d457874656e73696f6e73
---
FUNC=memcpy
RA=000674f7
DST=0016e9c8
SRC=0016e31f
LEN=22
DATA=5365632d576562536f636b65742d50726f746f636f6c
---
FUNC=memcpy
RA=00069b63
DST=00170718
SRC=0016e9c8
LEN=22
DATA=5365632d576562536f636b65742d50726f746f636f6c
---
FUNC=memcpy
RA=000674f7
DST=beea65f8
SRC=0016e336
LEN=5
DATA=2075637034
---
FUNC=memcpy
RA=00069b63
DST=beea6610
SRC=beea65f9
LEN=4
DATA=75637034
---
FUNC=memcpy
RA=00032be9
DST=00176530
SRC=00170718
LEN=22
DATA=5365632d576562536f636b65742d50726f746f636f6c
---
FUNC=memcpy
RA=000674f7
DST=beea65c8
SRC=0016e33d
LEN=4
DATA=486f7374
---
FUNC=memcpy
RA=00069b63
DST=beea65e0
SRC=beea65c8
LEN=4
DATA=486f7374
---
FUNC=memcpy
RA=000674f7
DST=00144e60
SRC=0016e342
LEN=16
DATA=2031302e312e312e3134313a38353731
---
FUNC=memcpy
RA=00069b63
DST=beea6610
SRC=00144e61
LEN=15
DATA=31302e312e312e3134313a38353731
---
FUNC=memcpy
RA=00032be9
DST=00148f48
SRC=beea65e0
LEN=4
DATA=486f7374
---
FUNC=memcpy
RA=0002be15
DST=beea6678
SRC=000bfe0b
LEN=4
DATA=486f7374
---
FUNC=memcpy
RA=0002be15
DST=beea6618
SRC=000bfca4
LEN=14
DATA=436f6e74656e742d4c656e677468
---
FUNC=memcpy
RA=0002be15
DST=00144e60
SRC=000bfccf
LEN=17
DATA=5472616e736665722d456e636f64696e67
---
FUNC=memcpy
RA=0002be15
DST=beea6550
SRC=000bfdcc
LEN=7
DATA=55706772616465
---
FUNC=memcpy
RA=0002be15
DST=beea6550
SRC=000bf469
LEN=10
DATA=436f6e6e656374696f6e
---
FUNC=memcpy
RA=0002be15
DST=0016e9c8
SRC=000bfdf5
LEN=21
DATA=5365632d576562536f636b65742d56657273696f6e
---
FUNC=memcpy
RA=0002be15
DST=0016e9c8
SRC=000bfdf5
LEN=21
DATA=5365632d576562536f636b65742d56657273696f6e
---
FUNC=memcpy
RA=0002be15
DST=beea6538
SRC=000bfdcc
LEN=7
DATA=55706772616465
---
FUNC=memcpy
RA=0002be15
DST=beea6538
SRC=000bf469
LEN=10
DATA=436f6e6e656374696f6e
---
FUNC=memcpy
RA=0002be15
DST=00144e60
SRC=000bf659
LEN=17
DATA=5365632d576562536f636b65742d4b6579
---
FUNC=memcpy
RA=0002be15
DST=0016e9c8
SRC=000c035d
LEN=24
DATA=5365632d576562536f636b65742d457874656e73696f6e73
---
FUNC=memcpy
RA=00069b63
DST=00144e60
SRC=00169410
LEN=18
DATA=7065726d6573736167652d6465666c617465
---
FUNC=memcpy
RA=00069b63
DST=00170718
SRC=00169424
LEN=22
DATA=636c69656e745f6d61785f77696e646f775f62697473
---
FUNC=memcpy
RA=00032be9
DST=0016ed48
SRC=001458b8
LEN=22
DATA=636c69656e745f6d61785f77696e646f775f62697473
---
FUNC=memcpy
RA=00032be9
DST=00145b48
SRC=0014fb58
LEN=18
DATA=7065726d6573736167652d6465666c617465
---
FUNC=memcpy
RA=00032be9
DST=00170718
SRC=0016ed48
LEN=22
DATA=636c69656e745f6d61785f77696e646f775f62697473
---
FUNC=memcpy
RA=0002be15
DST=beea6508
SRC=000bfe0b
LEN=4
DATA=486f7374
---
FUNC=memcpy
RA=00032be9
DST=beea64d8
SRC=00148f60
LEN=15
DATA=31302e312e312e3134313a38353731
---
FUNC=memcpy
RA=0002be15
DST=beea64f0
SRC=beea64d8
LEN=10
DATA=31302e312e312e313431
---
FUNC=memcpy
RA=0002be15
DST=beea6508
SRC=beea64e3
LEN=4
DATA=38353731
---
FUNC=memcpy
RA=00032be9
DST=0013d5f4
SRC=beea64f0
LEN=10
DATA=31302e312e312e313431
---
FUNC=memcpy
RA=0002be15
DST=00170718
SRC=000bfdd4
LEN=22
DATA=5365632d576562536f636b65742d50726f746f636f6c
---
FUNC=memcpy
RA=0002be15
DST=00170718
SRC=000bfdd4
LEN=22
DATA=5365632d576562536f636b65742d50726f746f636f6c
---
FUNC=memcpy
RA=00069b63
DST=beea6440
SRC=0016ea30
LEN=4
DATA=75637034
---
FUNC=memcpy
RA=00032be9
DST=beea64b8
SRC=beea646c
LEN=4
DATA=75637034
---
FUNC=memcpy
RA=00032be9
DST=00170720
SRC=00169e68
LEN=4
DATA=75637034
---
FUNC=memcpy
RA=0002be15
DST=beea6148
SRC=beea6158
LEN=8
DATA=31302e312e312e31
---
FUNC=memcpy
RA=0002be15
DST=beea6488
SRC=000c1423
LEN=6
DATA=782d6d6f6465
---
FUNC=memcpy
RA=0002be15
DST=beea64a0
SRC=000aed2b
LEN=6
DATA=200c0a0d090b
---
FUNC=memcpy
RA=0002be15
DST=beea64a0
SRC=000c142a
LEN=4
DATA=75637034
---
FUNC=memcpy
RA=0002be15
DST=00145b48
SRC=000bf982
LEN=19
DATA=537769746368696e672050726f746f636f6c73
---
FUNC=memcpy
RA=0002be15
DST=00144e60
SRC=000bf659
LEN=17
DATA=5365632d576562536f636b65742d4b6579
---
FUNC=memcpy
RA=00032be9
DST=0016e9c8
SRC=0018a590
LEN=24
DATA=7a675478315139784e664657624456443849686661673d3d
---
FUNC=memcpy
RA=0002be15
DST=0016e9c8
SRC=000bfdb7
LEN=20
DATA=5365632d576562536f636b65742d416363657074
---
FUNC=memcpy
RA=00032be9
DST=0016ed48
SRC=0016e9c8
LEN=20
DATA=5365632d576562536f636b65742d416363657074
---
FUNC=memcpy
RA=0002be15
DST=beea6518
SRC=000bfdcc
LEN=7
DATA=55706772616465
---
FUNC=memcpy
RA=0002be15
DST=beea6530
SRC=000c49f4
LEN=9
DATA=776562736f636b6574
---
FUNC=memcpy
RA=00032be9
DST=00170688
SRC=beea6518
LEN=7
DATA=55706772616465
---
FUNC=memcpy
RA=0002be15
DST=beea6518
SRC=000bf469
LEN=10
DATA=436f6e6e656374696f6e
---
FUNC=memcpy
RA=0002be15
DST=beea6530
SRC=000c49fe
LEN=7
DATA=55706772616465
---
FUNC=memcpy
RA=00032be9
DST=001458f8
SRC=beea6518
LEN=10
DATA=436f6e6e656374696f6e
---
FUNC=memcpy
RA=0002be15
DST=0016e9c8
SRC=000bfdd4
LEN=22
DATA=5365632d576562536f636b65742d50726f746f636f6c
---
FUNC=memcpy
RA=00032be9
DST=0016e5c0
SRC=0016e9c8
LEN=22
DATA=5365632d576562536f636b65742d50726f746f636f6c
---
FUNC=memcpy
RA=0002be15
DST=beea6680
SRC=000bf650
LEN=8
DATA=485454502f312e31
---
FUNC=memcpy
RA=0002be15
DST=beea6680
SRC=000c10b6
LEN=6
DATA=536572766572
---
FUNC=memcpy
RA=0002be15
DST=beea6680
SRC=000c10b6
LEN=6
DATA=536572766572
---
FUNC=memcpy
RA=00032be9
DST=00148fe0
SRC=beea6680
LEN=6
DATA=536572766572
---
FUNC=memcpy
RA=00078c61
DST=beea63fc
SRC=beea6378
LEN=132
DATA=20f41400b0000000000000000000000000000000000000000000000000000000000000000000000000000000000000000000000000000000000000000000000000000000000000000000000000000000000000000000000000000000000000000000000000000000000000000000000000000000000000000000000000000000
---
FUNC=memcpy
RA=00078c73
DST=beea6488
SRC=beea63fc
LEN=132
DATA=20f41400b0000000000000000000000000000000000000000000000000000000000000000000000000000000000000000000000000000000000000000000000000000000000000000000000000000000000000000000000000000000000000000000000000000000000000000000000000000000000000000000000000000000
---
FUNC=memcpy
RA=00076e4d
DST=beea6254
SRC=beea6488
LEN=132
DATA=20f41400b0000000000000000000000000000000000000000000000000000000000000000000000000000000000000000000000000000000000000000000000000000000000000000000000000000000000000000000000000000000000000000000000000000000000000000000000000000000000000000000000000000000
---
FUNC=memcpy
RA=00076e4d
DST=00170cd8
SRC=beea6254
LEN=132
DATA=20f41400b0000000000000000000000000000000000000000000000000000000000000000000000000000000000000000000000000000000000000000000000000000000000000000000000000000000000000000000000000000000000000000000000000000000000000000000000000000000000000000000000000000000
---
FUNC=memcpy
RA=00076e4d
DST=beea68d4
SRC=00170cd8
LEN=132
DATA=20f41400b0000000000000000000000000000000000000000000000000000000000000000000000000000000000000000000000000000000000000000000000000000000000000000000000000000000000000000000000000000000000000000000000000000000000000000000000000000000000000000000000000000000
---
FUNC=memcpy
RA=0002be15
DST=beea6230
SRC=000bfdcc
LEN=7
DATA=55706772616465
---
FUNC=memcpy
RA=0002be15
DST=beea6230
SRC=000bf469
LEN=10
DATA=436f6e6e656374696f6e
---
FUNC=memcpy
RA=0002be15
DST=0016e9c8
SRC=000bfdf5
LEN=21
DATA=5365632d576562536f636b65742d56657273696f6e
---
FUNC=memcpy
RA=0002be15
DST=0016e9c8
SRC=000bfdf5
LEN=21
DATA=5365632d576562536f636b65742d56657273696f6e
---
FUNC=memcpy
RA=0002be15
DST=beea5f58
SRC=beea5f68
LEN=8
DATA=31302e312e312e31
---
FUNC=memcpy
RA=0002be15
DST=beea62b8
SRC=000bff10
LEN=10
DATA=557365722d4167656e74
---
FUNC=memset
RA=00063c25
DST=00149010
VAL=0
LEN=64
---
FUNC=memset
RA=00063c25
DST=00149058
VAL=0
LEN=64
---
FUNC=memmove
RA=00032e61
DST=0011a560
SRC=0011e798
LEN=16
DATA=8dccbbb6367f40988c7ae214b674fb6f
---
FUNC=memmove
RA=00032e61
DST=00145b60
SRC=00149010
LEN=32
DATA=1315740706b7eb7f0eb925af76a805a5c9dd6912836680acaefff77e27f8e3ae
---
FUNC=memmove
RA=00032e61
DST=00145bd0
SRC=00149058
LEN=32
DATA=3c232e926c94efc66099574fa66ac41cb414971d0f0d744b29f1e2b21ea61f50
---
FUNC=memcpy
RA=0002be15
DST=beea6110
SRC=000bfd9d
LEN=5
DATA=77733a2f2f
---
FUNC=memcpy
RA=0002be15
DST=beea5e00
SRC=beea5e10
LEN=8
DATA=31302e312e312e31
---
FUNC=memcpy
RA=00032be9
DST=beea6150
SRC=beea6110
LEN=5
DATA=77733a2f2f
---
FUNC=memcpy
RA=000609cf
DST=beea61f8
SRC=000be56c
LEN=7
DATA=57616974696e67
---
FUNC=memcpy
RA=000609cf
DST=beea6198
SRC=000be5e3
LEN=13
DATA=627269646765496e666f476574
---
FUNC=memcpy
RA=000609cf
DST=beea6198
SRC=000be5f1
LEN=11
DATA=6b657945786368616e6765
---
FUNC=memmove
RA=00032e61
DST=0016a110
SRC=001711ba
LEN=6
DATA=008336528ebc
---
FUNC=memmove
RA=00032e61
DST=beea6624
SRC=0016a112
LEN=4
DATA=36528ebc
---
FUNC=memcpy
RA=0005a7eb
DST=0016d0f8
SRC=000b250e
LEN=6
DATA=647269766572
---
FUNC=memcpy
RA=00032be9
DST=0016d118
SRC=00148b14
LEN=6
DATA=737831333032
---
FUNC=memcpy
RA=0005a7eb
DST=0016d138
SRC=000b2523
LEN=6
DATA=76656e646f72
---
FUNC=memcpy
RA=00032be9
DST=0016d158
SRC=00148ae4
LEN=7
DATA=53656d74656368
---
FUNC=memcpy
RA=000609cf
DST=0016d178
SRC=000b252a
LEN=4
DATA=70617274
---
FUNC=memcpy
RA=00032be9
DST=0016d198
SRC=00148afc
LEN=6
DATA=535831333032
---
FUNC=memcpy
RA=000609cf
DST=0016d1e0
SRC=000be574
LEN=7
DATA=69735265616479
---
FUNC=memcpy
RA=000609cf
DST=0016d1e0
SRC=000be57c
LEN=12
DATA=737065637472616c5363616e
---
FUNC=memcpy
RA=000609cf
DST=0016d178
SRC=000be589
LEN=10
DATA=6d6178446174614c656e
---
FUNC=memcpy
RA=000609cf
DST=0016d340
SRC=000be594
LEN=4
DATA=63617073
---
FUNC=memcpy
RA=00032be9
DST=0016d3c0
SRC=00148aa4
LEN=6
DATA=726164696f30
---
FUNC=memcpy
RA=000609cf
DST=0016d0f8
SRC=000bf601
LEN=7
DATA=76657273696f6e
---
FUNC=memcpy
RA=00032be9
DST=0016d3f0
SRC=00109ac8
LEN=5
DATA=312e312e30
---
FUNC=memcpy
RA=000609cf
DST=0016d450
SRC=000d4abe
LEN=4
DATA=74797065
---
FUNC=memcpy
RA=000609cf
DST=0016d470
SRC=000be599
LEN=11
DATA=4c6f52612d427269646765
---
FUNC=memcpy
RA=000609cf
DST=0016d490
SRC=000be5a5
LEN=7
DATA=72756e74696d65
---
FUNC=memcpy
RA=000609cf
DST=0016d4b0
SRC=000be5ad
LEN=12
DATA=64656661756c744966616365
---
FUNC=memcpy
RA=00032be9
DST=0016d4d0
SRC=00148aa4
LEN=6
DATA=726164696f30
---
FUNC=memcpy
RA=0005a7eb
DST=0016d518
SRC=000b252f
LEN=6
DATA=696661636573
---
FUNC=memcpy
RA=00078c61
DST=beea649c
SRC=beea6418
LEN=132
DATA=c495140004000000801816009c01000000000000000000000000000000000000000000000000000000000000000000000000000000000000000000000000000000000000000000000000000000000000000000000000000000000000000000000000000000000000000000000000000000000000000000000000000000000000
---
FUNC=memcpy
RA=00078c73
DST=beea6528
SRC=beea649c
LEN=132
DATA=c495140004000000801816009c01000000000000000000000000000000000000000000000000000000000000000000000000000000000000000000000000000000000000000000000000000000000000000000000000000000000000000000000000000000000000000000000000000000000000000000000000000000000000
---
FUNC=memcpy
RA=0007552f
DST=beea4288
SRC=001495c4
LEN=4
DATA=827e019c
---
FUNC=memcpy
RA=00076e4d
DST=beea62f4
SRC=beea6528
LEN=132
DATA=c495140004000000801816009c01000000000000000000000000000000000000000000000000000000000000000000000000000000000000000000000000000000000000000000000000000000000000000000000000000000000000000000000000000000000000000000000000000000000000000000000000000000000000
---
FUNC=memcpy
RA=00076e4d
DST=00170cd8
SRC=beea62f4
LEN=132
DATA=c495140004000000801816009c01000000000000000000000000000000000000000000000000000000000000000000000000000000000000000000000000000000000000000000000000000000000000000000000000000000000000000000000000000000000000000000000000000000000000000000000000000000000000
---
FUNC=memcpy
RA=00076e4d
DST=beea68d4
SRC=00170cd8
LEN=132
DATA=c495140004000000801816009c01000000000000000000000000000000000000000000000000000000000000000000000000000000000000000000000000000000000000000000000000000000000000000000000000000000000000000000000000000000000000000000000000000000000000000000000000000000000000
---
FUNC=memmove
RA=00032e61
DST=0016a110
SRC=001711ba
LEN=6
DATA=00c95c987222
---
FUNC=memmove
RA=00032e61
DST=beea6624
SRC=0016a112
LEN=4
DATA=5c987222
---
FUNC=memmove
RA=00036873
DST=00144e80
SRC=00160ff0
LEN=4
DATA=226b6579
---
FUNC=memmove
RA=00036873
DST=00148f98
SRC=00144e80
LEN=8
DATA=2230383532643432
---
FUNC=memmove
RA=00036873
DST=0016d530
SRC=00148f98
LEN=16
DATA=22303835326434326139343466313530
---
FUNC=memmove
RA=00036873
DST=00149010
SRC=0016d530
LEN=32
DATA=2230383532643432613934346631353065313732383134386365653134663863
---
FUNC=memmove
RA=00036873
DST=0016bbe0
SRC=00149010
LEN=64
DATA=22303835326434326139343466313530653137323831343863656531346638636262306266623338623137313630646136653962363465393930633535393037
---
FUNC=memcpy
RA=00032be9
DST=00149010
SRC=00176ae0
LEN=64
DATA=30383532643432613934346631353065313732383134386365653134663863626230626662333862313731363064613665396236346539393063353539303762
---
FUNC=memset
RA=00032679
DST=0016d530
VAL=0
LEN=32
---
FUNC=memset
RA=00032679
DST=0016d4e8
VAL=0
LEN=32
---
FUNC=memset
RA=00032679
DST=0016d060
VAL=0
LEN=32
---
FUNC=memset
RA=00032679
DST=0016d088
VAL=0
LEN=32
---
FUNC=memset
RA=00032679
DST=0016d240
VAL=0
LEN=32
---
FUNC=randombytes
RA=0003af2f
LEN=32
BUF=e91b921fc320aa9847ab151d2a08fa1220d6be6eb4cb71a245b3b10914bd3a77
---
FUNC=memmove
RA=000699d7
DST=0016eed0
SRC=0016efa8
LEN=204
DATA=01010000000000727b226572726f72223a22222c226572726f72436f6465223a302c226964223a2234633930346562382d386364312d343266302d626430332d366630323832373830336136222c2274696d657374616d70223a313737363739373631343137302c2274797065223a22726573706f6e7365227d020100000000
---
FUNC=memcpy
RA=0002be15
DST=beea5f78
SRC=000bfd9d
LEN=5
DATA=77733a2f2f
---
FUNC=memcpy
RA=00032be9
DST=beea5fb8
SRC=beea5f78
LEN=5
DATA=77733a2f2f
---
FUNC=memcpy
RA=0005f53d
DST=beea6060
SRC=000bdefb
LEN=9
DATA=48616e647368616b65
---
FUNC=memmove
RA=00032e61
DST=0016bb10
SRC=0016d530
LEN=32
DATA=0852d42a944f150e1728148cee14f8cbb0bfb38b17160da6e9b64e990c55907b
---
FUNC=memcpy
RA=0005f53d
DST=beea6000
SRC=000be03d
LEN=9
DATA=617574686f72697a65
---
FUNC=memcpy
RA=00078c61
DST=beea649c
SRC=beea6418
LEN=132
DATA=b4ea180004000000d0ee1600cc00000000000000000000000000000000000000000000000000000000000000000000000000000000000000000000000000000000000000000000000000000000000000000000000000000000000000000000000000000000000000000000000000000000000000000000000000000000000000
---
FUNC=memcpy
RA=00078c73
DST=beea6528
SRC=beea649c
LEN=132
DATA=b4ea180004000000d0ee1600cc00000000000000000000000000000000000000000000000000000000000000000000000000000000000000000000000000000000000000000000000000000000000000000000000000000000000000000000000000000000000000000000000000000000000000000000000000000000000000
---
FUNC=memcpy
RA=0007552f
DST=beea4288
SRC=0018eab4
LEN=4
DATA=827e00cc
---
FUNC=memcpy
RA=0007552f
DST=beea428c
SRC=0016eed0
LEN=204
DATA=01010000000000727b226572726f72223a22222c226572726f72436f6465223a302c226964223a2234633930346562382d386364312d343266302d626430332d366630323832373830336136222c2274696d657374616d70223a313737363739373631343137302c2274797065223a22726573706f6e7365227d020100000000
---
FUNC=memcpy
RA=00076e4d
DST=beea62f4
SRC=beea6528
LEN=132
DATA=b4ea180004000000d0ee1600cc00000000000000000000000000000000000000000000000000000000000000000000000000000000000000000000000000000000000000000000000000000000000000000000000000000000000000000000000000000000000000000000000000000000000000000000000000000000000000
---
FUNC=memcpy
RA=00076e4d
DST=00170cd8
SRC=beea62f4
LEN=132
DATA=b4ea180004000000d0ee1600cc00000000000000000000000000000000000000000000000000000000000000000000000000000000000000000000000000000000000000000000000000000000000000000000000000000000000000000000000000000000000000000000000000000000000000000000000000000000000000
---
FUNC=memcpy
RA=00076e4d
DST=beea68d4
SRC=00170cd8
LEN=132
DATA=b4ea180004000000d0ee1600cc00000000000000000000000000000000000000000000000000000000000000000000000000000000000000000000000000000000000000000000000000000000000000000000000000000000000000000000000000000000000000000000000000000000000000000000000000000000000000
---
FUNC=memmove
RA=00032e61
DST=0016a110
SRC=001711ba
LEN=6
DATA=00fc52ec87cc
---
FUNC=memmove
RA=00032e61
DST=beea6624
SRC=0016a112
LEN=4
DATA=52ec87cc
---
FUNC=memmove
RA=00036873
DST=00144e80
SRC=001481d8
LEN=4
DATA=22636c69
---
FUNC=memmove
RA=00036873
DST=001459b0
SRC=00144e80
LEN=8
DATA=22636c69656e7449
---
FUNC=memcpy
RA=00032be9
DST=0016ee78
SRC=beea603c
LEN=8
DATA=636c69656e744944
---
FUNC=memmove
RA=00036873
DST=0016d5b8
SRC=001459b0
LEN=16
DATA=2236353265653962302d386561332d34
---
FUNC=memmove
RA=00036873
DST=00149010
SRC=0016d5b8
LEN=32
DATA=2236353265653962302d386561332d343161392d383538392d62363031313539
---
FUNC=memcpy
RA=00032be9
DST=0016e378
SRC=00149058
LEN=36
DATA=36353265653962302d386561332d343161392d383538392d623630313135396561366236
---
FUNC=memcpy
RA=00032be9
DST=00122eb8
SRC=00149058
LEN=6
DATA=736563726574
---
FUNC=memmove
RA=00036873
DST=0016d110
SRC=00149010
LEN=64
DATA=22646e564f677230323032794d4a58556868354267656d715249553373784a6f66385263664b686a4d58764c2f4277665855796146455859304f5a6139497046
---
FUNC=memcpy
RA=00032be9
DST=00149010
SRC=00176ae0
LEN=64
DATA=646e564f677230323032794d4a58556868354267656d715249553373784a6f66385263664b686a4d58764c2f4277665855796146455859304f5a613949704631
---
FUNC=memcpy
RA=0002be15
DST=beea6068
SRC=001612f8
LEN=8
DATA=3635326565396230
---
FUNC=memcpy
RA=0002be15
DST=beea6068
SRC=00161301
LEN=4
DATA=38656133
---
FUNC=memcpy
RA=0002be15
DST=beea6068
SRC=00161306
LEN=4
DATA=34316139
---
FUNC=memcpy
RA=0002be15
DST=beea6068
SRC=0016130b
LEN=4
DATA=38353839
---
FUNC=memcpy
RA=0002be15
DST=beea6068
SRC=00161310
LEN=12
DATA=623630313135396561366236
---
FUNC=memcpy
RA=00032be9
DST=0016dec8
SRC=001612f8
LEN=36
DATA=36353265653962302d386561332d343161392d383538392d623630313135396561366236
---
FUNC=memset
RA=00032679
DST=001459b0
VAL=0
LEN=16
---
FUNC=memset
RA=00032f75
DST=001490e8
VAL=0
LEN=64
---
FUNC=memmove
RA=00032e61
DST=00149058
SRC=beea6080
LEN=64
DATA=77208b3a92256f75668cbdad6092a7127569dfc0dfaf1619794aa4049ebf9c9231490d57925c72394205d548ae80779218e261d9409709fc2f80be119bf59e56
---
FUNC=memmove
RA=00032e61
DST=0016ea68
SRC=0011a560
LEN=16
DATA=8dccbbb6367f40988c7ae214b674fb6f
---
FUNC=memmove
RA=00056bd9
DST=0016d5b8
SRC=0016ea68
LEN=16
DATA=8dccbbb6367f40988c7ae214b674fb6f
---
FUNC=memmove
RA=00032e61
DST=0016d5c8
SRC=001459b0
LEN=16
DATA=652ee9b08ea341a98589b601159ea6b6
---
FUNC=memset
RA=00032679
DST=0016d530
VAL=131
LEN=32
---
FUNC=memset
RA=00032679
DST=0016d5b8
VAL=0
LEN=32
---
FUNC=memmove
RA=00032e61
DST=0016d4e8
SRC=0016bb10
LEN=32
DATA=0852d42a944f150e1728148cee14f8cbb0bfb38b17160da6e9b64e990c55907b
---
FUNC=scalarmult
RA=0003afb3
PRIV=e91b921fc320aa9847ab151d2a08fa1220d6be6eb4cb71a245b3b10914bd3a77
PUB=0852d42a944f150e1728148cee14f8cbb0bfb38b17160da6e9b64e990c55907b
SHARED=c7c38826b57bf913971e3a36d48525a835a944670be3ad1c47f40ee850a7187d
RC=0
---
FUNC=gh_init
STATE=0016fa78
KEYLEN=0
OUTLEN=32
---
FUNC=gh_update
STATE=0016fa78
LEN=32
DATA=c7c38826b57bf913971e3a36d48525a835a944670be3ad1c47f40ee850a7187d
---
FUNC=gh_update
STATE=0016fa78
LEN=32
DATA=0852d42a944f150e1728148cee14f8cbb0bfb38b17160da6e9b64e990c55907b
---
FUNC=gh_update
STATE=0016fa78
LEN=32
DATA=05f3ee00b4705acff8738208e6956d43a2606256b2f093fd65ecdf846e5a6712
---
FUNC=gh_update
STATE=0016fa78
LEN=32
DATA=69b1d4a63a301106494473b25c23c372a1ba54fbbdbd4fd47ed638460e425f07
---
FUNC=gh_final
RA=0002eba3
STATE=0016fa78
OUTLEN=32
OUT=29715e0ae37ed787a82fbefa548fc9e61c0575e7bf0ee93121ee17915883df39
---
FUNC=memmove
RA=00032e61
DST=0016d5b8
SRC=0016d240
LEN=32
DATA=29715e0ae37ed787a82fbefa548fc9e61c0575e7bf0ee93121ee17915883df39
---
FUNC=memset
RA=00032679
DST=0016d510
VAL=0
LEN=24
---
FUNC=memset
RA=00032679
DST=0016d530
VAL=0
LEN=32
---
FUNC=memmove
RA=00032e61
DST=0016ea68
SRC=001459b0
LEN=16
DATA=652ee9b08ea341a98589b601159ea6b6
---
FUNC=memcpy
RA=0005f53d
DST=0016d518
SRC=000be036
LEN=6
DATA=736563726574
---
FUNC=memset
RA=00032679
DST=00145970
VAL=0
LEN=24
---
FUNC=memset
RA=00032679
DST=0016d9b8
VAL=0
LEN=48
---
FUNC=memcpy
RA=0005f53d
DST=00148f80
SRC=000b23d3
LEN=5
DATA=6966616365
---
FUNC=memcpy
RA=00032be9
DST=00144e68
SRC=beea61a0
LEN=6
DATA=726164696f30
---
FUNC=memmove
RA=000699d7
DST=0016d268
SRC=0016d5e0
LEN=224
DATA=01010000000000727b226572726f72223a22222c226572726f72436f6465223a302c226964223a2238333564656366612d396433382d343237632d616437642d336435363861336230356632222c2274696d657374616d70223a313737363739373631343138372c2274797065223a22726573706f6e7365227d020100000000
---
FUNC=memcpy
RA=0002be15
DST=beea5f40
SRC=000bfd9d
LEN=5
DATA=77733a2f2f
---
FUNC=memcpy
RA=00032be9
DST=beea5f80
SRC=beea5f40
LEN=5
DATA=77733a2f2f
---
FUNC=memcpy
RA=00032be9
DST=0016e898
SRC=00149058
LEN=57
DATA=77733a2f2f31302e312e312e313a3431353232202836353265653962302d386561332d343161392d383538392d623630313135396561366236
---
FUNC=memcpy
RA=0005a7eb
DST=beea6028
SRC=000bcde8
LEN=6
DATA=416374697665
---
FUNC=memcpy
RA=00050a29
DST=0016d088
SRC=beea5ee8
LEN=32
DATA=d1696891981946010ea175deef9b4bab495381e41a990de5e20216d8c37f1886
---
FUNC=memcpy
RA=00050a29
DST=0016d240
SRC=beea5ee8
LEN=32
DATA=7655d56e1c055d563b28b4307e86d93b6a9003469a4b36d828c2080241dd1538
---
FUNC=memmove
RA=00032e61
DST=0016bb10
SRC=0016d088
LEN=32
DATA=47be3dffb41ea35749c9290e6d2124e6b3e3842ab4e443bd0ac41eda045c2dbe
---
FUNC=memmove
RA=00032e61
DST=0016d088
SRC=0016bb10
LEN=32
DATA=47be3dffb41ea35749c9290e6d2124e6b3e3842ab4e443bd0ac41eda045c2dbe
---
FUNC=memcpy
RA=0005a7eb
DST=0016d598
SRC=000bcfe7
LEN=17
DATA=7365744465767344656661756c744b6579
---
FUNC=memcpy
RA=0005a7eb
DST=beea5f18
SRC=000bcff9
LEN=14
DATA=646973636f766572795374617274
---
FUNC=memcpy
RA=0005a7eb
DST=beea5f18
SRC=000bd008
LEN=13
DATA=646973636f7665727953746f70
---
FUNC=memcpy
RA=0005a7eb
DST=beea5f18
SRC=000bd016
LEN=9
DATA=616464446576696365
---
FUNC=memcpy
RA=0005a7eb
DST=beea5f18
SRC=000bd020
LEN=12
DATA=72656d6f7665446576696365
---
FUNC=memcpy
RA=0005a7eb
DST=00149208
SRC=000bd02d
LEN=22
DATA=737461727453657373696f6e4b657952656e6577616c
---
FUNC=memcpy
RA=0005a7eb
DST=beea5f18
SRC=000bd044
LEN=11
DATA=73656e644d657373616765
---
FUNC=memcpy
RA=0005a7eb
DST=beea5f18
SRC=000bd050
LEN=15
DATA=726f746174654465766963654b6579
---
FUNC=memcpy
RA=0005a7eb
DST=00161c78
SRC=000bd060
LEN=17
DATA=737065637472616c5363616e5374617274
---
FUNC=memcpy
RA=0005a7eb
DST=00161ca8
SRC=000bd072
LEN=16
DATA=737065637472616c5363616e53746f70
---
FUNC=memcpy
RA=0005a7eb
DST=beea5f18
SRC=000bd083
LEN=11
DATA=67657444657673496e666f
---
FUNC=memcpy
RA=00078c61
DST=beea649c
SRC=beea6418
LEN=132
DATA=b41016000400000068d21600e000000000000000000000000000000000000000000000000000000000000000000000000000000000000000000000000000000000000000000000000000000000000000000000000000000000000000000000000000000000000000000000000000000000000000000000000000000000000000
---
FUNC=memcpy
RA=00078c73
DST=beea6528
SRC=beea649c
LEN=132
DATA=b41016000400000068d21600e000000000000000000000000000000000000000000000000000000000000000000000000000000000000000000000000000000000000000000000000000000000000000000000000000000000000000000000000000000000000000000000000000000000000000000000000000000000000000
---
FUNC=memcpy
RA=0007552f
DST=beea4288
SRC=001610b4
LEN=4
DATA=827e00e0
---
FUNC=memcpy
RA=0007552f
DST=beea428c
SRC=0016d268
LEN=224
DATA=01010000000000727b226572726f72223a22222c226572726f72436f6465223a302c226964223a2238333564656366612d396433382d343237632d616437642d336435363861336230356632222c2274696d657374616d70223a313737363739373631343138372c2274797065223a22726573706f6e7365227d020100000000
---
FUNC=memcpy
RA=00076e4d
DST=beea62f4
SRC=beea6528
LEN=132
DATA=b41016000400000068d21600e000000000000000000000000000000000000000000000000000000000000000000000000000000000000000000000000000000000000000000000000000000000000000000000000000000000000000000000000000000000000000000000000000000000000000000000000000000000000000
---
FUNC=memcpy
RA=00076e4d
DST=00170cd8
SRC=beea62f4
LEN=132
DATA=b41016000400000068d21600e000000000000000000000000000000000000000000000000000000000000000000000000000000000000000000000000000000000000000000000000000000000000000000000000000000000000000000000000000000000000000000000000000000000000000000000000000000000000000
---
FUNC=memcpy
RA=00076e4d
DST=beea68d4
SRC=00170cd8
LEN=132
DATA=b41016000400000068d21600e000000000000000000000000000000000000000000000000000000000000000000000000000000000000000000000000000000000000000000000000000000000000000000000000000000000000000000000000000000000000000000000000000000000000000000000000000000000000000
---
FUNC=memmove
RA=00032e61
DST=0016a110
SRC=001711ba
LEN=6
DATA=0084ee3d8c27
---
FUNC=memmove
RA=00032e61
DST=beea6624
SRC=0016a112
LEN=4
DATA=ee3d8c27
---
FUNC=memmove
RA=000699d7
DST=001620c0
SRC=0016b380
LEN=132
DATA=01010000000000727b226572726f72223a22222c226572726f72436f6465223a302c226964223a2238323739396561382d346365352d346533642d396536642d633034633032636238643338222c2274696d657374616d70223a313737363739373631343230382c2274797065223a22726573706f6e7365227d020100000000
---
FUNC=memcpy
RA=00078c61
DST=beea649c
SRC=beea6418
LEN=132
DATA=24e3150004000000c02016008400000000000000000000000000000000000000000000000000000000000000000000000000000000000000000000000000000000000000000000000000000000000000000000000000000000000000000000000000000000000000000000000000000000000000000000000000000000000000
---
FUNC=memcpy
RA=00078c73
DST=beea6528
SRC=beea649c
LEN=132
DATA=24e3150004000000c02016008400000000000000000000000000000000000000000000000000000000000000000000000000000000000000000000000000000000000000000000000000000000000000000000000000000000000000000000000000000000000000000000000000000000000000000000000000000000000000
---
FUNC=memcpy
RA=0007552f
DST=beea4288
SRC=0015e324
LEN=4
DATA=827e0084
---
FUNC=memcpy
RA=0007552f
DST=beea428c
SRC=001620c0
LEN=132
DATA=01010000000000727b226572726f72223a22222c226572726f72436f6465223a302c226964223a2238323739396561382d346365352d346533642d396536642d633034633032636238643338222c2274696d657374616d70223a313737363739373631343230382c2274797065223a22726573706f6e7365227d020100000000
---
FUNC=memcpy
RA=00076e4d
DST=beea62f4
SRC=beea6528
LEN=132
DATA=24e3150004000000c02016008400000000000000000000000000000000000000000000000000000000000000000000000000000000000000000000000000000000000000000000000000000000000000000000000000000000000000000000000000000000000000000000000000000000000000000000000000000000000000
---
FUNC=memcpy
RA=00076e4d
DST=00170cd8
SRC=beea62f4
LEN=132
DATA=24e3150004000000c02016008400000000000000000000000000000000000000000000000000000000000000000000000000000000000000000000000000000000000000000000000000000000000000000000000000000000000000000000000000000000000000000000000000000000000000000000000000000000000000
---
FUNC=memcpy
RA=00076e4d
DST=beea68d4
SRC=00170cd8
LEN=132
DATA=24e3150004000000c02016008400000000000000000000000000000000000000000000000000000000000000000000000000000000000000000000000000000000000000000000000000000000000000000000000000000000000000000000000000000000000000000000000000000000000000000000000000000000000000
---
FUNC=memmove
RA=00032e61
DST=0016a110
SRC=001711ba
LEN=6
DATA=00dc84ed1f76
---
FUNC=memmove
RA=00032e61
DST=beea6624
SRC=0016a112
LEN=4
DATA=84ed1f76
---
FUNC=memmove
RA=00036873
DST=00161328
SRC=001459a0
LEN=4
DATA=226d6163
---
FUNC=memmove
RA=00036873
DST=00145848
SRC=00161328
LEN=8
DATA=2239303431423232
---
FUNC=memcpy
RA=00032be9
DST=00161340
SRC=beea60dc
LEN=12
DATA=393034314232324539413533
---
FUNC=memmove
RA=00036873
DST=0016d5b8
SRC=00145848
LEN=16
DATA=22633539323361383665313636653462
---
FUNC=memmove
RA=00036873
DST=00149010
SRC=0016d5b8
LEN=32
DATA=2263353932336138366531363665346266336638393539363433666631633234
---
FUNC=memmove
RA=00036873
DST=0016bbe0
SRC=00149010
LEN=64
DATA=22633539323361383665313636653462663366383935393634336666316332343566393836313135656333343934366465643062383764633064376264333864
---
FUNC=memcpy
RA=00032be9
DST=00149010
SRC=00176ae0
LEN=64
DATA=63353932336138366531363665346266336638393539363433666631633234356639383631313565633334393436646564306238376463306437626433386462
---
FUNC=memset
RA=00032679
DST=001450d0
VAL=0
LEN=6
---
FUNC=memset
RA=00032679
DST=0016d5b8
VAL=0
LEN=32
---
FUNC=memcpy
RA=0005a7eb
DST=beea6230
SRC=000bcf41
LEN=11
DATA=66616c6c6261636b4b6579
---
FUNC=memmove
RA=00032e61
DST=001459a0
SRC=001450d0
LEN=6
DATA=9041b22e9a53
---
FUNC=memset
RA=00032679
DST=00149198
VAL=0
LEN=32
---
FUNC=memset
RA=00032679
DST=0016d530
VAL=0
LEN=32
---
FUNC=memset
RA=00032679
DST=0016d488
VAL=0
LEN=32
---
FUNC=memset
RA=00032679
DST=0016e898
VAL=0
LEN=32
---
FUNC=memmove
RA=00032e61
DST=0016f120
SRC=0016d5b8
LEN=32
DATA=c5923a86e166e4bf3f8959643ff1c245f986115ec34946ded0b87dc0d7bd38db
---
FUNC=memset
RA=00032679
DST=0016d8c8
VAL=0
LEN=32
---
FUNC=memset
RA=00032679
DST=0016d558
VAL=0
LEN=32
---
FUNC=memset
RA=00032679
DST=00161288
VAL=0
LEN=32
---
FUNC=memset
RA=00032679
DST=0014e5e8
VAL=0
LEN=32
---
FUNC=memmove
RA=00032e61
DST=0014e610
SRC=0016d5b8
LEN=32
DATA=c5923a86e166e4bf3f8959643ff1c245f986115ec34946ded0b87dc0d7bd38db
---
FUNC=memmove
RA=00032e61
DST=0014e638
SRC=0016bb10
LEN=32
DATA=47be3dffb41ea35749c9290e6d2124e6b3e3842ab4e443bd0ac41eda045c2dbe
---
FUNC=memmove
RA=00032e61
DST=0014e660
SRC=0016bb10
LEN=32
DATA=47be3dffb41ea35749c9290e6d2124e6b3e3842ab4e443bd0ac41eda045c2dbe
---
FUNC=memmove
RA=00032e61
DST=0014e688
SRC=001450d0
LEN=6
DATA=9041b22e9a53
---
FUNC=memmove
RA=00032e61
DST=0014e798
SRC=001450d0
LEN=6
DATA=9041b22e9a53
---
FUNC=memmove
RA=00032e61
DST=0014e8f8
SRC=0014e798
LEN=6
DATA=9041b22e9a53
---
FUNC=memmove
RA=000699d7
DST=0015e370
SRC=001620c0
LEN=132
DATA=01010000000000727b226572726f72223a22222c226572726f72436f6465223a302c226964223a2261376365323364612d323137382d346662322d613464332d383934656261313633366431222c2274696d657374616d70223a313737363739373631343231382c2274797065223a22726573706f6e7365227d020100000000
---
FUNC=memcpy
RA=0005a7eb
DST=0016d0b8
SRC=000c741b
LEN=8
DATA=6361706163697479
---
FUNC=memcpy
RA=0005a7eb
DST=0014e950
SRC=000bf380
LEN=9
DATA=617661696c61626c65
---
FUNC=memcpy
RA=0005a7eb
DST=beea6968
SRC=000bce9f
LEN=15
DATA=64657673496e666f4368616e676564
---
FUNC=memmove
RA=000699d7
DST=00176450
SRC=0016da08
LEN=166
DATA=010100000000006f7b226964223a2265353633346462332d653634302d343463342d613530662d336232613331343363333037222c226e616d65223a2264657673496e666f4368616e676564222c2274696d657374616d70223a313737363739373631343231392c2274797065223a226576656e74227d02010000000000277b
---
FUNC=memcpy
RA=00078c61
DST=beea649c
SRC=beea6418
LEN=132
DATA=1c1116000400000070e3150084000000b41016000400000050641700a6000000000000000000000000000000000000000000000000000000000000000000000000000000000000000000000000000000000000000000000000000000000000000000000000000000000000000000000000000000000000000000000000000000
---
FUNC=memcpy
RA=00078c73
DST=beea6528
SRC=beea649c
LEN=132
DATA=1c1116000400000070e3150084000000b41016000400000050641700a6000000000000000000000000000000000000000000000000000000000000000000000000000000000000000000000000000000000000000000000000000000000000000000000000000000000000000000000000000000000000000000000000000000
---
FUNC=memcpy
RA=0007552f
DST=beea4288
SRC=0016111c
LEN=4
DATA=827e0084
---
FUNC=memcpy
RA=0007552f
DST=beea428c
SRC=0015e370
LEN=132
DATA=01010000000000727b226572726f72223a22222c226572726f72436f6465223a302c226964223a2261376365323364612d323137382d346662322d613464332d383934656261313633366431222c2274696d657374616d70223a313737363739373631343231382c2274797065223a22726573706f6e7365227d020100000000
---
FUNC=memcpy
RA=0007552f
DST=beea4310
SRC=001610b4
LEN=4
DATA=827e00a6
---
FUNC=memcpy
RA=0007552f
DST=beea4314
SRC=00176450
LEN=166
DATA=010100000000006f7b226964223a2265353633346462332d653634302d343463342d613530662d336232613331343363333037222c226e616d65223a2264657673496e666f4368616e676564222c2274696d657374616d70223a313737363739373631343231392c2274797065223a226576656e74227d02010000000000277b
---
FUNC=memcpy
RA=00076e4d
DST=beea62f4
SRC=beea6528
LEN=132
DATA=1c1116000400000070e3150084000000b41016000400000050641700a6000000000000000000000000000000000000000000000000000000000000000000000000000000000000000000000000000000000000000000000000000000000000000000000000000000000000000000000000000000000000000000000000000000
---
FUNC=memcpy
RA=00076e4d
DST=00170cd8
SRC=beea62f4
LEN=132
DATA=1c1116000400000070e3150084000000b41016000400000050641700a6000000000000000000000000000000000000000000000000000000000000000000000000000000000000000000000000000000000000000000000000000000000000000000000000000000000000000000000000000000000000000000000000000000
---
FUNC=memcpy
RA=00076e4d
DST=beea68d4
SRC=00170cd8
LEN=132
DATA=1c1116000400000070e3150084000000b41016000400000050641700a6000000000000000000000000000000000000000000000000000000000000000000000000000000000000000000000000000000000000000000000000000000000000000000000000000000000000000000000000000000000000000000000000000000
---
FUNC=memmove
RA=00032e61
DST=0016a110
SRC=001711ba
LEN=6
DATA=00cbcf2d46b9
---
FUNC=memmove
RA=00032e61
DST=beea6624
SRC=0016a112
LEN=4
DATA=cf2d46b9
---
FUNC=memmove
RA=00036873
DST=0014e828
SRC=00161fb0
LEN=4
DATA=226d6163
---
FUNC=memmove
RA=00036873
DST=00145ba0
SRC=0014e828
LEN=8
DATA=2239303431423232
---
FUNC=memcpy
RA=00032be9
DST=0016d470
SRC=beea60c4
LEN=12
DATA=393034314232324539413533
---
FUNC=memcpy
RA=00032be9
DST=0016b950
SRC=beea60c4
LEN=4
DATA=64617461
---
FUNC=memcpy
RA=00032be9
DST=0014eb28
SRC=beea60c4
LEN=4
DATA=30393861
---
FUNC=memcpy
RA=00032be9
DST=0016d1b0
SRC=beea60c4
LEN=4
DATA=64757479
---
FUNC=memcpy
RA=00032be9
DST=0016ec18
SRC=beea60c4
LEN=7
DATA=74696d656f7574
---
FUNC=memset
RA=00032679
DST=00145990
VAL=0
LEN=6
---
FUNC=memcpy
RA=0005a7eb
DST=beea6240
SRC=000ae817
LEN=4
DATA=64617461
---
FUNC=memcpy
RA=0005a7eb
DST=beea6240
SRC=000bcf90
LEN=4
DATA=64757479
---
FUNC=memcpy
RA=0005a7eb
DST=beea6240
SRC=000be5db
LEN=7
DATA=74696d656f7574
---
FUNC=memmove
RA=00032e61
DST=0014e828
SRC=00145990
LEN=6
DATA=9041b22e9a53
---
FUNC=memmove
RA=00032e61
DST=0014eae8
SRC=0014e828
LEN=6
DATA=9041b22e9a53
---
FUNC=memmove
RA=00032e61
DST=0014eaf8
SRC=0014eae8
LEN=6
DATA=9041b22e9a53
---
FUNC=memmove
RA=00032e61
DST=0014eae8
SRC=0014eaf8
LEN=6
DATA=9041b22e9a53
---
FUNC=memmove
RA=00032e61
DST=0014eaf8
SRC=0014eae8
LEN=6
DATA=9041b22e9a53
---
FUNC=memmove
RA=00032e61
DST=0016a110
SRC=001711ba
LEN=6
DATA=00d3fd06ed07
---
FUNC=memmove
RA=00032e61
DST=beea6624
SRC=0016a112
LEN=4
DATA=fd06ed07
---
FUNC=memmove
RA=00036873
DST=00161fb0
SRC=00145990
LEN=4
DATA=226d6163
---
FUNC=memmove
RA=00036873
DST=00148fb0
SRC=00161fb0
LEN=8
DATA=2239303431423232
---
FUNC=memcpy
RA=00032be9
DST=0014eb28
SRC=beea60c4
LEN=12
DATA=393034314232324539413533
---
FUNC=memcpy
RA=00032be9
DST=0016ec18
SRC=beea60c4
LEN=4
DATA=64617461
---
FUNC=memcpy
RA=00032be9
DST=0016d470
SRC=beea60c4
LEN=12
DATA=306238623131303130643134
---
FUNC=memcpy
RA=00032be9
DST=0016d0e8
SRC=beea60c4
LEN=4
DATA=64757479
---
FUNC=memcpy
RA=00032be9
DST=0016ee78
SRC=beea60c4
LEN=7
DATA=74696d656f7574
---
FUNC=memset
RA=00032679
DST=001450d0
VAL=0
LEN=6
---
FUNC=memcpy
RA=0005a7eb
DST=beea6240
SRC=000ae817
LEN=4
DATA=64617461
---
FUNC=memset
RA=00032679
DST=00145990
VAL=0
LEN=6
---
FUNC=memcpy
RA=0005a7eb
DST=beea6240
SRC=000bcf90
LEN=4
DATA=64757479
---
FUNC=memcpy
RA=0005a7eb
DST=beea6240
SRC=000be5db
LEN=7
DATA=74696d656f7574
---
FUNC=memmove
RA=00032e61
DST=00161fb0
SRC=001450d0
LEN=6
DATA=9041b22e9a53
---
FUNC=memmove
RA=00032e61
DST=0014eae8
SRC=00161fb0
LEN=6
DATA=9041b22e9a53
---
FUNC=memmove
RA=00032e61
DST=0014ed80
SRC=0014eae8
LEN=6
DATA=9041b22e9a53
---
FUNC=memmove
RA=00032e61
DST=0014eae8
SRC=0014ed80
LEN=6
DATA=9041b22e9a53
---
FUNC=memmove
RA=00032e61
DST=0014ed80
SRC=0014eae8
LEN=6
DATA=9041b22e9a53
---
FUNC=memmove
RA=00032e61
DST=0014ee58
SRC=00145990
LEN=6
DATA=0b8b11010d14
---
FUNC=memmove
RA=00032e61
DST=b5c008d8
SRC=b5fc529c
LEN=22
DATA=e0409041b22e9a5315376b2b5914a51bcad8d41d928c
---
FUNC=memmove
RA=00032e61
DST=b5c008f8
SRC=b5c008d8
LEN=22
DATA=e0409041b22e9a5315376b2b5914a51bcad8d41d928c
---
FUNC=memmove
RA=00032e61
DST=b5c00918
SRC=b5c008f8
LEN=22
DATA=e0409041b22e9a5315376b2b5914a51bcad8d41d928c
---
FUNC=memmove
RA=00032e61
DST=b5c00938
SRC=b5c00918
LEN=22
DATA=e0409041b22e9a5315376b2b5914a51bcad8d41d928c
---
FUNC=memmove
RA=00032e61
DST=0016d0b0
SRC=b5c00938
LEN=22
DATA=e0409041b22e9a5315376b2b5914a51bcad8d41d928c
---
FUNC=memmove
RA=00032e61
DST=00161338
SRC=0016d0b0
LEN=22
DATA=e0409041b22e9a5315376b2b5914a51bcad8d41d928c
---
FUNC=memcpy
RA=0005790f
DST=0014eb08
SRC=000bc077
LEN=19
DATA=4c6f52612065786368616e6765206374782040
---
FUNC=memset
RA=00032679
DST=0014eae8
VAL=0
LEN=6
---
FUNC=memset
RA=00044c03
DST=0014ea38
VAL=0
LEN=6
---
FUNC=memmove
RA=00032e61
DST=0014eae8
SRC=0014ea38
LEN=6
DATA=9041b22e9a53
---
FUNC=memset
RA=00032679
DST=0014ea38
VAL=0
LEN=6
---
FUNC=memset
RA=00032679
DST=0014e988
VAL=0
LEN=24
---
FUNC=memcpy
RA=0003c05b
DST=0014e988
SRC=00161338
LEN=10
DATA=e0409041b22e9a531537
---
FUNC=memset
RA=0002f707
DST=0014ea38
VAL=0
LEN=12
---
FUNC=stream
PHASE=pre
RA=0002f725
KEY=47be3dffb41ea35749c9290e6d2124e6b3e3842ab4e443bd0ac41eda045c2dbe
NONCE=e0409041b22e9a5315370000000000000000000000000000
LEN=12
IN=6b2b5914a51bcad8d41d928c
---
FUNC=stream
PHASE=post
KEY=47be3dffb41ea35749c9290e6d2124e6b3e3842ab4e443bd0ac41eda045c2dbe
NONCE=e0409041b22e9a5315370000000000000000000000000000
LEN=12
OUT=e7306b9701ae945200000000
---
FUNC=memmove
RA=000560cd
DST=0014e988
SRC=0014ea38
LEN=12
DATA=e7306b9701ae945200000000
---
FUNC=memmove
RA=0005613b
DST=0014e989
SRC=0014e988
LEN=11
DATA=e7306b9701ae9452000000
---
FUNC=memmove
RA=0005613b
DST=0014e98a
SRC=0014e989
LEN=11
DATA=e7306b9701ae9452000000
---
FUNC=memmove
RA=0005613b
DST=0014e98b
SRC=0014e98a
LEN=11
DATA=e7306b9701ae9452000000
---
FUNC=memmove
RA=0005613b
DST=0014e98c
SRC=0014e98b
LEN=11
DATA=e7306b9701ae9452000000
---
FUNC=memmove
RA=0005613b
DST=0014e98d
SRC=0014e98c
LEN=11
DATA=e7306b9701ae9452000000
---
FUNC=memmove
RA=0005613b
DST=0014e98e
SRC=0014e98d
LEN=11
DATA=e7306b9701ae9452000000
---
FUNC=memmove
RA=0005613b
DST=0014e98f
SRC=0014e98e
LEN=11
DATA=e7306b9701ae9452000000
---
FUNC=memmove
RA=0005613b
DST=0014e990
SRC=0014e98f
LEN=11
DATA=e7306b9701ae9452000000
---
FUNC=memmove
RA=0005613b
DST=0014e991
SRC=0014e990
LEN=11
DATA=e7306b9701ae9452000000
---
FUNC=memmove
RA=0005613b
DST=0014e992
SRC=0014e991
LEN=11
DATA=e7306b9701ae9452000000
---
FUNC=memset
RA=00032679
DST=0016f210
VAL=0
LEN=4
---
FUNC=memset
RA=000329ab
DST=0015e628
VAL=0
LEN=4
---
FUNC=gh_init
STATE=0015e460
KEYLEN=0
OUTLEN=4
---
FUNC=gh_update
STATE=0015e460
LEN=10
DATA=e0409041b22e9a531537
---
FUNC=gh_update
STATE=0015e460
LEN=4
DATA=00000000
---
FUNC=gh_update
STATE=0015e460
LEN=8
DATA=01ae945200000000
---
FUNC=gh_final
RA=0002eba3
STATE=0015e460
OUTLEN=4
OUT=e7306b97
---
FUNC=memmove
RA=00032e61
DST=0015e638
SRC=0016f210
LEN=4
DATA=e7306b97
---
FUNC=memcpy
RA=00055ddf
DST=beea6628
SRC=0015e638
LEN=4
DATA=e7306b97
---
FUNC=memset
RA=00032679
DST=0014f198
VAL=0
LEN=6
---
FUNC=memmove
RA=00032e61
DST=0014f198
SRC=001459a0
LEN=6
DATA=9041b22e9a53
---
FUNC=memcpy
RA=00043755
DST=beea65b8
SRC=000b0769
LEN=7
DATA=64656661756c74
---
FUNC=memset
RA=000329ab
DST=0015e97a
VAL=0
LEN=6
---
FUNC=memcpy
RA=00038bcd
DST=0015e97a
SRC=0014f198
LEN=6
DATA=9041b22e9a53
---
FUNC=memmove
RA=000329bd
DST=0015e998
SRC=0015e978
LEN=8
DATA=e0629041b22e9a53
---
FUNC=memset
RA=0003298b
DST=0015e9a2
VAL=0
LEN=4
---
FUNC=randombytes
RA=0003af2f
LEN=32
BUF=ba20851c4ddc190faf3eaad940988eb20001a43f1a9a525f0f41e766ba9bc5e2
---
FUNC=memmove
RA=00032e61
DST=0014e2f4
SRC=0016d530
LEN=32
DATA=734ca93532cf220e13d16632f109494a4a9ca4ff4c9b4a2ecb837785dbca0057
---
FUNC=memset
RA=000329ab
DST=0016f308
VAL=0
LEN=32
---
FUNC=memmove
RA=000329bd
DST=0016f2f8
SRC=0015e998
LEN=16
DATA=e0629041b22e9a53bd0d000000000101
---
FUNC=memmove
RA=000329bd
DST=00161098
SRC=0016f2f8
LEN=48
DATA=e0629041b22e9a53bd0d000000000101734ca93532cf220e13d16632f109494a4a9ca4ff4c9b4a2ecb837785dbca0057
---
FUNC=memmove
RA=00032e61
DST=0016d198
SRC=00161098
LEN=55
DATA=e0629041b22e9a53bd0d000000000101734ca93532cf220e13d16632f109494a4a9ca4ff4c9b4a2ecb837785dbca00570a000203feff03
---
FUNC=memset
RA=00032679
DST=0014f100
VAL=0
LEN=4
---
FUNC=memset
RA=000329ab
DST=0014f198
VAL=0
LEN=4
---
FUNC=gh_init
STATE=0015e460
KEYLEN=0
OUTLEN=4
---
FUNC=gh_update
STATE=0015e460
LEN=10
DATA=e0629041b22e9a53bd0d
---
FUNC=gh_update
STATE=0015e460
LEN=4
DATA=00000000
---
FUNC=gh_update
STATE=0015e460
LEN=41
DATA=0101734ca93532cf220e13d16632f109494a4a9ca4ff4c9b4a2ecb837785dbca00570a000203feff03
---
FUNC=gh_final
RA=0002eba3
STATE=0015e460
OUTLEN=4
OUT=2068ae45
---
FUNC=memmove
RA=00032e61
DST=0015e820
SRC=0014f100
LEN=4
DATA=2068ae45
---
FUNC=memcpy
RA=00055ddf
DST=beea6510
SRC=0015e820
LEN=4
DATA=2068ae45
---
FUNC=memset
RA=000329ab
DST=0015e820
VAL=0
LEN=4
---
FUNC=memmove
RA=00055e85
DST=0016d1a2
SRC=0015e820
LEN=4
DATA=2068ae45
---
FUNC=memset
RA=00032679
DST=0014e9e8
VAL=0
LEN=24
---
FUNC=memcpy
RA=0003c05b
DST=0014e9e8
SRC=0016d198
LEN=10
DATA=e0629041b22e9a53bd0d
---
FUNC=memset
RA=0002f707
DST=0016f2f8
VAL=0
LEN=45
---
FUNC=stream
PHASE=pre
RA=0002f725
KEY=47be3dffb41ea35749c9290e6d2124e6b3e3842ab4e443bd0ac41eda045c2dbe
NONCE=e0629041b22e9a53bd0d0000000000000000000000000000
LEN=45
IN=2068ae450101734ca93532cf220e13d16632f109494a4a9ca4ff4c9b4a2ecb837785dbca00570a000203feff03
---
FUNC=stream
PHASE=post
KEY=47be3dffb41ea35749c9290e6d2124e6b3e3842ab4e443bd0ac41eda045c2dbe
NONCE=e0629041b22e9a53bd0d0000000000000000000000000000
LEN=45
OUT=e418b8e878e55672a0091b85569f016fe6446cdee451332dcc5a16174e7b3cff36c25b0d5e56ee02b3c13828cb
---
FUNC=memmove
RA=000560cd
DST=0016b938
SRC=0016f2f8
LEN=45
DATA=e418b8e878e55672a0091b85569f016fe6446cdee451332dcc5a16174e7b3cff36c25b0d5e56ee02b3c13828cb
---
FUNC=memmove
RA=0005613b
DST=0016b939
SRC=0016b938
LEN=44
DATA=e418b8e878e55672a0091b85569f016fe6446cdee451332dcc5a16174e7b3cff36c25b0d5e56ee02b3c13828
---
FUNC=memmove
RA=0005613b
DST=0016b93a
SRC=0016b939
LEN=44
DATA=e418b8e878e55672a0091b85569f016fe6446cdee451332dcc5a16174e7b3cff36c25b0d5e56ee02b3c13828
---
FUNC=memmove
RA=0005613b
DST=0016b93b
SRC=0016b93a
LEN=44
DATA=e418b8e878e55672a0091b85569f016fe6446cdee451332dcc5a16174e7b3cff36c25b0d5e56ee02b3c13828
---
FUNC=memmove
RA=0005613b
DST=0016b93c
SRC=0016b93b
LEN=44
DATA=e418b8e878e55672a0091b85569f016fe6446cdee451332dcc5a16174e7b3cff36c25b0d5e56ee02b3c13828
---
FUNC=memmove
RA=0005613b
DST=0016b93d
SRC=0016b93c
LEN=44
DATA=e418b8e878e55672a0091b85569f016fe6446cdee451332dcc5a16174e7b3cff36c25b0d5e56ee02b3c13828
---
FUNC=memmove
RA=0005613b
DST=0016b93e
SRC=0016b93d
LEN=44
DATA=e418b8e878e55672a0091b85569f016fe6446cdee451332dcc5a16174e7b3cff36c25b0d5e56ee02b3c13828
---
FUNC=memmove
RA=0005613b
DST=0016b93f
SRC=0016b93e
LEN=44
DATA=e418b8e878e55672a0091b85569f016fe6446cdee451332dcc5a16174e7b3cff36c25b0d5e56ee02b3c13828
---
FUNC=memmove
RA=0005613b
DST=0016b940
SRC=0016b93f
LEN=44
DATA=e418b8e878e55672a0091b85569f016fe6446cdee451332dcc5a16174e7b3cff36c25b0d5e56ee02b3c13828
---
FUNC=memmove
RA=0005613b
DST=0016b941
SRC=0016b940
LEN=44
DATA=e418b8e878e55672a0091b85569f016fe6446cdee451332dcc5a16174e7b3cff36c25b0d5e56ee02b3c13828
---
FUNC=memmove
RA=0005613b
DST=0016b942
SRC=0016b941
LEN=44
DATA=e418b8e878e55672a0091b85569f016fe6446cdee451332dcc5a16174e7b3cff36c25b0d5e56ee02b3c13828
---
FUNC=memmove
RA=00032e61
DST=0016d198
SRC=0016b938
LEN=55
DATA=e0629041b22e9a53bd0de418b8e878e55672a0091b85569f016fe6446cdee451332dcc5a16174e7b3cff36c25b0d5e56ee02b3c13828cb
---
FUNC=memmove
RA=00032e61
DST=0016ec00
SRC=0016d198
LEN=55
DATA=e0629041b22e9a53bd0de418b8e878e55672a0091b85569f016fe6446cdee451332dcc5a16174e7b3cff36c25b0d5e56ee02b3c13828cb
---
FUNC=memmove
RA=00032e61
DST=0016d408
SRC=0016ec00
LEN=55
DATA=e0629041b22e9a53bd0de418b8e878e55672a0091b85569f016fe6446cdee451332dcc5a16174e7b3cff36c25b0d5e56ee02b3c13828cb
---
FUNC=memmove
RA=00032e61
DST=0014f138
SRC=001459a0
LEN=6
DATA=9041b22e9a53
---
FUNC=memcpy
RA=0005a7eb
DST=0015eac8
SRC=000bcebc
LEN=4
DATA=73736964
---
FUNC=memcpy
RA=0005a7eb
DST=0015eb10
SRC=000bcec1
LEN=7
DATA=61646f70746564
---
FUNC=memcpy
RA=0005a7eb
DST=0015eb58
SRC=000bcec9
LEN=6
DATA=7369676e616c
---
FUNC=memcpy
RA=0005a7eb
DST=0015eb78
SRC=000bceaf
LEN=4
DATA=72737369
---
FUNC=memcpy
RA=0005a7eb
DST=beea6610
SRC=000bceda
LEN=15
DATA=646973636f76657279526573756c74
---
FUNC=memmove
RA=000699d7
DST=0016ac88
SRC=0018a788
LEN=214
DATA=010100000000006f7b226964223a2232646337333031632d613030322d343631662d383532362d663362303461386338623533222c226e616d65223a22646973636f76657279526573756c74222c2274696d657374616d70223a313737363739373632353036322c2274797065223a226576656e74227d02010000000000577b
---
FUNC=memcpy
RA=00078c61
DST=beea649c
SRC=beea6418
LEN=132
DATA=1c1116000400000088ac1600d600000000000000000000000000000000000000000000000000000000000000000000000000000000000000000000000000000000000000000000000000000000000000000000000000000000000000000000000000000000000000000000000000000000000000000000000000000000000000
---
FUNC=memcpy
RA=00078c73
DST=beea6528
SRC=beea649c
LEN=132
DATA=1c1116000400000088ac1600d600000000000000000000000000000000000000000000000000000000000000000000000000000000000000000000000000000000000000000000000000000000000000000000000000000000000000000000000000000000000000000000000000000000000000000000000000000000000000
---
FUNC=memcpy
RA=0007552f
DST=beea4288
SRC=0016111c
LEN=4
DATA=827e00d6
---
FUNC=memcpy
RA=0007552f
DST=beea428c
SRC=0016ac88
LEN=214
DATA=010100000000006f7b226964223a2232646337333031632d613030322d343631662d383532362d663362303461386338623533222c226e616d65223a22646973636f76657279526573756c74222c2274696d657374616d70223a313737363739373632353036322c2274797065223a226576656e74227d02010000000000577b
---
FUNC=memcpy
RA=00076e4d
DST=beea62f4
SRC=beea6528
LEN=132
DATA=1c1116000400000088ac1600d600000000000000000000000000000000000000000000000000000000000000000000000000000000000000000000000000000000000000000000000000000000000000000000000000000000000000000000000000000000000000000000000000000000000000000000000000000000000000
---
FUNC=memcpy
RA=00076e4d
DST=00170cd8
SRC=beea62f4
LEN=132
DATA=1c1116000400000088ac1600d600000000000000000000000000000000000000000000000000000000000000000000000000000000000000000000000000000000000000000000000000000000000000000000000000000000000000000000000000000000000000000000000000000000000000000000000000000000000000
---
FUNC=memcpy
RA=00076e4d
DST=beea68d4
SRC=00170cd8
LEN=132
DATA=1c1116000400000088ac1600d600000000000000000000000000000000000000000000000000000000000000000000000000000000000000000000000000000000000000000000000000000000000000000000000000000000000000000000000000000000000000000000000000000000000000000000000000000000000000
---
FUNC=memmove
RA=00032e61
DST=0016a110
SRC=001711ba
LEN=6
DATA=0096653ae3fd
---
FUNC=memmove
RA=00032e61
DST=beea6624
SRC=0016a112
LEN=4
DATA=653ae3fd
---
FUNC=memmove
RA=00036873
DST=0014f160
SRC=0014f100
LEN=4
DATA=226d6163
---
FUNC=memmove
RA=00036873
DST=0014f050
SRC=0014f160
LEN=8
DATA=2239303431423232
---
FUNC=memcpy
RA=00032be9
DST=0014ea90
SRC=beea611c
LEN=12
DATA=393034314232324539413533
---
FUNC=memset
RA=00032679
DST=0015e978
VAL=0
LEN=6
---
FUNC=memmove
RA=00032e61
DST=0014f100
SRC=0014eaf8
LEN=6
DATA=9041b22e9a53
---
FUNC=memcpy
RA=00059f65
DST=0016f0c0
SRC=000bcc20
LEN=38
DATA=446174612065786368616e67652061626f727465642077697468204c6f526120646576696365
---
FUNC=memmove
RA=000699d7
DST=0016da08
SRC=00145020
LEN=171
DATA=01010000000000997b226572726f72223a22446174612065786368616e67652061626f727465642077697468204c6f526120646576696365222c226572726f72436f6465223a31352c226964223a2265666534396563312d313761362d343066332d623235382d393638326433313461393236222c2274696d657374616d7022
---
FUNC=memmove
RA=00032e61
DST=0014eba0
SRC=0014ed80
LEN=6
DATA=9041b22e9a53
---
FUNC=memcpy
RA=00059f65
DST=0014ed50
SRC=000bcc20
LEN=38
DATA=446174612065786368616e67652061626f727465642077697468204c6f526120646576696365
---
FUNC=memmove
RA=000699d7
DST=00168d50
SRC=00145020
LEN=171
DATA=01010000000000997b226572726f72223a22446174612065786368616e67652061626f727465642077697468204c6f526120646576696365222c226572726f72436f6465223a31352c226964223a2239653863303636642d323962642d346362312d623331342d323931643565306337353564222c2274696d657374616d7022
---
FUNC=memmove
RA=000699d7
DST=001620c0
SRC=0015e370
LEN=132
DATA=01010000000000727b226572726f72223a22222c226572726f72436f6465223a302c226964223a2239636166323961622d333038382d346464302d396230622d313936626262383064366663222c2274696d657374616d70223a313737363739373632353037342c2274797065223a22726573706f6e7365227d020100000000
---
FUNC=memcpy
RA=00078c61
DST=beea649c
SRC=beea6418
LEN=132
DATA=b41016000400000008da1600ab00000024e3150004000000508d1600ab0000000495160004000000c0201600840000000000000000000000000000000000000000000000000000000000000000000000000000000000000000000000000000000000000000000000000000000000000000000000000000000000000000000000
---
FUNC=memcpy
RA=00078c73
DST=beea6528
SRC=beea649c
LEN=132
DATA=b41016000400000008da1600ab00000024e3150004000000508d1600ab0000000495160004000000c0201600840000000000000000000000000000000000000000000000000000000000000000000000000000000000000000000000000000000000000000000000000000000000000000000000000000000000000000000000
---
FUNC=memcpy
RA=0007552f
DST=beea4288
SRC=001610b4
LEN=4
DATA=827e00ab
---
FUNC=memcpy
RA=0007552f
DST=beea428c
SRC=0016da08
LEN=171
DATA=01010000000000997b226572726f72223a22446174612065786368616e67652061626f727465642077697468204c6f526120646576696365222c226572726f72436f6465223a31352c226964223a2265666534396563312d313761362d343066332d623235382d393638326433313461393236222c2274696d657374616d7022
---
FUNC=memcpy
RA=0007552f
DST=beea4337
SRC=0015e324
LEN=4
DATA=827e00ab
---
FUNC=memcpy
RA=0007552f
DST=beea433b
SRC=00168d50
LEN=171
DATA=01010000000000997b226572726f72223a22446174612065786368616e67652061626f727465642077697468204c6f526120646576696365222c226572726f72436f6465223a31352c226964223a2239653863303636642d323962642d346362312d623331342d323931643565306337353564222c2274696d657374616d7022
---
FUNC=memcpy
RA=0007552f
DST=beea43e6
SRC=00169504
LEN=4
DATA=827e0084
---
FUNC=memcpy
RA=0007552f
DST=beea43ea
SRC=001620c0
LEN=132
DATA=01010000000000727b226572726f72223a22222c226572726f72436f6465223a302c226964223a2239636166323961622d333038382d346464302d396230622d313936626262383064366663222c2274696d657374616d70223a313737363739373632353037342c2274797065223a22726573706f6e7365227d020100000000
---
FUNC=memcpy
RA=00076e4d
DST=beea62f4
SRC=beea6528
LEN=132
DATA=b41016000400000008da1600ab00000024e3150004000000508d1600ab0000000495160004000000c0201600840000000000000000000000000000000000000000000000000000000000000000000000000000000000000000000000000000000000000000000000000000000000000000000000000000000000000000000000
---
FUNC=memcpy
RA=00076e4d
DST=00170cd8
SRC=beea62f4
LEN=132
DATA=b41016000400000008da1600ab00000024e3150004000000508d1600ab0000000495160004000000c0201600840000000000000000000000000000000000000000000000000000000000000000000000000000000000000000000000000000000000000000000000000000000000000000000000000000000000000000000000
---
FUNC=memcpy
RA=0005a7eb
DST=0014eb88
SRC=000c741b
LEN=8
DATA=6361706163697479
---
FUNC=memcpy
RA=0005a7eb
DST=0016d0b8
SRC=000bf380
LEN=9
DATA=617661696c61626c65
---
FUNC=memcpy
RA=0005a7eb
DST=beea6968
SRC=000bce9f
LEN=15
DATA=64657673496e666f4368616e676564
---
FUNC=memmove
RA=000699d7
DST=001699b8
SRC=00145020
LEN=167
DATA=010100000000006f7b226964223a2235616533306538392d613836632d343338642d616564322d363961396137343039306434222c226e616d65223a2264657673496e666f4368616e676564222c2274696d657374616d70223a313737363739373632353038302c2274797065223a226576656e74227d02010000000000287b
---
FUNC=memcpy
RA=00076e4d
DST=beea68d4
SRC=00170cd8
LEN=132
DATA=b41016000400000008da1600ab00000024e3150004000000508d1600ab0000000495160004000000c0201600840000000000000000000000000000000000000000000000000000000000000000000000000000000000000000000000000000000000000000000000000000000000000000000000000000000000000000000000
---
FUNC=memcpy
RA=00078c61
DST=beea649c
SRC=beea6418
LEN=132
DATA=bcbb180004000000b8991600a700000000000000000000000000000000000000000000000000000000000000000000000000000000000000000000000000000000000000000000000000000000000000000000000000000000000000000000000000000000000000000000000000000000000000000000000000000000000000
---
FUNC=memcpy
RA=00078c73
DST=beea6528
SRC=beea649c
LEN=132
DATA=bcbb180004000000b8991600a700000000000000000000000000000000000000000000000000000000000000000000000000000000000000000000000000000000000000000000000000000000000000000000000000000000000000000000000000000000000000000000000000000000000000000000000000000000000000
---
FUNC=memcpy
RA=0007552f
DST=beea4288
SRC=0018bbbc
LEN=4
DATA=827e00a7
---
FUNC=memcpy
RA=0007552f
DST=beea428c
SRC=001699b8
LEN=167
DATA=010100000000006f7b226964223a2235616533306538392d613836632d343338642d616564322d363961396137343039306434222c226e616d65223a2264657673496e666f4368616e676564222c2274696d657374616d70223a313737363739373632353038302c2274797065223a226576656e74227d02010000000000287b
---
FUNC=memcpy
RA=00076e4d
DST=beea62f4
SRC=beea6528
LEN=132
DATA=bcbb180004000000b8991600a700000000000000000000000000000000000000000000000000000000000000000000000000000000000000000000000000000000000000000000000000000000000000000000000000000000000000000000000000000000000000000000000000000000000000000000000000000000000000
---
FUNC=memcpy
RA=00076e4d
DST=00170cd8
SRC=beea62f4
LEN=132
DATA=bcbb180004000000b8991600a700000000000000000000000000000000000000000000000000000000000000000000000000000000000000000000000000000000000000000000000000000000000000000000000000000000000000000000000000000000000000000000000000000000000000000000000000000000000000
---
FUNC=memcpy
RA=00076e4d
DST=beea68d4
SRC=00170cd8
LEN=132
DATA=bcbb180004000000b8991600a700000000000000000000000000000000000000000000000000000000000000000000000000000000000000000000000000000000000000000000000000000000000000000000000000000000000000000000000000000000000000000000000000000000000000000000000000000000000000
---
FUNC=memmove
RA=00032e61
DST=b5c00958
SRC=b5fc529c
LEN=63
DATA=e0429041b22e9a53163d0baae7ca75eddaa1dd13a46381116b978af325111331a11f4d90e2ebe3024a89e3176ed3ce1401e373cce84f1e6ba09cf097514ecb
---
FUNC=memmove
RA=00032e61
DST=b5c009a0
SRC=b5c00958
LEN=63
DATA=e0429041b22e9a53163d0baae7ca75eddaa1dd13a46381116b978af325111331a11f4d90e2ebe3024a89e3176ed3ce1401e373cce84f1e6ba09cf097514ecb
---
FUNC=memmove
RA=00032e61
DST=b5c009e8
SRC=b5c009a0
LEN=63
DATA=e0429041b22e9a53163d0baae7ca75eddaa1dd13a46381116b978af325111331a11f4d90e2ebe3024a89e3176ed3ce1401e373cce84f1e6ba09cf097514ecb
---
FUNC=memmove
RA=00032e61
DST=b5c00a68
SRC=b5c009e8
LEN=63
DATA=e0429041b22e9a53163d0baae7ca75eddaa1dd13a46381116b978af325111331a11f4d90e2ebe3024a89e3176ed3ce1401e373cce84f1e6ba09cf097514ecb
---
FUNC=memmove
RA=00032e61
DST=00149058
SRC=b5c00a68
LEN=63
DATA=e0429041b22e9a53163d0baae7ca75eddaa1dd13a46381116b978af325111331a11f4d90e2ebe3024a89e3176ed3ce1401e373cce84f1e6ba09cf097514ecb
---
FUNC=memmove
RA=00032e61
DST=b5c00a68
SRC=00149058
LEN=63
DATA=e0429041b22e9a53163d0baae7ca75eddaa1dd13a46381116b978af325111331a11f4d90e2ebe3024a89e3176ed3ce1401e373cce84f1e6ba09cf097514ecb
---
FUNC=memcpy
RA=0005790f
DST=0015e6a8
SRC=000bc077
LEN=19
DATA=4c6f52612065786368616e6765206374782040
---
FUNC=memset
RA=00032679
DST=0014f170
VAL=0
LEN=6
---
FUNC=memset
RA=00044c03
DST=0014f080
VAL=0
LEN=6
---
FUNC=memmove
RA=00032e61
DST=0014f170
SRC=0014f080
LEN=6
DATA=9041b22e9a53
---
FUNC=memset
RA=00032679
DST=0014f080
VAL=0
LEN=6
---
FUNC=memmove
RA=00032e61
DST=b5c00618
SRC=b5fc529c
LEN=16
DATA=e0439041b22e9a536d299a5acad2ad52
---
FUNC=memmove
RA=00032e61
DST=b5c00680
SRC=b5c00618
LEN=16
DATA=e0439041b22e9a536d299a5acad2ad52
---
FUNC=memmove
RA=00032e61
DST=b5c006c0
SRC=b5c00680
LEN=16
DATA=e0439041b22e9a536d299a5acad2ad52
---
FUNC=memmove
RA=00032e61
DST=b5c00738
SRC=b5c006c0
LEN=16
DATA=e0439041b22e9a536d299a5acad2ad52
---
FUNC=memmove
RA=00032e61
DST=0014f180
SRC=b5c00738
LEN=16
DATA=e0439041b22e9a536d299a5acad2ad52
---
FUNC=memmove
RA=00032e61
DST=00145848
SRC=0014f180
LEN=16
DATA=e0439041b22e9a536d299a5acad2ad52
---
FUNC=memcpy
RA=0005790f
DST=00148fb0
SRC=000bc077
LEN=19
DATA=4c6f52612065786368616e6765206374782040
---
FUNC=memset
RA=00032679
DST=0014f170
VAL=0
LEN=6
---
FUNC=memset
RA=00044c03
DST=0014f080
VAL=0
LEN=6
---
FUNC=memmove
RA=00032e61
DST=0014f170
SRC=0014f080
LEN=6
DATA=9041b22e9a53
---
FUNC=memset
RA=00032679
DST=0014f080
VAL=0
LEN=6
---
FUNC=memmove
RA=00032e61
DST=b5c00750
SRC=b5fc529c
LEN=80
DATA=e0549041b22e9a536eb857b42e520eaa4ac34fcadbc8950e8c94df5d1268493f216dff65734acf83940a693ff04bb62749552f5d37f610b8bc76ac51c780aa5583958f909b2031b3cb13034af4e4e596
---
FUNC=memmove
RA=00032e61
DST=b5c007a8
SRC=b5c00750
LEN=80
DATA=e0549041b22e9a536eb857b42e520eaa4ac34fcadbc8950e8c94df5d1268493f216dff65734acf83940a693ff04bb62749552f5d37f610b8bc76ac51c780aa5583958f909b2031b3cb13034af4e4e596
---
FUNC=memmove
RA=00032e61
DST=b5c00800
SRC=b5c007a8
LEN=80
DATA=e0549041b22e9a536eb857b42e520eaa4ac34fcadbc8950e8c94df5d1268493f216dff65734acf83940a693ff04bb62749552f5d37f610b8bc76ac51c780aa5583958f909b2031b3cb13034af4e4e596
---
FUNC=memmove
RA=00032e61
DST=b5c00ad8
SRC=b5c00800
LEN=80
DATA=e0549041b22e9a536eb857b42e520eaa4ac34fcadbc8950e8c94df5d1268493f216dff65734acf83940a693ff04bb62749552f5d37f610b8bc76ac51c780aa5583958f909b2031b3cb13034af4e4e596
---
FUNC=memmove
RA=00032e61
DST=0016e528
SRC=b5c00ad8
LEN=80
DATA=e0549041b22e9a536eb857b42e520eaa4ac34fcadbc8950e8c94df5d1268493f216dff65734acf83940a693ff04bb62749552f5d37f610b8bc76ac51c780aa5583958f909b2031b3cb13034af4e4e596
---
FUNC=memmove
RA=00032e61
DST=b5c00ad8
SRC=0016e528
LEN=80
DATA=e0549041b22e9a536eb857b42e520eaa4ac34fcadbc8950e8c94df5d1268493f216dff65734acf83940a693ff04bb62749552f5d37f610b8bc76ac51c780aa5583958f909b2031b3cb13034af4e4e596
---
FUNC=memcpy
RA=0005790f
DST=0015e6a8
SRC=000bc077
LEN=19
DATA=4c6f52612065786368616e6765206374782040
---
FUNC=memset
RA=00032679
DST=0014f170
VAL=0
LEN=6
---
FUNC=memset
RA=00044c03
DST=0014f080
VAL=0
LEN=6
---
FUNC=memmove
RA=00032e61
DST=0014f170
SRC=0014f080
LEN=6
DATA=9041b22e9a53
---
FUNC=memset
RA=00032679
DST=0014f080
VAL=0
LEN=6
---
FUNC=memmove
RA=00032e61
DST=b5c008d8
SRC=b5fc529c
LEN=22
DATA=e0409041b22e9a5317109ac178bb2d5fbece71cb9241
---
FUNC=memmove
RA=00032e61
DST=b5c008f8
SRC=b5c008d8
LEN=22
DATA=e0409041b22e9a5317109ac178bb2d5fbece71cb9241
---
FUNC=memmove
RA=00032e61
DST=b5c00918
SRC=b5c008f8
LEN=22
DATA=e0409041b22e9a5317109ac178bb2d5fbece71cb9241
---
FUNC=memmove
RA=00032e61
DST=b5c00938
SRC=b5c00918
LEN=22
DATA=e0409041b22e9a5317109ac178bb2d5fbece71cb9241
---
FUNC=memmove
RA=00032e61
DST=0014e948
SRC=b5c00938
LEN=22
DATA=e0409041b22e9a5317109ac178bb2d5fbece71cb9241
---
FUNC=memmove
RA=00032e61
DST=0014e968
SRC=0014e948
LEN=22
DATA=e0409041b22e9a5317109ac178bb2d5fbece71cb9241
---
FUNC=memcpy
RA=0005790f
DST=0014f180
SRC=000bc077
LEN=19
DATA=4c6f52612065786368616e6765206374782040
---
FUNC=memset
RA=00032679
DST=0014f170
VAL=0
LEN=6
---
FUNC=memset
RA=00044c03
DST=0014f080
VAL=0
LEN=6
---
FUNC=memmove
RA=00032e61
DST=0014f170
SRC=0014f080
LEN=6
DATA=9041b22e9a53
---
FUNC=memset
RA=00032679
DST=0014f080
VAL=0
LEN=6
---
FUNC=memset
RA=00032679
DST=0014eb80
VAL=0
LEN=24
---
FUNC=memcpy
RA=0003c05b
DST=0014eb80
SRC=0014e968
LEN=10
DATA=e0409041b22e9a531710
---
FUNC=memset
RA=0002f707
DST=0014f080
VAL=0
LEN=12
---
FUNC=stream
PHASE=pre
RA=0002f725
KEY=47be3dffb41ea35749c9290e6d2124e6b3e3842ab4e443bd0ac41eda045c2dbe
NONCE=e0409041b22e9a5317100000000000000000000000000000
LEN=12
IN=9ac178bb2d5fbece71cb9241
---
FUNC=stream
PHASE=post
KEY=47be3dffb41ea35749c9290e6d2124e6b3e3842ab4e443bd0ac41eda045c2dbe
NONCE=e0409041b22e9a5317100000000000000000000000000000
LEN=12
OUT=18204b3f01ae945300000000
---
FUNC=memmove
RA=000560cd
DST=0014eb80
SRC=0014f080
LEN=12
DATA=18204b3f01ae945300000000
---
FUNC=memmove
RA=0005613b
DST=0014eb81
SRC=0014eb80
LEN=11
DATA=18204b3f01ae9453000000
---
FUNC=memmove
RA=0005613b
DST=0014eb82
SRC=0014eb81
LEN=11
DATA=18204b3f01ae9453000000
---
FUNC=memmove
RA=0005613b
DST=0014eb83
SRC=0014eb82
LEN=11
DATA=18204b3f01ae9453000000
---
FUNC=memmove
RA=0005613b
DST=0014eb84
SRC=0014eb83
LEN=11
DATA=18204b3f01ae9453000000
---
FUNC=memmove
RA=0005613b
DST=0014eb85
SRC=0014eb84
LEN=11
DATA=18204b3f01ae9453000000
---
FUNC=memmove
RA=0005613b
DST=0014eb86
SRC=0014eb85
LEN=11
DATA=18204b3f01ae9453000000
---
FUNC=memmove
RA=0005613b
DST=0014eb87
SRC=0014eb86
LEN=11
DATA=18204b3f01ae9453000000
---
FUNC=memmove
RA=0005613b
DST=0014eb88
SRC=0014eb87
LEN=11
DATA=18204b3f01ae9453000000
---
FUNC=memmove
RA=0005613b
DST=0014eb89
SRC=0014eb88
LEN=11
DATA=18204b3f01ae9453000000
---
FUNC=memmove
RA=0005613b
DST=0014eb8a
SRC=0014eb89
LEN=11
DATA=18204b3f01ae9453000000
---
FUNC=memset
RA=00032679
DST=001492d0
VAL=0
LEN=4
---
FUNC=memset
RA=000329ab
DST=001450d0
VAL=0
LEN=4
---
FUNC=gh_init
STATE=0016fa78
KEYLEN=0
OUTLEN=4
---
FUNC=gh_update
STATE=0016fa78
LEN=10
DATA=e0409041b22e9a531710
---
FUNC=gh_update
STATE=0016fa78
LEN=4
DATA=00000000
---
FUNC=gh_update
STATE=0016fa78
LEN=8
DATA=01ae945300000000
---
FUNC=gh_final
RA=0002eba3
STATE=0016fa78
OUTLEN=4
OUT=18204b3f
---
FUNC=memmove
RA=00032e61
DST=001620b0
SRC=001492d0
LEN=4
DATA=18204b3f
---
FUNC=memcpy
RA=00055ddf
DST=beea6740
SRC=001620b0
LEN=4
DATA=18204b3f
---
FUNC=memmove
RA=00032e61
DST=0016f210
SRC=0014f170
LEN=6
DATA=9041b22e9a53
---
FUNC=memcpy
RA=0005a7eb
DST=0015e9e0
SRC=000bcebc
LEN=4
DATA=73736964
---
FUNC=memcpy
RA=0005a7eb
DST=0015ea00
SRC=000bcec1
LEN=7
DATA=61646f70746564
---
FUNC=memcpy
RA=0005a7eb
DST=0016d470
SRC=000bcec9
LEN=6
DATA=7369676e616c
---
FUNC=memcpy
RA=0005a7eb
DST=0014eb28
SRC=000bceaf
LEN=4
DATA=72737369
---
FUNC=memcpy
RA=0005a7eb
DST=beea6728
SRC=000bceda
LEN=15
DATA=646973636f76657279526573756c74
---
FUNC=memmove
RA=000699d7
DST=0018a788
SRC=0016a780
LEN=213
DATA=010100000000006f7b226964223a2231336665383935632d633335372d346334302d626462652d383337623162626361656261222c226e616d65223a22646973636f76657279526573756c74222c2274696d657374616d70223a313737363739373635353035382c2274797065223a226576656e74227d02010000000000567b
---
FUNC=memcpy
RA=00078c61
DST=beea649c
SRC=beea6418
LEN=132
DATA=24e315000400000088a71800d500000000000000000000000000000000000000000000000000000000000000000000000000000000000000000000000000000000000000000000000000000000000000000000000000000000000000000000000000000000000000000000000000000000000000000000000000000000000000
---
FUNC=memcpy
RA=00078c73
DST=beea6528
SRC=beea649c
LEN=132
DATA=24e315000400000088a71800d500000000000000000000000000000000000000000000000000000000000000000000000000000000000000000000000000000000000000000000000000000000000000000000000000000000000000000000000000000000000000000000000000000000000000000000000000000000000000
---
FUNC=memcpy
RA=0007552f
DST=beea4288
SRC=0015e324
LEN=4
DATA=827e00d5
---
FUNC=memcpy
RA=0007552f
DST=beea428c
SRC=0018a788
LEN=213
DATA=010100000000006f7b226964223a2231336665383935632d633335372d346334302d626462652d383337623162626361656261222c226e616d65223a22646973636f76657279526573756c74222c2274696d657374616d70223a313737363739373635353035382c2274797065223a226576656e74227d02010000000000567b
---
FUNC=memcpy
RA=00076e4d
DST=beea62f4
SRC=beea6528
LEN=132
DATA=24e315000400000088a71800d500000000000000000000000000000000000000000000000000000000000000000000000000000000000000000000000000000000000000000000000000000000000000000000000000000000000000000000000000000000000000000000000000000000000000000000000000000000000000
---
FUNC=memcpy
RA=00076e4d
DST=00170cd8
SRC=beea62f4
LEN=132
DATA=24e315000400000088a71800d500000000000000000000000000000000000000000000000000000000000000000000000000000000000000000000000000000000000000000000000000000000000000000000000000000000000000000000000000000000000000000000000000000000000000000000000000000000000000
---
FUNC=memcpy
RA=00076e4d
DST=beea68d4
SRC=00170cd8
LEN=132
DATA=24e315000400000088a71800d500000000000000000000000000000000000000000000000000000000000000000000000000000000000000000000000000000000000000000000000000000000000000000000000000000000000000000000000000000000000000000000000000000000000000000000000000000000000000
---
FUNC=memcpy
RA=00029df1
DST=beea6928
SRC=beea68d0
LEN=10
DATA=31373736373937363735
---
FUNC=memmove
RA=000699d7
DST=0015e354
SRC=0016dbe8
LEN=10
DATA=31373736373937363735
---
FUNC=memcpy
RA=00078c61
DST=beea649c
SRC=beea6418
LEN=132
DATA=24e315000200000054e315000a00000000000000000000000000000000000000000000000000000000000000000000000000000000000000000000000000000000000000000000000000000000000000000000000000000000000000000000000000000000000000000000000000000000000000000000000000000000000000
---
FUNC=memcpy
RA=00078c73
DST=beea6528
SRC=beea649c
LEN=132
DATA=24e315000200000054e315000a00000000000000000000000000000000000000000000000000000000000000000000000000000000000000000000000000000000000000000000000000000000000000000000000000000000000000000000000000000000000000000000000000000000000000000000000000000000000000
---
FUNC=memcpy
RA=0007552f
DST=beea428a
SRC=0015e354
LEN=10
DATA=31373736373937363735
---
FUNC=memcpy
RA=00076e4d
DST=beea62f4
SRC=beea6528
LEN=132
DATA=24e315000200000054e315000a00000000000000000000000000000000000000000000000000000000000000000000000000000000000000000000000000000000000000000000000000000000000000000000000000000000000000000000000000000000000000000000000000000000000000000000000000000000000000
---
FUNC=memcpy
RA=00076e4d
DST=00170cd8
SRC=beea62f4
LEN=132
DATA=24e315000200000054e315000a00000000000000000000000000000000000000000000000000000000000000000000000000000000000000000000000000000000000000000000000000000000000000000000000000000000000000000000000000000000000000000000000000000000000000000000000000000000000000
---
FUNC=memcpy
RA=00076e4d
DST=beea68d4
SRC=00170cd8
LEN=132
DATA=24e315000200000054e315000a00000000000000000000000000000000000000000000000000000000000000000000000000000000000000000000000000000000000000000000000000000000000000000000000000000000000000000000000000000000000000000000000000000000000000000000000000000000000000
---
FUNC=memmove
RA=00032e61
DST=0016a110
SRC=001711ba
LEN=4
DATA=d79e6181
---
FUNC=memmove
RA=00032e61
DST=beea6624
SRC=0016a110
LEN=4
DATA=d79e6181
---
FUNC=memcpy
RA=00032be9
DST=beea6588
SRC=0015e354
LEN=10
DATA=31373736373937363735
---
FUNC=memcpy
RA=00032be9
DST=beea6538
SRC=beea6588
LEN=10
DATA=31373736373937363735
---
FUNC=memmove
RA=00032e61
DST=b5c00618
SRC=b5fc529c
LEN=16
DATA=e0439041b22e9a536f03a6c36f6223d0
---
FUNC=memmove
RA=00032e61
DST=b5c00680
SRC=b5c00618
LEN=16
DATA=e0439041b22e9a536f03a6c36f6223d0
---
FUNC=memmove
RA=00032e61
DST=b5c006c0
SRC=b5c00680
LEN=16
DATA=e0439041b22e9a536f03a6c36f6223d0
---
FUNC=memmove
RA=00032e61
DST=b5c00738
SRC=b5c006c0
LEN=16
DATA=e0439041b22e9a536f03a6c36f6223d0
---
FUNC=memmove
RA=00032e61
DST=0014f3b8
SRC=b5c00738
LEN=16
DATA=e0439041b22e9a536f03a6c36f6223d0
---
FUNC=memmove
RA=00032e61
DST=b5e07ae0
SRC=0014f3b8
LEN=16
DATA=e0439041b22e9a536f03a6c36f6223d0
---
FUNC=memcpy
RA=0005790f
DST=0015e790
SRC=000bc077
LEN=19
DATA=4c6f52612065786368616e6765206374782040
---
FUNC=memset
RA=00032679
DST=0016d500
VAL=0
LEN=6
---
FUNC=memset
RA=00044c03
DST=0014e9d8
VAL=0
LEN=6
---
FUNC=memmove
RA=00032e61
DST=0016d500
SRC=0014e9d8
LEN=6
DATA=9041b22e9a53
---
FUNC=memset
RA=00032679
DST=0014e9d8
VAL=0
LEN=6
---
FUNC=memmove
RA=00032e61
DST=b5c008d8
SRC=b5fc529c
LEN=22
DATA=e0409041b22e9a531822edfcb3de5107f9007947e1ce
---
FUNC=memmove
RA=00032e61
DST=b5c008f8
SRC=b5c008d8
LEN=22
DATA=e0409041b22e9a531822edfcb3de5107f9007947e1ce
---
FUNC=memmove
RA=00032e61
DST=b5c00918
SRC=b5c008f8
LEN=22
DATA=e0409041b22e9a531822edfcb3de5107f9007947e1ce
---
FUNC=memmove
RA=00032e61
DST=b5c00938
SRC=b5c00918
LEN=22
DATA=e0409041b22e9a531822edfcb3de5107f9007947e1ce
---
FUNC=memmove
RA=00032e61
DST=0014eb20
SRC=b5c00938
LEN=22
DATA=e0409041b22e9a531822edfcb3de5107f9007947e1ce
---
FUNC=memmove
RA=00032e61
DST=00145990
SRC=0014eb20
LEN=22
DATA=e0409041b22e9a531822edfcb3de5107f9007947e1ce
---
FUNC=memcpy
RA=0005790f
DST=0014e9c0
SRC=000bc077
LEN=19
DATA=4c6f52612065786368616e6765206374782040
---
FUNC=memset
RA=00032679
DST=0016d500
VAL=0
LEN=6
---
FUNC=memset
RA=00044c03
DST=0014e9d8
VAL=0
LEN=6
---
FUNC=memmove
RA=00032e61
DST=0016d500
SRC=0014e9d8
LEN=6
DATA=9041b22e9a53
---
FUNC=memset
RA=00032679
DST=0014e9d8
VAL=0
LEN=6
---
FUNC=memset
RA=00032679
DST=0014e9e8
VAL=0
LEN=24
---
FUNC=memcpy
RA=0003c05b
DST=0014e9e8
SRC=00145990
LEN=10
DATA=e0409041b22e9a531822
---
FUNC=memset
RA=0002f707
DST=0014e9d8
VAL=0
LEN=12
---
FUNC=stream
PHASE=pre
RA=0002f725
KEY=47be3dffb41ea35749c9290e6d2124e6b3e3842ab4e443bd0ac41eda045c2dbe
NONCE=e0409041b22e9a5318220000000000000000000000000000
LEN=12
IN=edfcb3de5107f9007947e1ce
---
FUNC=stream
PHASE=post
KEY=47be3dffb41ea35749c9290e6d2124e6b3e3842ab4e443bd0ac41eda045c2dbe
NONCE=e0409041b22e9a5318220000000000000000000000000000
LEN=12
OUT=5677481901ae945400000000
---
FUNC=memmove
RA=000560cd
DST=0014e9e8
SRC=0014e9d8
LEN=12
DATA=5677481901ae945400000000
---
FUNC=memmove
RA=0005613b
DST=0014e9e9
SRC=0014e9e8
LEN=11
DATA=5677481901ae9454000000
---
FUNC=memmove
RA=0005613b
DST=0014e9ea
SRC=0014e9e9
LEN=11
DATA=5677481901ae9454000000
---
FUNC=memmove
RA=0005613b
DST=0014e9eb
SRC=0014e9ea
LEN=11
DATA=5677481901ae9454000000
---
FUNC=memmove
RA=0005613b
DST=0014e9ec
SRC=0014e9eb
LEN=11
DATA=5677481901ae9454000000
---
FUNC=memmove
RA=0005613b
DST=0014e9ed
SRC=0014e9ec
LEN=11
DATA=5677481901ae9454000000
---
FUNC=memmove
RA=0005613b
DST=0014e9ee
SRC=0014e9ed
LEN=11
DATA=5677481901ae9454000000
---
FUNC=memmove
RA=0005613b
DST=0014e9ef
SRC=0014e9ee
LEN=11
DATA=5677481901ae9454000000
---
FUNC=memmove
RA=0005613b
DST=0014e9f0
SRC=0014e9ef
LEN=11
DATA=5677481901ae9454000000
---
FUNC=memmove
RA=0005613b
DST=0014e9f1
SRC=0014e9f0
LEN=11
DATA=5677481901ae9454000000
---
FUNC=memmove
RA=0005613b
DST=0014e9f2
SRC=0014e9f1
LEN=11
DATA=5677481901ae9454000000
---
FUNC=memset
RA=00032679
DST=001450d0
VAL=0
LEN=4
---
FUNC=memset
RA=000329ab
DST=0016f210
VAL=0
LEN=4
---
FUNC=gh_init
STATE=0016fa78
KEYLEN=0
OUTLEN=4
---
FUNC=gh_update
STATE=0016fa78
LEN=10
DATA=e0409041b22e9a531822
---
FUNC=gh_update
STATE=0016fa78
LEN=4
DATA=00000000
---
FUNC=gh_update
STATE=0016fa78
LEN=8
DATA=01ae945400000000
---
FUNC=gh_final
RA=0002eba3
STATE=0016fa78
OUTLEN=4
OUT=56774819
---
FUNC=memmove
RA=00032e61
DST=0015eb08
SRC=001450d0
LEN=4
DATA=56774819
---
FUNC=memcpy
RA=00055ddf
DST=beea6740
SRC=0015eb08
LEN=4
DATA=56774819
---
FUNC=memmove
RA=00032e61
DST=0015eb18
SRC=0016d500
LEN=6
DATA=9041b22e9a53
---
FUNC=memcpy
RA=0005a7eb
DST=0016ee68
SRC=000bcebc
LEN=4
DATA=73736964
---
FUNC=memcpy
RA=0005a7eb
DST=0015e9e0
SRC=000bcec1
LEN=7
DATA=61646f70746564
---
FUNC=memcpy
RA=0005a7eb
DST=0016ed10
SRC=000bcec9
LEN=6
DATA=7369676e616c
---
FUNC=memcpy
RA=0005a7eb
DST=0016ed30
SRC=000bceaf
LEN=4
DATA=72737369
---
FUNC=memcpy
RA=0005a7eb
DST=beea6728
SRC=000bceda
LEN=15
DATA=646973636f76657279526573756c74
---
FUNC=memmove
RA=000699d7
DST=0016a780
SRC=0016ac88
LEN=213
DATA=010100000000006f7b226964223a2237646264636433632d353131322d346330392d383331662d626533356361366662656332222c226e616d65223a22646973636f76657279526573756c74222c2274696d657374616d70223a313737363739373638353035392c2274797065223a226576656e74227d02010000000000567b
---
FUNC=memcpy
RA=00078c61
DST=beea649c
SRC=beea6418
LEN=132
DATA=049516000400000080a71600d500000000000000000000000000000000000000000000000000000000000000000000000000000000000000000000000000000000000000000000000000000000000000000000000000000000000000000000000000000000000000000000000000000000000000000000000000000000000000
---
FUNC=memcpy
RA=00078c73
DST=beea6528
SRC=beea649c
LEN=132
DATA=049516000400000080a71600d500000000000000000000000000000000000000000000000000000000000000000000000000000000000000000000000000000000000000000000000000000000000000000000000000000000000000000000000000000000000000000000000000000000000000000000000000000000000000
---
FUNC=memcpy
RA=0007552f
DST=beea4288
SRC=00169504
LEN=4
DATA=827e00d5
---
FUNC=memcpy
RA=0007552f
DST=beea428c
SRC=0016a780
LEN=213
DATA=010100000000006f7b226964223a2237646264636433632d353131322d346330392d383331662d626533356361366662656332222c226e616d65223a22646973636f76657279526573756c74222c2274696d657374616d70223a313737363739373638353035392c2274797065223a226576656e74227d02010000000000567b
---
FUNC=memcpy
RA=00076e4d
DST=beea62f4
SRC=beea6528
LEN=132
DATA=049516000400000080a71600d500000000000000000000000000000000000000000000000000000000000000000000000000000000000000000000000000000000000000000000000000000000000000000000000000000000000000000000000000000000000000000000000000000000000000000000000000000000000000
---
FUNC=memcpy
RA=00076e4d
DST=00170cd8
SRC=beea62f4
LEN=132
DATA=049516000400000080a71600d500000000000000000000000000000000000000000000000000000000000000000000000000000000000000000000000000000000000000000000000000000000000000000000000000000000000000000000000000000000000000000000000000000000000000000000000000000000000000
---
FUNC=memcpy
RA=00076e4d
DST=beea68d4
SRC=00170cd8
LEN=132
DATA=049516000400000080a71600d500000000000000000000000000000000000000000000000000000000000000000000000000000000000000000000000000000000000000000000000000000000000000000000000000000000000000000000000000000000000000000000000000000000000000000000000000000000000000
---
FUNC=memmove
RA=00032e61
DST=b5c00618
SRC=b5fc529c
LEN=16
DATA=e0439041b22e9a537021a50acb5f368a
---
FUNC=memmove
RA=00032e61
DST=b5c00680
SRC=b5c00618
LEN=16
DATA=e0439041b22e9a537021a50acb5f368a
---
FUNC=memmove
RA=00032e61
DST=b5c006c0
SRC=b5c00680
LEN=16
DATA=e0439041b22e9a537021a50acb5f368a
---
FUNC=memmove
RA=00032e61
DST=b5c00738
SRC=b5c006c0
LEN=16
DATA=e0439041b22e9a537021a50acb5f368a
---
FUNC=memmove
RA=00032e61
DST=0014f108
SRC=b5c00738
LEN=16
DATA=e0439041b22e9a537021a50acb5f368a
---
FUNC=memmove
RA=00032e61
DST=0014fb58
SRC=0014f108
LEN=16
DATA=e0439041b22e9a537021a50acb5f368a
---
FUNC=memcpy
RA=0005790f
DST=00145120
SRC=000bc077
LEN=19
DATA=4c6f52612065786368616e6765206374782040
---
FUNC=memset
RA=00032679
DST=00145138
VAL=0
LEN=6
---
FUNC=memset
RA=00044c03
DST=0016ec00
VAL=0
LEN=6
---
FUNC=memmove
RA=00032e61
DST=00145138
SRC=0016ec00
LEN=6
DATA=9041b22e9a53
---
FUNC=memset
RA=00032679
DST=0016ec00
VAL=0
LEN=6
---
FUNC=memmove
RA=00032e61
DST=b5c008d8
SRC=b5fc529c
LEN=22
DATA=e0409041b22e9a531901b394062da8899a7f1557601f
---
FUNC=memmove
RA=00032e61
DST=b5c008f8
SRC=b5c008d8
LEN=22
DATA=e0409041b22e9a531901b394062da8899a7f1557601f
---
FUNC=memmove
RA=00032e61
DST=b5c00918
SRC=b5c008f8
LEN=22
DATA=e0409041b22e9a531901b394062da8899a7f1557601f
---
FUNC=memmove
RA=00032e61
DST=b5c00938
SRC=b5c00918
LEN=22
DATA=e0409041b22e9a531901b394062da8899a7f1557601f
---
FUNC=memmove
RA=00032e61
DST=0016d468
SRC=b5c00938
LEN=22
DATA=e0409041b22e9a531901b394062da8899a7f1557601f
---
FUNC=memmove
RA=00032e61
DST=0015ec00
SRC=0016d468
LEN=22
DATA=e0409041b22e9a531901b394062da8899a7f1557601f
---
FUNC=memcpy
RA=0005790f
DST=0015e7c0
SRC=000bc077
LEN=19
DATA=4c6f52612065786368616e6765206374782040
---
FUNC=memset
RA=00032679
DST=00145138
VAL=0
LEN=6
---
FUNC=memset
RA=00044c03
DST=0016ec00
VAL=0
LEN=6
---
FUNC=memmove
RA=00032e61
DST=00145138
SRC=0016ec00
LEN=6
DATA=9041b22e9a53
---
FUNC=memset
RA=00032679
DST=0016ec00
VAL=0
LEN=6
---
FUNC=memset
RA=00032679
DST=0016ed08
VAL=0
LEN=24
---
FUNC=memcpy
RA=0003c05b
DST=0016ed08
SRC=0015ec00
LEN=10
DATA=e0409041b22e9a531901
---
FUNC=memset
RA=0002f707
DST=0016ec00
VAL=0
LEN=12
---
FUNC=stream
PHASE=pre
RA=0002f725
KEY=47be3dffb41ea35749c9290e6d2124e6b3e3842ab4e443bd0ac41eda045c2dbe
NONCE=e0409041b22e9a5319010000000000000000000000000000
LEN=12
IN=b394062da8899a7f1557601f
---
FUNC=stream
PHASE=post
KEY=47be3dffb41ea35749c9290e6d2124e6b3e3842ab4e443bd0ac41eda045c2dbe
NONCE=e0409041b22e9a5319010000000000000000000000000000
LEN=12
OUT=62ee79b101ae945500000000
---
FUNC=memmove
RA=000560cd
DST=0016ed08
SRC=0016ec00
LEN=12
DATA=62ee79b101ae945500000000
---
FUNC=memmove
RA=0005613b
DST=0016ed09
SRC=0016ed08
LEN=11
DATA=62ee79b101ae9455000000
---
FUNC=memmove
RA=0005613b
DST=0016ed0a
SRC=0016ed09
LEN=11
DATA=62ee79b101ae9455000000
---
FUNC=memmove
RA=0005613b
DST=0016ed0b
SRC=0016ed0a
LEN=11
DATA=62ee79b101ae9455000000
---
FUNC=memmove
RA=0005613b
DST=0016ed0c
SRC=0016ed0b
LEN=11
DATA=62ee79b101ae9455000000
---
FUNC=memmove
RA=0005613b
DST=0016ed0d
SRC=0016ed0c
LEN=11
DATA=62ee79b101ae9455000000
---
FUNC=memmove
RA=0005613b
DST=0016ed0e
SRC=0016ed0d
LEN=11
DATA=62ee79b101ae9455000000
---
FUNC=memmove
RA=0005613b
DST=0016ed0f
SRC=0016ed0e
LEN=11
DATA=62ee79b101ae9455000000
---
FUNC=memmove
RA=0005613b
DST=0016ed10
SRC=0016ed0f
LEN=11
DATA=62ee79b101ae9455000000
---
FUNC=memmove
RA=0005613b
DST=0016ed11
SRC=0016ed10
LEN=11
DATA=62ee79b101ae9455000000
---
FUNC=memmove
RA=0005613b
DST=0016ed12
SRC=0016ed11
LEN=11
DATA=62ee79b101ae9455000000
---
FUNC=memset
RA=00032679
DST=0015ec38
VAL=0
LEN=4
---
FUNC=memset
RA=000329ab
DST=0015eb08
VAL=0
LEN=4
---
FUNC=gh_init
STATE=0016fa78
KEYLEN=0
OUTLEN=4
---
FUNC=gh_update
STATE=0016fa78
LEN=10
DATA=e0409041b22e9a531901
---
FUNC=gh_update
STATE=0016fa78
LEN=4
DATA=00000000
---
FUNC=gh_update
STATE=0016fa78
LEN=8
DATA=01ae945500000000
---
FUNC=gh_final
RA=0002eba3
STATE=0016fa78
OUTLEN=4
OUT=62ee79b1
---
FUNC=memmove
RA=00032e61
DST=001450d0
SRC=0015ec38
LEN=4
DATA=62ee79b1
---
FUNC=memcpy
RA=00055ddf
DST=beea6740
SRC=001450d0
LEN=4
DATA=62ee79b1
---
FUNC=memmove
RA=00032e61
DST=0016f210
SRC=00145138
LEN=6
DATA=9041b22e9a53
---
FUNC=memcpy
RA=0005a7eb
DST=0015e7f8
SRC=000bcebc
LEN=4
DATA=73736964
---
FUNC=memcpy
RA=0005a7eb
DST=0015e818
SRC=000bcec1
LEN=7
DATA=61646f70746564
---
FUNC=memcpy
RA=0005a7eb
DST=00161290
SRC=000bcec9
LEN=6
DATA=7369676e616c
---
FUNC=memcpy
RA=0005a7eb
DST=001612b0
SRC=000bceaf
LEN=4
DATA=72737369
---
FUNC=memcpy
RA=0005a7eb
DST=beea6728
SRC=000bceda
LEN=15
DATA=646973636f76657279526573756c74
---
FUNC=memmove
RA=000699d7
DST=0016ac88
SRC=0018a788
LEN=213
DATA=010100000000006f7b226964223a2232626335303566322d353464312d346237382d623562322d336235653166643563386130222c226e616d65223a22646973636f76657279526573756c74222c2274696d657374616d70223a313737363739373731353035352c2274797065223a226576656e74227d02010000000000567b
---
FUNC=memcpy
RA=00078c61
DST=beea649c
SRC=beea6418
LEN=132
DATA=24e315000400000088ac1600d500000000000000000000000000000000000000000000000000000000000000000000000000000000000000000000000000000000000000000000000000000000000000000000000000000000000000000000000000000000000000000000000000000000000000000000000000000000000000
---
FUNC=memcpy
RA=00078c73
DST=beea6528
SRC=beea649c
LEN=132
DATA=24e315000400000088ac1600d500000000000000000000000000000000000000000000000000000000000000000000000000000000000000000000000000000000000000000000000000000000000000000000000000000000000000000000000000000000000000000000000000000000000000000000000000000000000000
---
FUNC=memcpy
RA=0007552f
DST=beea4288
SRC=0015e324
LEN=4
DATA=827e00d5
---
FUNC=memcpy
RA=0007552f
DST=beea428c
SRC=0016ac88
LEN=213
DATA=010100000000006f7b226964223a2232626335303566322d353464312d346237382d623562322d336235653166643563386130222c226e616d65223a22646973636f76657279526573756c74222c2274696d657374616d70223a313737363739373731353035352c2274797065223a226576656e74227d02010000000000567b
---
FUNC=memcpy
RA=00076e4d
DST=beea62f4
SRC=beea6528
LEN=132
DATA=24e315000400000088ac1600d500000000000000000000000000000000000000000000000000000000000000000000000000000000000000000000000000000000000000000000000000000000000000000000000000000000000000000000000000000000000000000000000000000000000000000000000000000000000000
---
FUNC=memcpy
RA=00076e4d
DST=00170cd8
SRC=beea62f4
LEN=132
DATA=24e315000400000088ac1600d500000000000000000000000000000000000000000000000000000000000000000000000000000000000000000000000000000000000000000000000000000000000000000000000000000000000000000000000000000000000000000000000000000000000000000000000000000000000000
---
FUNC=memcpy
RA=00076e4d
DST=beea68d4
SRC=00170cd8
LEN=132
DATA=24e315000400000088ac1600d500000000000000000000000000000000000000000000000000000000000000000000000000000000000000000000000000000000000000000000000000000000000000000000000000000000000000000000000000000000000000000000000000000000000000000000000000000000000000
---
FUNC=memcpy
RA=00029df1
DST=beea6928
SRC=beea68d0
LEN=10
DATA=31373736373937373336
---
FUNC=memmove
RA=000699d7
DST=0015e354
SRC=0016dbe8
LEN=10
DATA=31373736373937373336
---
FUNC=memcpy
RA=00078c61
DST=beea649c
SRC=beea6418
LEN=132
DATA=24e315000200000054e315000a00000000000000000000000000000000000000000000000000000000000000000000000000000000000000000000000000000000000000000000000000000000000000000000000000000000000000000000000000000000000000000000000000000000000000000000000000000000000000
---
FUNC=memcpy
RA=00078c73
DST=beea6528
SRC=beea649c
LEN=132
DATA=24e315000200000054e315000a00000000000000000000000000000000000000000000000000000000000000000000000000000000000000000000000000000000000000000000000000000000000000000000000000000000000000000000000000000000000000000000000000000000000000000000000000000000000000
---
FUNC=memcpy
RA=0007552f
DST=beea428a
SRC=0015e354
LEN=10
DATA=31373736373937373336
---
FUNC=memcpy
RA=00076e4d
DST=beea62f4
SRC=beea6528
LEN=132
DATA=24e315000200000054e315000a00000000000000000000000000000000000000000000000000000000000000000000000000000000000000000000000000000000000000000000000000000000000000000000000000000000000000000000000000000000000000000000000000000000000000000000000000000000000000
---
FUNC=memcpy
RA=00076e4d
DST=00170cd8
SRC=beea62f4
LEN=132
DATA=24e315000200000054e315000a00000000000000000000000000000000000000000000000000000000000000000000000000000000000000000000000000000000000000000000000000000000000000000000000000000000000000000000000000000000000000000000000000000000000000000000000000000000000000
---
FUNC=memcpy
RA=00076e4d
DST=beea68d4
SRC=00170cd8
LEN=132
DATA=24e315000200000054e315000a00000000000000000000000000000000000000000000000000000000000000000000000000000000000000000000000000000000000000000000000000000000000000000000000000000000000000000000000000000000000000000000000000000000000000000000000000000000000000
---
FUNC=memmove
RA=00032e61
DST=0016a110
SRC=001711ba
LEN=4
DATA=96929ad2
---
FUNC=memmove
RA=00032e61
DST=beea6624
SRC=0016a110
LEN=4
DATA=96929ad2
---
FUNC=memcpy
RA=00032be9
DST=beea6588
SRC=0015e354
LEN=10
DATA=31373736373937373336
---
FUNC=memcpy
RA=00032be9
DST=beea6538
SRC=beea6588
LEN=10
DATA=31373736373937373336
---
FUNC=memmove
RA=00032e61
DST=b5c00618
SRC=b5fc529c
LEN=16
DATA=e0439041b22e9a53712494ace2e66cf8
---
FUNC=memmove
RA=00032e61
DST=b5c00680
SRC=b5c00618
LEN=16
DATA=e0439041b22e9a53712494ace2e66cf8
---
FUNC=memmove
RA=00032e61
DST=b5c006c0
SRC=b5c00680
LEN=16
DATA=e0439041b22e9a53712494ace2e66cf8
---
FUNC=memmove
RA=00032e61
DST=b5c00738
SRC=b5c006c0
LEN=16
DATA=e0439041b22e9a53712494ace2e66cf8
---
FUNC=memmove
RA=00032e61
DST=b5e07b78
SRC=b5c00738
LEN=16
DATA=e0439041b22e9a53712494ace2e66cf8
---
FUNC=memmove
RA=00032e61
DST=0016fd08
SRC=b5e07b78
LEN=16
DATA=e0439041b22e9a53712494ace2e66cf8
---
FUNC=memcpy
RA=0005790f
DST=00145848
SRC=000bc077
LEN=19
DATA=4c6f52612065786368616e6765206374782040
---
FUNC=memset
RA=00032679
DST=0015ea88
VAL=0
LEN=6
---
FUNC=memset
RA=00044c03
DST=0016d8c8
VAL=0
LEN=6
---
FUNC=memmove
RA=00032e61
DST=0015ea88
SRC=0016d8c8
LEN=6
DATA=9041b22e9a53
---
FUNC=memset
RA=00032679
DST=0016d8c8
VAL=0
LEN=6
---
FUNC=memmove
RA=00032e61
DST=b5c008d8
SRC=b5fc529c
LEN=22
DATA=e0409041b22e9a531a2a1bfdc2e99a9fcac2187c3352
---
FUNC=memmove
RA=00032e61
DST=b5c008f8
SRC=b5c008d8
LEN=22
DATA=e0409041b22e9a531a2a1bfdc2e99a9fcac2187c3352
---
FUNC=memmove
RA=00032e61
DST=b5c00918
SRC=b5c008f8
LEN=22
DATA=e0409041b22e9a531a2a1bfdc2e99a9fcac2187c3352
---
FUNC=memmove
RA=00032e61
DST=b5c00938
SRC=b5c00918
LEN=22
DATA=e0409041b22e9a531a2a1bfdc2e99a9fcac2187c3352
---
FUNC=memmove
RA=00032e61
DST=0016d468
SRC=b5c00938
LEN=22
DATA=e0409041b22e9a531a2a1bfdc2e99a9fcac2187c3352
---
FUNC=memmove
RA=00032e61
DST=0015eb08
SRC=0016d468
LEN=22
DATA=e0409041b22e9a531a2a1bfdc2e99a9fcac2187c3352
---
FUNC=memcpy
RA=0005790f
DST=00161a78
SRC=000bc077
LEN=19
DATA=4c6f52612065786368616e6765206374782040
---
FUNC=memset
RA=00032679
DST=0015ea88
VAL=0
LEN=6
---
FUNC=memset
RA=00044c03
DST=0016d8c8
VAL=0
LEN=6
---
FUNC=memmove
RA=00032e61
DST=0015ea88
SRC=0016d8c8
LEN=6
DATA=9041b22e9a53
---
FUNC=memset
RA=00032679
DST=0016d8c8
VAL=0
LEN=6
---
FUNC=memset
RA=00032679
DST=00161288
VAL=0
LEN=24
---
FUNC=memcpy
RA=0003c05b
DST=00161288
SRC=0015eb08
LEN=10
DATA=e0409041b22e9a531a2a
---
FUNC=memset
RA=0002f707
DST=0016d8c8
VAL=0
LEN=12
---
FUNC=stream
PHASE=pre
RA=0002f725
KEY=47be3dffb41ea35749c9290e6d2124e6b3e3842ab4e443bd0ac41eda045c2dbe
NONCE=e0409041b22e9a531a2a0000000000000000000000000000
LEN=12
IN=1bfdc2e99a9fcac2187c3352
---
FUNC=stream
PHASE=post
KEY=47be3dffb41ea35749c9290e6d2124e6b3e3842ab4e443bd0ac41eda045c2dbe
NONCE=e0409041b22e9a531a2a0000000000000000000000000000
LEN=12
OUT=478d89d601ae945600000000
---
FUNC=memmove
RA=000560cd
DST=00161288
SRC=0016d8c8
LEN=12
DATA=478d89d601ae945600000000
---
FUNC=memmove
RA=0005613b
DST=00161289
SRC=00161288
LEN=11
DATA=478d89d601ae9456000000
---
FUNC=memmove
RA=0005613b
DST=0016128a
SRC=00161289
LEN=11
DATA=478d89d601ae9456000000
---
FUNC=memmove
RA=0005613b
DST=0016128b
SRC=0016128a
LEN=11
DATA=478d89d601ae9456000000
---
FUNC=memmove
RA=0005613b
DST=0016128c
SRC=0016128b
LEN=11
DATA=478d89d601ae9456000000
---
FUNC=memmove
RA=0005613b
DST=0016128d
SRC=0016128c
LEN=11
DATA=478d89d601ae9456000000
---
FUNC=memmove
RA=0005613b
DST=0016128e
SRC=0016128d
LEN=11
DATA=478d89d601ae9456000000
---
FUNC=memmove
RA=0005613b
DST=0016128f
SRC=0016128e
LEN=11
DATA=478d89d601ae9456000000
---
FUNC=memmove
RA=0005613b
DST=00161290
SRC=0016128f
LEN=11
DATA=478d89d601ae9456000000
---
FUNC=memmove
RA=0005613b
DST=00161291
SRC=00161290
LEN=11
DATA=478d89d601ae9456000000
---
FUNC=memmove
RA=0005613b
DST=00161292
SRC=00161291
LEN=11
DATA=478d89d601ae9456000000
---
FUNC=memset
RA=00032679
DST=001450d0
VAL=0
LEN=4
---
FUNC=memset
RA=000329ab
DST=0016d8d8
VAL=0
LEN=4
---
FUNC=gh_init
STATE=0016fa78
KEYLEN=0
OUTLEN=4
---
FUNC=gh_update
STATE=0016fa78
LEN=10
DATA=e0409041b22e9a531a2a
---
FUNC=gh_update
STATE=0016fa78
LEN=4
DATA=00000000
---
FUNC=gh_update
STATE=0016fa78
LEN=8
DATA=01ae945600000000
---
FUNC=gh_final
RA=0002eba3
STATE=0016fa78
OUTLEN=4
OUT=478d89d6
---
FUNC=memmove
RA=00032e61
DST=0016d8e8
SRC=001450d0
LEN=4
DATA=478d89d6
---
FUNC=memcpy
RA=00055ddf
DST=beea6740
SRC=0016d8e8
LEN=4
DATA=478d89d6
---
FUNC=memmove
RA=00032e61
DST=0014e9f8
SRC=0015ea88
LEN=6
DATA=9041b22e9a53
---
FUNC=memcpy
RA=0005a7eb
DST=001612b0
SRC=000bcebc
LEN=4
DATA=73736964
---
FUNC=memcpy
RA=0005a7eb
DST=00145998
SRC=000bcec1
LEN=7
DATA=61646f70746564
---
FUNC=memcpy
RA=0005a7eb
DST=0016e8a0
SRC=000bcec9
LEN=6
DATA=7369676e616c
---
FUNC=memcpy
RA=0005a7eb
DST=0016e8c0
SRC=000bceaf
LEN=4
DATA=72737369
---
FUNC=memcpy
RA=0005a7eb
DST=beea6728
SRC=000bceda
LEN=15
DATA=646973636f76657279526573756c74
---
FUNC=memmove
RA=000699d7
DST=0018a788
SRC=0016a780
LEN=213
DATA=010100000000006f7b226964223a2234363239356164392d613133392d346330632d393832312d366332383839626261393066222c226e616d65223a22646973636f76657279526573756c74222c2274696d657374616d70223a313737363739373734353035342c2274797065223a226576656e74227d02010000000000567b
---
FUNC=memcpy
RA=00078c61
DST=beea649c
SRC=beea6418
LEN=132
DATA=049516000400000088a71800d500000000000000000000000000000000000000000000000000000000000000000000000000000000000000000000000000000000000000000000000000000000000000000000000000000000000000000000000000000000000000000000000000000000000000000000000000000000000000
---
FUNC=memcpy
RA=00078c73
DST=beea6528
SRC=beea649c
LEN=132
DATA=049516000400000088a71800d500000000000000000000000000000000000000000000000000000000000000000000000000000000000000000000000000000000000000000000000000000000000000000000000000000000000000000000000000000000000000000000000000000000000000000000000000000000000000
---
FUNC=memcpy
RA=0007552f
DST=beea4288
SRC=00169504
LEN=4
DATA=827e00d5
---
FUNC=memcpy
RA=0007552f
DST=beea428c
SRC=0018a788
LEN=213
DATA=010100000000006f7b226964223a2234363239356164392d613133392d346330632d393832312d366332383839626261393066222c226e616d65223a22646973636f76657279526573756c74222c2274696d657374616d70223a313737363739373734353035342c2274797065223a226576656e74227d02010000000000567b
---
FUNC=memcpy
RA=00076e4d
DST=beea62f4
SRC=beea6528
LEN=132
DATA=049516000400000088a71800d500000000000000000000000000000000000000000000000000000000000000000000000000000000000000000000000000000000000000000000000000000000000000000000000000000000000000000000000000000000000000000000000000000000000000000000000000000000000000
---
FUNC=memcpy
RA=00076e4d
DST=00170cd8
SRC=beea62f4
LEN=132
DATA=049516000400000088a71800d500000000000000000000000000000000000000000000000000000000000000000000000000000000000000000000000000000000000000000000000000000000000000000000000000000000000000000000000000000000000000000000000000000000000000000000000000000000000000
---
FUNC=memcpy
RA=00076e4d
DST=beea68d4
SRC=00170cd8
LEN=132
DATA=049516000400000088a71800d500000000000000000000000000000000000000000000000000000000000000000000000000000000000000000000000000000000000000000000000000000000000000000000000000000000000000000000000000000000000000000000000000000000000000000000000000000000000000
---
FUNC=memmove
RA=00032e61
DST=b5c008d8
SRC=b5fc529c
LEN=22
DATA=e0409041b22e9a531b3231b006334ce9d58dcfc85309
---
FUNC=memmove
RA=00032e61
DST=b5c008f8
SRC=b5c008d8
LEN=22
DATA=e0409041b22e9a531b3231b006334ce9d58dcfc85309
---
FUNC=memmove
RA=00032e61
DST=b5c00918
SRC=b5c008f8
LEN=22
DATA=e0409041b22e9a531b3231b006334ce9d58dcfc85309
---
FUNC=memmove
RA=00032e61
DST=b5c00938
SRC=b5c00918
LEN=22
DATA=e0409041b22e9a531b3231b006334ce9d58dcfc85309
---
FUNC=memmove
RA=00032e61
DST=0015e7f0
SRC=b5c00938
LEN=22
DATA=e0409041b22e9a531b3231b006334ce9d58dcfc85309
---
FUNC=memmove
RA=00032e61
DST=0015ec00
SRC=0015e7f0
LEN=22
DATA=e0409041b22e9a531b3231b006334ce9d58dcfc85309
---
FUNC=memcpy
RA=0005790f
DST=0014e9e0
SRC=000bc077
LEN=19
DATA=4c6f52612065786368616e6765206374782040
---
FUNC=memset
RA=00032679
DST=00145138
VAL=0
LEN=6
---
FUNC=memset
RA=00044c03
DST=0015eb80
VAL=0
LEN=6
---
FUNC=memmove
RA=00032e61
DST=00145138
SRC=0015eb80
LEN=6
DATA=9041b22e9a53
---
FUNC=memset
RA=00032679
DST=0015eb80
VAL=0
LEN=6
---
FUNC=memset
RA=00032679
DST=0016e898
VAL=0
LEN=24
---
FUNC=memcpy
RA=0003c05b
DST=0016e898
SRC=0015ec00
LEN=10
DATA=e0409041b22e9a531b32
---
FUNC=memset
RA=0002f707
DST=0015eb80
VAL=0
LEN=12
---
FUNC=stream
PHASE=pre
RA=0002f725
KEY=47be3dffb41ea35749c9290e6d2124e6b3e3842ab4e443bd0ac41eda045c2dbe
NONCE=e0409041b22e9a531b320000000000000000000000000000
LEN=12
IN=31b006334ce9d58dcfc85309
---
FUNC=stream
PHASE=post
KEY=47be3dffb41ea35749c9290e6d2124e6b3e3842ab4e443bd0ac41eda045c2dbe
NONCE=e0409041b22e9a531b320000000000000000000000000000
LEN=12
OUT=fdf7fb1701ae945700000000
---
FUNC=memmove
RA=000560cd
DST=0016e898
SRC=0015eb80
LEN=12
DATA=fdf7fb1701ae945700000000
---
FUNC=memmove
RA=0005613b
DST=0016e899
SRC=0016e898
LEN=11
DATA=fdf7fb1701ae9457000000
---
FUNC=memmove
RA=0005613b
DST=0016e89a
SRC=0016e899
LEN=11
DATA=fdf7fb1701ae9457000000
---
FUNC=memmove
RA=0005613b
DST=0016e89b
SRC=0016e89a
LEN=11
DATA=fdf7fb1701ae9457000000
---
FUNC=memmove
RA=0005613b
DST=0016e89c
SRC=0016e89b
LEN=11
DATA=fdf7fb1701ae9457000000
---
FUNC=memmove
RA=0005613b
DST=0016e89d
SRC=0016e89c
LEN=11
DATA=fdf7fb1701ae9457000000
---
FUNC=memmove
RA=0005613b
DST=0016e89e
SRC=0016e89d
LEN=11
DATA=fdf7fb1701ae9457000000
---
FUNC=memmove
RA=0005613b
DST=0016e89f
SRC=0016e89e
LEN=11
DATA=fdf7fb1701ae9457000000
---
FUNC=memmove
RA=0005613b
DST=0016e8a0
SRC=0016e89f
LEN=11
DATA=fdf7fb1701ae9457000000
---
FUNC=memmove
RA=0005613b
DST=0016e8a1
SRC=0016e8a0
LEN=11
DATA=fdf7fb1701ae9457000000
---
FUNC=memmove
RA=0005613b
DST=0016e8a2
SRC=0016e8a1
LEN=11
DATA=fdf7fb1701ae9457000000
---
FUNC=memset
RA=00032679
DST=0016ed38
VAL=0
LEN=4
---
FUNC=memset
RA=000329ab
DST=001450d0
VAL=0
LEN=4
---
FUNC=gh_init
STATE=0016fa78
KEYLEN=0
OUTLEN=4
---
FUNC=gh_update
STATE=0016fa78
LEN=10
DATA=e0409041b22e9a531b32
---
FUNC=gh_update
STATE=0016fa78
LEN=4
DATA=00000000
---
FUNC=gh_update
STATE=0016fa78
LEN=8
DATA=01ae945700000000
---
FUNC=gh_final
RA=0002eba3
STATE=0016fa78
OUTLEN=4
OUT=fdf7fb17
---
FUNC=memmove
RA=00032e61
DST=0016f210
SRC=0016ed38
LEN=4
DATA=fdf7fb17
---
FUNC=memcpy
RA=00055ddf
DST=beea6740
SRC=0016f210
LEN=4
DATA=fdf7fb17
---
FUNC=memmove
RA=00032e61
DST=001492d0
SRC=00145138
LEN=6
DATA=9041b22e9a53
---
FUNC=memcpy
RA=0005a7eb
DST=0016ed10
SRC=000bcebc
LEN=4
DATA=73736964
---
FUNC=memcpy
RA=0005a7eb
DST=0014e9c8
SRC=000bcec1
LEN=7
DATA=61646f70746564
---
FUNC=memcpy
RA=0005a7eb
DST=00161fb8
SRC=000bcec9
LEN=6
DATA=7369676e616c
---
FUNC=memcpy
RA=0005a7eb
DST=0016f318
SRC=000bceaf
LEN=4
DATA=72737369
---
FUNC=memcpy
RA=0005a7eb
DST=beea6728
SRC=000bceda
LEN=15
DATA=646973636f76657279526573756c74
---
FUNC=memmove
RA=000699d7
DST=0016a780
SRC=0016ac88
LEN=213
DATA=010100000000006f7b226964223a2235366230643236382d646234382d343531312d613530312d306131633933656462313330222c226e616d65223a22646973636f76657279526573756c74222c2274696d657374616d70223a313737363739373737353035352c2274797065223a226576656e74227d02010000000000567b
---
FUNC=memcpy
RA=00078c61
DST=beea649c
SRC=beea6418
LEN=132
DATA=24e315000400000080a71600d500000000000000000000000000000000000000000000000000000000000000000000000000000000000000000000000000000000000000000000000000000000000000000000000000000000000000000000000000000000000000000000000000000000000000000000000000000000000000
---
FUNC=memcpy
RA=00078c73
DST=beea6528
SRC=beea649c
LEN=132
DATA=24e315000400000080a71600d500000000000000000000000000000000000000000000000000000000000000000000000000000000000000000000000000000000000000000000000000000000000000000000000000000000000000000000000000000000000000000000000000000000000000000000000000000000000000
---
FUNC=memcpy
RA=0007552f
DST=beea4288
SRC=0015e324
LEN=4
DATA=827e00d5
---
FUNC=memcpy
RA=0007552f
DST=beea428c
SRC=0016a780
LEN=213
DATA=010100000000006f7b226964223a2235366230643236382d646234382d343531312d613530312d306131633933656462313330222c226e616d65223a22646973636f76657279526573756c74222c2274696d657374616d70223a313737363739373737353035352c2274797065223a226576656e74227d02010000000000567b
---
FUNC=memcpy
RA=00076e4d
DST=beea62f4
SRC=beea6528
LEN=132
DATA=24e315000400000080a71600d500000000000000000000000000000000000000000000000000000000000000000000000000000000000000000000000000000000000000000000000000000000000000000000000000000000000000000000000000000000000000000000000000000000000000000000000000000000000000
---
FUNC=memcpy
RA=00076e4d
DST=00170cd8
SRC=beea62f4
LEN=132
DATA=24e315000400000080a71600d500000000000000000000000000000000000000000000000000000000000000000000000000000000000000000000000000000000000000000000000000000000000000000000000000000000000000000000000000000000000000000000000000000000000000000000000000000000000000
---
FUNC=memcpy
RA=00076e4d
DST=beea68d4
SRC=00170cd8
LEN=132
DATA=24e315000400000080a71600d500000000000000000000000000000000000000000000000000000000000000000000000000000000000000000000000000000000000000000000000000000000000000000000000000000000000000000000000000000000000000000000000000000000000000000000000000000000000000
---
FUNC=memcpy
RA=00029df1
DST=beea6928
SRC=beea68d0
LEN=10
DATA=31373736373937373937
---
FUNC=memmove
RA=000699d7
DST=0015e354
SRC=0016dbe8
LEN=10
DATA=31373736373937373937
---
FUNC=memcpy
RA=00078c61
DST=beea649c
SRC=beea6418
LEN=132
DATA=24e315000200000054e315000a00000000000000000000000000000000000000000000000000000000000000000000000000000000000000000000000000000000000000000000000000000000000000000000000000000000000000000000000000000000000000000000000000000000000000000000000000000000000000
---
FUNC=memcpy
RA=00078c73
DST=beea6528
SRC=beea649c
LEN=132
DATA=24e315000200000054e315000a00000000000000000000000000000000000000000000000000000000000000000000000000000000000000000000000000000000000000000000000000000000000000000000000000000000000000000000000000000000000000000000000000000000000000000000000000000000000000
---
FUNC=memcpy
RA=0007552f
DST=beea428a
SRC=0015e354
LEN=10
DATA=31373736373937373937
---
FUNC=memcpy
RA=00076e4d
DST=beea62f4
SRC=beea6528
LEN=132
DATA=24e315000200000054e315000a00000000000000000000000000000000000000000000000000000000000000000000000000000000000000000000000000000000000000000000000000000000000000000000000000000000000000000000000000000000000000000000000000000000000000000000000000000000000000
---
FUNC=memcpy
RA=00076e4d
DST=00170cd8
SRC=beea62f4
LEN=132
DATA=24e315000200000054e315000a00000000000000000000000000000000000000000000000000000000000000000000000000000000000000000000000000000000000000000000000000000000000000000000000000000000000000000000000000000000000000000000000000000000000000000000000000000000000000
---
FUNC=memcpy
RA=00076e4d
DST=beea68d4
SRC=00170cd8
LEN=132
DATA=24e315000200000054e315000a00000000000000000000000000000000000000000000000000000000000000000000000000000000000000000000000000000000000000000000000000000000000000000000000000000000000000000000000000000000000000000000000000000000000000000000000000000000000000
---
FUNC=memmove
RA=00032e61
DST=0016a110
SRC=001711ba
LEN=4
DATA=c69e246d
---
FUNC=memmove
RA=00032e61
DST=beea6624
SRC=0016a110
LEN=4
DATA=c69e246d
---
FUNC=memcpy
RA=00032be9
DST=beea6588
SRC=0015e354
LEN=10
DATA=31373736373937373937
---
FUNC=memcpy
RA=00032be9
DST=beea6538
SRC=beea6588
LEN=10
DATA=31373736373937373937
---
FUNC=memmove
RA=00032e61
DST=b5c00618
SRC=b5fc529c
LEN=16
DATA=e0439041b22e9a537231a9346a7eaa8a
---
FUNC=memmove
RA=00032e61
DST=b5c00680
SRC=b5c00618
LEN=16
DATA=e0439041b22e9a537231a9346a7eaa8a
---
FUNC=memmove
RA=00032e61
DST=b5c006c0
SRC=b5c00680
LEN=16
DATA=e0439041b22e9a537231a9346a7eaa8a
---
FUNC=memmove
RA=00032e61
DST=b5c00738
SRC=b5c006c0
LEN=16
DATA=e0439041b22e9a537231a9346a7eaa8a
---
FUNC=memmove
RA=00032e61
DST=b5e07ac8
SRC=b5c00738
LEN=16
DATA=e0439041b22e9a537231a9346a7eaa8a
---
FUNC=memmove
RA=00032e61
DST=0016ebd0
SRC=b5e07ac8
LEN=16
DATA=e0439041b22e9a537231a9346a7eaa8a
---
FUNC=memcpy
RA=0005790f
DST=0014fb58
SRC=000bc077
LEN=19
DATA=4c6f52612065786368616e6765206374782040
---
FUNC=memset
RA=00032679
DST=0015ec38
VAL=0
LEN=6
---
FUNC=memset
RA=00044c03
DST=0016f130
VAL=0
LEN=6
---
FUNC=memmove
RA=00032e61
DST=0015ec38
SRC=0016f130
LEN=6
DATA=9041b22e9a53
---
FUNC=memset
RA=00032679
DST=0016f130
VAL=0
LEN=6
---
FUNC=memcpy
RA=00029df1
DST=beea6928
SRC=beea68d0
LEN=10
DATA=31373736373937383538
---
FUNC=memmove
RA=000699d7
DST=0015e354
SRC=0016dbe8
LEN=10
DATA=31373736373937383538
---
FUNC=memcpy
RA=00078c61
DST=beea649c
SRC=beea6418
LEN=132
DATA=24e315000200000054e315000a00000000000000000000000000000000000000000000000000000000000000000000000000000000000000000000000000000000000000000000000000000000000000000000000000000000000000000000000000000000000000000000000000000000000000000000000000000000000000
---
FUNC=memcpy
RA=00078c73
DST=beea6528
SRC=beea649c
LEN=132
DATA=24e315000200000054e315000a00000000000000000000000000000000000000000000000000000000000000000000000000000000000000000000000000000000000000000000000000000000000000000000000000000000000000000000000000000000000000000000000000000000000000000000000000000000000000
---
FUNC=memcpy
RA=0007552f
DST=beea428a
SRC=0015e354
LEN=10
DATA=31373736373937383538
---
FUNC=memcpy
RA=00076e4d
DST=beea62f4
SRC=beea6528
LEN=132
DATA=24e315000200000054e315000a00000000000000000000000000000000000000000000000000000000000000000000000000000000000000000000000000000000000000000000000000000000000000000000000000000000000000000000000000000000000000000000000000000000000000000000000000000000000000
---
FUNC=memcpy
RA=00076e4d
DST=00170cd8
SRC=beea62f4
LEN=132
DATA=24e315000200000054e315000a00000000000000000000000000000000000000000000000000000000000000000000000000000000000000000000000000000000000000000000000000000000000000000000000000000000000000000000000000000000000000000000000000000000000000000000000000000000000000
---
FUNC=memcpy
RA=00076e4d
DST=beea68d4
SRC=00170cd8
LEN=132
DATA=24e315000200000054e315000a00000000000000000000000000000000000000000000000000000000000000000000000000000000000000000000000000000000000000000000000000000000000000000000000000000000000000000000000000000000000000000000000000000000000000000000000000000000000000
---
FUNC=memmove
RA=00032e61
DST=0016a110
SRC=001711ba
LEN=4
DATA=7851657c
---
FUNC=memmove
RA=00032e61
DST=beea6624
SRC=0016a110
LEN=4
DATA=7851657c
---
FUNC=memcpy
RA=00032be9
DST=beea6588
SRC=0015e354
LEN=10
DATA=31373736373937383538
---
FUNC=memcpy
RA=00032be9
DST=beea6538
SRC=beea6588
LEN=10
DATA=31373736373937383538
---
FUNC=memmove
RA=00032e61
DST=b5c00618
SRC=b5fc529c
LEN=16
DATA=e0439041b22e9a53733ba1817c150050
---
FUNC=memmove
RA=00032e61
DST=b5c00680
SRC=b5c00618
LEN=16
DATA=e0439041b22e9a53733ba1817c150050
---
FUNC=memmove
RA=00032e61
DST=b5c006c0
SRC=b5c00680
LEN=16
DATA=e0439041b22e9a53733ba1817c150050
---
FUNC=memmove
RA=00032e61
DST=b5c00738
SRC=b5c006c0
LEN=16
DATA=e0439041b22e9a53733ba1817c150050
---
FUNC=memmove
RA=00032e61
DST=0016ebe8
SRC=b5c00738
LEN=16
DATA=e0439041b22e9a53733ba1817c150050
---
FUNC=memmove
RA=00032e61
DST=00148fb0
SRC=0016ebe8
LEN=16
DATA=e0439041b22e9a53733ba1817c150050
---
FUNC=memcpy
RA=0005790f
DST=0016fd08
SRC=000bc077
LEN=19
DATA=4c6f52612065786368616e6765206374782040
---
FUNC=memset
RA=00032679
DST=0015ec38
VAL=0
LEN=6
---
FUNC=memset
RA=00044c03
DST=0016f130
VAL=0
LEN=6
---
FUNC=memmove
RA=00032e61
DST=0015ec38
SRC=0016f130
LEN=6
DATA=9041b22e9a53
---
FUNC=memset
RA=00032679
DST=0016f130
VAL=0
LEN=6
---
FUNC=memmove
RA=00032e61
DST=b5c008d8
SRC=b5fc529c
LEN=22
DATA=e0409041b22e9a535b20d649e00abceb976a4a44226f
---
FUNC=memmove
RA=00032e61
DST=b5c008f8
SRC=b5c008d8
LEN=22
DATA=e0409041b22e9a535b20d649e00abceb976a4a44226f
---
FUNC=memmove
RA=00032e61
DST=b5c00918
SRC=b5c008f8
LEN=22
DATA=e0409041b22e9a535b20d649e00abceb976a4a44226f
---
FUNC=memmove
RA=00032e61
DST=b5c00938
SRC=b5c00918
LEN=22
DATA=e0409041b22e9a535b20d649e00abceb976a4a44226f
---
FUNC=memmove
RA=00032e61
DST=0016ee60
SRC=b5c00938
LEN=22
DATA=e0409041b22e9a535b20d649e00abceb976a4a44226f
---
FUNC=memmove
RA=00032e61
DST=00162150
SRC=0016ee60
LEN=22
DATA=e0409041b22e9a535b20d649e00abceb976a4a44226f
---
FUNC=memcpy
RA=0005790f
DST=00145ba0
SRC=000bc077
LEN=19
DATA=4c6f52612065786368616e6765206374782040
---
FUNC=memset
RA=00032679
DST=0015ec38
VAL=0
LEN=6
---
FUNC=memset
RA=00044c03
DST=0016f130
VAL=0
LEN=6
---
FUNC=memmove
RA=00032e61
DST=0015ec38
SRC=0016f130
LEN=6
DATA=9041b22e9a53
---
FUNC=memset
RA=00032679
DST=0016f130
VAL=0
LEN=6
---
FUNC=memset
RA=00032679
DST=00161fb0
VAL=0
LEN=24
---
FUNC=memcpy
RA=0003c05b
DST=00161fb0
SRC=00162150
LEN=10
DATA=e0409041b22e9a535b20
---
FUNC=memset
RA=0002f707
DST=0016f130
VAL=0
LEN=12
---
FUNC=stream
PHASE=pre
RA=0002f725
KEY=47be3dffb41ea35749c9290e6d2124e6b3e3842ab4e443bd0ac41eda045c2dbe
NONCE=e0409041b22e9a535b200000000000000000000000000000
LEN=12
IN=d649e00abceb976a4a44226f
---
FUNC=stream
PHASE=post
KEY=47be3dffb41ea35749c9290e6d2124e6b3e3842ab4e443bd0ac41eda045c2dbe
NONCE=e0409041b22e9a535b200000000000000000000000000000
LEN=12
OUT=220a190301ae940000000000
---
FUNC=memmove
RA=000560cd
DST=00161fb0
SRC=0016f130
LEN=12
DATA=220a190301ae940000000000
---
FUNC=memmove
RA=0005613b
DST=00161fb1
SRC=00161fb0
LEN=11
DATA=220a190301ae9400000000
---
FUNC=memmove
RA=0005613b
DST=00161fb2
SRC=00161fb1
LEN=11
DATA=220a190301ae9400000000
---
FUNC=memmove
RA=0005613b
DST=00161fb3
SRC=00161fb2
LEN=11
DATA=220a190301ae9400000000
---
FUNC=memmove
RA=0005613b
DST=00161fb4
SRC=00161fb3
LEN=11
DATA=220a190301ae9400000000
---
FUNC=memmove
RA=0005613b
DST=00161fb5
SRC=00161fb4
LEN=11
DATA=220a190301ae9400000000
---
FUNC=memmove
RA=0005613b
DST=00161fb6
SRC=00161fb5
LEN=11
DATA=220a190301ae9400000000
---
FUNC=memmove
RA=0005613b
DST=00161fb7
SRC=00161fb6
LEN=11
DATA=220a190301ae9400000000
---
FUNC=memmove
RA=0005613b
DST=00161fb8
SRC=00161fb7
LEN=11
DATA=220a190301ae9400000000
---
FUNC=memmove
RA=0005613b
DST=00161fb9
SRC=00161fb8
LEN=11
DATA=220a190301ae9400000000
---
FUNC=memmove
RA=0005613b
DST=00161fba
SRC=00161fb9
LEN=11
DATA=220a190301ae9400000000
---
FUNC=memset
RA=00032679
DST=0016f150
VAL=0
LEN=4
---
FUNC=memset
RA=000329ab
DST=0014fb70
VAL=0
LEN=4
---
FUNC=gh_init
STATE=0016fa78
KEYLEN=0
OUTLEN=4
---
FUNC=gh_update
STATE=0016fa78
LEN=10
DATA=e0409041b22e9a535b20
---
FUNC=gh_update
STATE=0016fa78
LEN=4
DATA=00000000
---
FUNC=gh_update
STATE=0016fa78
LEN=8
DATA=01ae940000000000
---
FUNC=gh_final
RA=0002eba3
STATE=0016fa78
OUTLEN=4
OUT=220a1903
---
FUNC=memmove
RA=00032e61
DST=00145138
SRC=0016f150
LEN=4
DATA=220a1903
---
FUNC=memcpy
RA=00055ddf
DST=beea6740
SRC=00145138
LEN=4
DATA=220a1903
---
FUNC=memmove
RA=00032e61
DST=0016d588
SRC=0015ec38
LEN=6
DATA=9041b22e9a53
---
FUNC=memcpy
RA=0005a7eb
DST=0015eb10
SRC=000bcebc
LEN=4
DATA=73736964
---
FUNC=memcpy
RA=0005a7eb
DST=0016e8a0
SRC=000bcec1
LEN=7
DATA=61646f70746564
---
FUNC=memcpy
RA=0005a7eb
DST=0016e8c0
SRC=000bcec9
LEN=6
DATA=7369676e616c
---
FUNC=memcpy
RA=0005a7eb
DST=00161290
SRC=000bceaf
LEN=4
DATA=72737369
---
FUNC=memcpy
RA=0005a7eb
DST=beea6728
SRC=000bceda
LEN=15
DATA=646973636f76657279526573756c74
---
FUNC=memmove
RA=000699d7
DST=0016ac88
SRC=0018a788
LEN=213
DATA=010100000000006f7b226964223a2233303331626165662d333638642d346638352d616336382d663065366265646338376461222c226e616d65223a22646973636f76657279526573756c74222c2274696d657374616d70223a313737363739373839323239302c2274797065223a226576656e74227d02010000000000567b
---
FUNC=memcpy
RA=00078c61
DST=beea649c
SRC=beea6418
LEN=132
DATA=049516000400000088ac1600d500000000000000000000000000000000000000000000000000000000000000000000000000000000000000000000000000000000000000000000000000000000000000000000000000000000000000000000000000000000000000000000000000000000000000000000000000000000000000
---
FUNC=memcpy
RA=00078c73
DST=beea6528
SRC=beea649c
LEN=132
DATA=049516000400000088ac1600d500000000000000000000000000000000000000000000000000000000000000000000000000000000000000000000000000000000000000000000000000000000000000000000000000000000000000000000000000000000000000000000000000000000000000000000000000000000000000
---
FUNC=memcpy
RA=0007552f
DST=beea4288
SRC=00169504
LEN=4
DATA=827e00d5
---
FUNC=memcpy
RA=0007552f
DST=beea428c
SRC=0016ac88
LEN=213
DATA=010100000000006f7b226964223a2233303331626165662d333638642d346638352d616336382d663065366265646338376461222c226e616d65223a22646973636f76657279526573756c74222c2274696d657374616d70223a313737363739373839323239302c2274797065223a226576656e74227d02010000000000567b
---
FUNC=memcpy
RA=00076e4d
DST=beea62f4
SRC=beea6528
LEN=132
DATA=049516000400000088ac1600d500000000000000000000000000000000000000000000000000000000000000000000000000000000000000000000000000000000000000000000000000000000000000000000000000000000000000000000000000000000000000000000000000000000000000000000000000000000000000
---
FUNC=memcpy
RA=00076e4d
DST=00170cd8
SRC=beea62f4
LEN=132
DATA=049516000400000088ac1600d500000000000000000000000000000000000000000000000000000000000000000000000000000000000000000000000000000000000000000000000000000000000000000000000000000000000000000000000000000000000000000000000000000000000000000000000000000000000000
---
FUNC=memcpy
RA=00076e4d
DST=beea68d4
SRC=00170cd8
LEN=132
DATA=049516000400000088ac1600d500000000000000000000000000000000000000000000000000000000000000000000000000000000000000000000000000000000000000000000000000000000000000000000000000000000000000000000000000000000000000000000000000000000000000000000000000000000000000
---
FUNC=memmove
RA=00032e61
DST=b5c008d8
SRC=b5fc529c
LEN=22
DATA=e0409041b22e9a535c245fdbebc4bb96fcb0c283faa3
---
FUNC=memmove
RA=00032e61
DST=b5c008f8
SRC=b5c008d8
LEN=22
DATA=e0409041b22e9a535c245fdbebc4bb96fcb0c283faa3
---
FUNC=memmove
RA=00032e61
DST=b5c00918
SRC=b5c008f8
LEN=22
DATA=e0409041b22e9a535c245fdbebc4bb96fcb0c283faa3
---
FUNC=memmove
RA=00032e61
DST=b5c00938
SRC=b5c00918
LEN=22
DATA=e0409041b22e9a535c245fdbebc4bb96fcb0c283faa3
---
FUNC=memmove
RA=00032e61
DST=0014e9c0
SRC=b5c00938
LEN=22
DATA=e0409041b22e9a535c245fdbebc4bb96fcb0c283faa3
---
FUNC=memmove
RA=00032e61
DST=0016ed28
SRC=0014e9c0
LEN=22
DATA=e0409041b22e9a535c245fdbebc4bb96fcb0c283faa3
---
FUNC=memcpy
RA=0005790f
DST=0015eb68
SRC=000bc077
LEN=19
DATA=4c6f52612065786368616e6765206374782040
---
FUNC=memset
RA=00032679
DST=001450d0
VAL=0
LEN=6
---
FUNC=memset
RA=00044c03
DST=001612a8
VAL=0
LEN=6
---
FUNC=memmove
RA=00032e61
DST=001450d0
SRC=001612a8
LEN=6
DATA=9041b22e9a53
---
FUNC=memset
RA=00032679
DST=001612a8
VAL=0
LEN=6
---
FUNC=memset
RA=00032679
DST=0016e8b8
VAL=0
LEN=24
---
FUNC=memcpy
RA=0003c05b
DST=0016e8b8
SRC=0016ed28
LEN=10
DATA=e0409041b22e9a535c24
---
FUNC=memset
RA=0002f707
DST=001612a8
VAL=0
LEN=12
---
FUNC=stream
PHASE=pre
RA=0002f725
KEY=47be3dffb41ea35749c9290e6d2124e6b3e3842ab4e443bd0ac41eda045c2dbe
NONCE=e0409041b22e9a535c240000000000000000000000000000
LEN=12
IN=5fdbebc4bb96fcb0c283faa3
---
FUNC=stream
PHASE=post
KEY=47be3dffb41ea35749c9290e6d2124e6b3e3842ab4e443bd0ac41eda045c2dbe
NONCE=e0409041b22e9a535c240000000000000000000000000000
LEN=12
OUT=37cb8c7401ae940100000000
---
FUNC=memmove
RA=000560cd
DST=0016e8b8
SRC=001612a8
LEN=12
DATA=37cb8c7401ae940100000000
---
FUNC=memmove
RA=0005613b
DST=0016e8b9
SRC=0016e8b8
LEN=11
DATA=37cb8c7401ae9401000000
---
FUNC=memmove
RA=0005613b
DST=0016e8ba
SRC=0016e8b9
LEN=11
DATA=37cb8c7401ae9401000000
---
FUNC=memmove
RA=0005613b
DST=0016e8bb
SRC=0016e8ba
LEN=11
DATA=37cb8c7401ae9401000000
---
FUNC=memmove
RA=0005613b
DST=0016e8bc
SRC=0016e8bb
LEN=11
DATA=37cb8c7401ae9401000000
---
FUNC=memmove
RA=0005613b
DST=0016e8bd
SRC=0016e8bc
LEN=11
DATA=37cb8c7401ae9401000000
---
FUNC=memmove
RA=0005613b
DST=0016e8be
SRC=0016e8bd
LEN=11
DATA=37cb8c7401ae9401000000
---
FUNC=memmove
RA=0005613b
DST=0016e8bf
SRC=0016e8be
LEN=11
DATA=37cb8c7401ae9401000000
---
FUNC=memmove
RA=0005613b
DST=0016e8c0
SRC=0016e8bf
LEN=11
DATA=37cb8c7401ae9401000000
---
FUNC=memmove
RA=0005613b
DST=0016e8c1
SRC=0016e8c0
LEN=11
DATA=37cb8c7401ae9401000000
---
FUNC=memmove
RA=0005613b
DST=0016e8c2
SRC=0016e8c1
LEN=11
DATA=37cb8c7401ae9401000000
---
FUNC=memset
RA=00032679
DST=001620b0
VAL=0
LEN=4
---
FUNC=memset
RA=000329ab
DST=001492d0
VAL=0
LEN=4
---
FUNC=gh_init
STATE=0016fa78
KEYLEN=0
OUTLEN=4
---
FUNC=gh_update
STATE=0016fa78
LEN=10
DATA=e0409041b22e9a535c24
---
FUNC=gh_update
STATE=0016fa78
LEN=4
DATA=00000000
---
FUNC=gh_update
STATE=0016fa78
LEN=8
DATA=01ae940100000000
---
FUNC=gh_final
RA=0002eba3
STATE=0016fa78
OUTLEN=4
OUT=37cb8c74
---
FUNC=memmove
RA=00032e61
DST=0015eb80
SRC=001620b0
LEN=4
DATA=37cb8c74
---
FUNC=memcpy
RA=00055ddf
DST=beea6740
SRC=0015eb80
LEN=4
DATA=37cb8c74
---
FUNC=memmove
RA=00032e61
DST=0014fc28
SRC=001450d0
LEN=6
DATA=9041b22e9a53
---
FUNC=memcpy
RA=0005a7eb
DST=0016ebd8
SRC=000bcebc
LEN=4
DATA=73736964
---
FUNC=memcpy
RA=0005a7eb
DST=0015e7f8
SRC=000bcec1
LEN=7
DATA=61646f70746564
---
FUNC=memcpy
RA=0005a7eb
DST=0015e688
SRC=000bcec9
LEN=6
DATA=7369676e616c
---
FUNC=memcpy
RA=0005a7eb
DST=0015e6a8
SRC=000bceaf
LEN=4
DATA=72737369
---
FUNC=memcpy
RA=0005a7eb
DST=beea6728
SRC=000bceda
LEN=15
DATA=646973636f76657279526573756c74
---
FUNC=memmove
RA=000699d7
DST=0018a788
SRC=0016a780
LEN=213
DATA=010100000000006f7b226964223a2234373064313936642d313534372d343262312d623762332d366434346662313365356261222c226e616d65223a22646973636f76657279526573756c74222c2274696d657374616d70223a313737363739373839373239342c2274797065223a226576656e74227d02010000000000567b
---
FUNC=memcpy
RA=00078c61
DST=beea649c
SRC=beea6418
LEN=132
DATA=24e315000400000088a71800d500000000000000000000000000000000000000000000000000000000000000000000000000000000000000000000000000000000000000000000000000000000000000000000000000000000000000000000000000000000000000000000000000000000000000000000000000000000000000
---
FUNC=memcpy
RA=00078c73
DST=beea6528
SRC=beea649c
LEN=132
DATA=24e315000400000088a71800d500000000000000000000000000000000000000000000000000000000000000000000000000000000000000000000000000000000000000000000000000000000000000000000000000000000000000000000000000000000000000000000000000000000000000000000000000000000000000
---
FUNC=memcpy
RA=0007552f
DST=beea4288
SRC=0015e324
LEN=4
DATA=827e00d5
---
FUNC=memcpy
RA=0007552f
DST=beea428c
SRC=0018a788
LEN=213
DATA=010100000000006f7b226964223a2234373064313936642d313534372d343262312d623762332d366434346662313365356261222c226e616d65223a22646973636f76657279526573756c74222c2274696d657374616d70223a313737363739373839373239342c2274797065223a226576656e74227d02010000000000567b
---
FUNC=memcpy
RA=00076e4d
DST=beea62f4
SRC=beea6528
LEN=132
DATA=24e315000400000088a71800d500000000000000000000000000000000000000000000000000000000000000000000000000000000000000000000000000000000000000000000000000000000000000000000000000000000000000000000000000000000000000000000000000000000000000000000000000000000000000
---
FUNC=memcpy
RA=00076e4d
DST=00170cd8
SRC=beea62f4
LEN=132
DATA=24e315000400000088a71800d500000000000000000000000000000000000000000000000000000000000000000000000000000000000000000000000000000000000000000000000000000000000000000000000000000000000000000000000000000000000000000000000000000000000000000000000000000000000000
---
FUNC=memcpy
RA=00076e4d
DST=beea68d4
SRC=00170cd8
LEN=132
DATA=24e315000400000088a71800d500000000000000000000000000000000000000000000000000000000000000000000000000000000000000000000000000000000000000000000000000000000000000000000000000000000000000000000000000000000000000000000000000000000000000000000000000000000000000
---
FUNC=memmove
RA=00032e61
DST=b5c008d8
SRC=b5fc529c
LEN=22
DATA=e0409041b22e9a535d285b4e5844b06eda782486314f
---
FUNC=memmove
RA=00032e61
DST=b5c008f8
SRC=b5c008d8
LEN=22
DATA=e0409041b22e9a535d285b4e5844b06eda782486314f
---
FUNC=memmove
RA=00032e61
DST=b5c00918
SRC=b5c008f8
LEN=22
DATA=e0409041b22e9a535d285b4e5844b06eda782486314f
---
FUNC=memmove
RA=00032e61
DST=b5c00938
SRC=b5c00918
LEN=22
DATA=e0409041b22e9a535d285b4e5844b06eda782486314f
---
FUNC=memmove
RA=00032e61
DST=0016f130
SRC=b5c00938
LEN=22
DATA=e0409041b22e9a535d285b4e5844b06eda782486314f
---
FUNC=memmove
RA=00032e61
DST=00122ec0
SRC=0016f130
LEN=22
DATA=e0409041b22e9a535d285b4e5844b06eda782486314f
---
FUNC=memcpy
RA=0005790f
DST=0014f858
SRC=000bc077
LEN=19
DATA=4c6f52612065786368616e6765206374782040
---
FUNC=memset
RA=00032679
DST=0016f150
VAL=0
LEN=6
---
FUNC=memset
RA=00044c03
DST=00145138
VAL=0
LEN=6
---
FUNC=memmove
RA=00032e61
DST=0016f150
SRC=00145138
LEN=6
DATA=9041b22e9a53
---
FUNC=memset
RA=00032679
DST=00145138
VAL=0
LEN=6
---
FUNC=memset
RA=00032679
DST=0015e680
VAL=0
LEN=24
---
FUNC=memcpy
RA=0003c05b
DST=0015e680
SRC=00122ec0
LEN=10
DATA=e0409041b22e9a535d28
---
FUNC=memset
RA=0002f707
DST=00145138
VAL=0
LEN=12
---
FUNC=stream
PHASE=pre
RA=0002f725
KEY=47be3dffb41ea35749c9290e6d2124e6b3e3842ab4e443bd0ac41eda045c2dbe
NONCE=e0409041b22e9a535d280000000000000000000000000000
LEN=12
IN=5b4e5844b06eda782486314f
---
FUNC=stream
PHASE=post
KEY=47be3dffb41ea35749c9290e6d2124e6b3e3842ab4e443bd0ac41eda045c2dbe
NONCE=e0409041b22e9a535d280000000000000000000000000000
LEN=12
OUT=a62b9e6401ae940200000000
---
FUNC=memmove
RA=000560cd
DST=0015e680
SRC=00145138
LEN=12
DATA=a62b9e6401ae940200000000
---
FUNC=memmove
RA=0005613b
DST=0015e681
SRC=0015e680
LEN=11
DATA=a62b9e6401ae9402000000
---
FUNC=memmove
RA=0005613b
DST=0015e682
SRC=0015e681
LEN=11
DATA=a62b9e6401ae9402000000
---
FUNC=memmove
RA=0005613b
DST=0015e683
SRC=0015e682
LEN=11
DATA=a62b9e6401ae9402000000
---
FUNC=memmove
RA=0005613b
DST=0015e684
SRC=0015e683
LEN=11
DATA=a62b9e6401ae9402000000
---
FUNC=memmove
RA=0005613b
DST=0015e685
SRC=0015e684
LEN=11
DATA=a62b9e6401ae9402000000
---
FUNC=memmove
RA=0005613b
DST=0015e686
SRC=0015e685
LEN=11
DATA=a62b9e6401ae9402000000
---
FUNC=memmove
RA=0005613b
DST=0015e687
SRC=0015e686
LEN=11
DATA=a62b9e6401ae9402000000
---
FUNC=memmove
RA=0005613b
DST=0015e688
SRC=0015e687
LEN=11
DATA=a62b9e6401ae9402000000
---
FUNC=memmove
RA=0005613b
DST=0015e689
SRC=0015e688
LEN=11
DATA=a62b9e6401ae9402000000
---
FUNC=memmove
RA=0005613b
DST=0015e68a
SRC=0015e689
LEN=11
DATA=a62b9e6401ae9402000000
---
FUNC=memset
RA=00032679
DST=0015e820
VAL=0
LEN=4
---
FUNC=memset
RA=000329ab
DST=001620b0
VAL=0
LEN=4
---
FUNC=gh_init
STATE=0016fa78
KEYLEN=0
OUTLEN=4
---
FUNC=gh_update
STATE=0016fa78
LEN=10
DATA=e0409041b22e9a535d28
---
FUNC=gh_update
STATE=0016fa78
LEN=4
DATA=00000000
---
FUNC=gh_update
STATE=0016fa78
LEN=8
DATA=01ae940200000000
---
FUNC=gh_final
RA=0002eba3
STATE=0016fa78
OUTLEN=4
OUT=a62b9e64
---
FUNC=memmove
RA=00032e61
DST=001492d0
SRC=0015e820
LEN=4
DATA=a62b9e64
---
FUNC=memcpy
RA=00055ddf
DST=beea6740
SRC=001492d0
LEN=4
DATA=a62b9e64
---
FUNC=memmove
RA=00032e61
DST=0016d588
SRC=0016f150
LEN=6
DATA=9041b22e9a53
---
FUNC=memcpy
RA=0005a7eb
DST=0016f118
SRC=000bcebc
LEN=4
DATA=73736964
---
FUNC=memcpy
RA=0005a7eb
DST=0015eb58
SRC=000bcec1
LEN=7
DATA=61646f70746564
---
FUNC=memcpy
RA=0005a7eb
DST=0016e8a0
SRC=000bcec9
LEN=6
DATA=7369676e616c
---
FUNC=memcpy
RA=0005a7eb
DST=0016e8c0
SRC=000bceaf
LEN=4
DATA=72737369
---
FUNC=memcpy
RA=0005a7eb
DST=beea6728
SRC=000bceda
LEN=15
DATA=646973636f76657279526573756c74
---
FUNC=memmove
RA=000699d7
DST=0016a780
SRC=0016ac88
LEN=213
DATA=010100000000006f7b226964223a2239363834386362312d353533382d346137382d626233342d623363333631383430623234222c226e616d65223a22646973636f76657279526573756c74222c2274696d657374616d70223a313737363739373930323238352c2274797065223a226576656e74227d02010000000000567b
---
FUNC=memcpy
RA=00078c61
DST=beea649c
SRC=beea6418
LEN=132
DATA=049516000400000080a71600d500000000000000000000000000000000000000000000000000000000000000000000000000000000000000000000000000000000000000000000000000000000000000000000000000000000000000000000000000000000000000000000000000000000000000000000000000000000000000
---
FUNC=memcpy
RA=00078c73
DST=beea6528
SRC=beea649c
LEN=132
DATA=049516000400000080a71600d500000000000000000000000000000000000000000000000000000000000000000000000000000000000000000000000000000000000000000000000000000000000000000000000000000000000000000000000000000000000000000000000000000000000000000000000000000000000000
---
FUNC=memcpy
RA=0007552f
DST=beea4288
SRC=00169504
LEN=4
DATA=827e00d5
---
FUNC=memcpy
RA=0007552f
DST=beea428c
SRC=0016a780
LEN=213
DATA=010100000000006f7b226964223a2239363834386362312d353533382d346137382d626233342d623363333631383430623234222c226e616d65223a22646973636f76657279526573756c74222c2274696d657374616d70223a313737363739373930323238352c2274797065223a226576656e74227d02010000000000567b
---
FUNC=memcpy
RA=00076e4d
DST=beea62f4
SRC=beea6528
LEN=132
DATA=049516000400000080a71600d500000000000000000000000000000000000000000000000000000000000000000000000000000000000000000000000000000000000000000000000000000000000000000000000000000000000000000000000000000000000000000000000000000000000000000000000000000000000000
---
FUNC=memcpy
RA=00076e4d
DST=00170cd8
SRC=beea62f4
LEN=132
DATA=049516000400000080a71600d500000000000000000000000000000000000000000000000000000000000000000000000000000000000000000000000000000000000000000000000000000000000000000000000000000000000000000000000000000000000000000000000000000000000000000000000000000000000000
---
FUNC=memcpy
RA=00076e4d
DST=beea68d4
SRC=00170cd8
LEN=132
DATA=049516000400000080a71600d500000000000000000000000000000000000000000000000000000000000000000000000000000000000000000000000000000000000000000000000000000000000000000000000000000000000000000000000000000000000000000000000000000000000000000000000000000000000000
---
FUNC=memmove
RA=00032e61
DST=b5c008d8
SRC=b5fc529c
LEN=22
DATA=e0409041b22e9a533a1818e1890c962db601177e8d3d
---
FUNC=memmove
RA=00032e61
DST=b5c008f8
SRC=b5c008d8
LEN=22
DATA=e0409041b22e9a533a1818e1890c962db601177e8d3d
---
FUNC=memmove
RA=00032e61
DST=b5c00918
SRC=b5c008f8
LEN=22
DATA=e0409041b22e9a533a1818e1890c962db601177e8d3d
---
FUNC=memmove
RA=00032e61
DST=b5c00938
SRC=b5c00918
LEN=22
DATA=e0409041b22e9a533a1818e1890c962db601177e8d3d
---
FUNC=memmove
RA=00032e61
DST=0016ec00
SRC=b5c00938
LEN=22
DATA=e0409041b22e9a533a1818e1890c962db601177e8d3d
---
FUNC=memmove
RA=00032e61
DST=0016e898
SRC=0016ec00
LEN=22
DATA=e0409041b22e9a533a1818e1890c962db601177e8d3d
---
FUNC=memcpy
RA=0005790f
DST=0015e790
SRC=000bc077
LEN=19
DATA=4c6f52612065786368616e6765206374782040
---
FUNC=memset
RA=00032679
DST=001612b8
VAL=0
LEN=6
---
FUNC=memset
RA=00044c03
DST=0015eb80
VAL=0
LEN=6
---
FUNC=memmove
RA=00032e61
DST=001612b8
SRC=0015eb80
LEN=6
DATA=9041b22e9a53
---
FUNC=memset
RA=00032679
DST=0015eb80
VAL=0
LEN=6
---
FUNC=memset
RA=00032679
DST=0016ec20
VAL=0
LEN=24
---
FUNC=memcpy
RA=0003c05b
DST=0016ec20
SRC=0016e898
LEN=10
DATA=e0409041b22e9a533a18
---
FUNC=memset
RA=0002f707
DST=0015eb80
VAL=0
LEN=12
---
FUNC=stream
PHASE=pre
RA=0002f725
KEY=47be3dffb41ea35749c9290e6d2124e6b3e3842ab4e443bd0ac41eda045c2dbe
NONCE=e0409041b22e9a533a180000000000000000000000000000
LEN=12
IN=18e1890c962db601177e8d3d
---
FUNC=stream
PHASE=post
KEY=47be3dffb41ea35749c9290e6d2124e6b3e3842ab4e443bd0ac41eda045c2dbe
NONCE=e0409041b22e9a533a180000000000000000000000000000
LEN=12
OUT=738cbe0001ae940000000000
---
FUNC=memmove
RA=000560cd
DST=0016ec20
SRC=0015eb80
LEN=12
DATA=738cbe0001ae940000000000
---
FUNC=memmove
RA=0005613b
DST=0016ec21
SRC=0016ec20
LEN=11
DATA=738cbe0001ae9400000000
---
FUNC=memmove
RA=0005613b
DST=0016ec22
SRC=0016ec21
LEN=11
DATA=738cbe0001ae9400000000
---
FUNC=memmove
RA=0005613b
DST=0016ec23
SRC=0016ec22
LEN=11
DATA=738cbe0001ae9400000000
---
FUNC=memmove
RA=0005613b
DST=0016ec24
SRC=0016ec23
LEN=11
DATA=738cbe0001ae9400000000
---
FUNC=memmove
RA=0005613b
DST=0016ec25
SRC=0016ec24
LEN=11
DATA=738cbe0001ae9400000000
---
FUNC=memmove
RA=0005613b
DST=0016ec26
SRC=0016ec25
LEN=11
DATA=738cbe0001ae9400000000
---
FUNC=memmove
RA=0005613b
DST=0016ec27
SRC=0016ec26
LEN=11
DATA=738cbe0001ae9400000000
---
FUNC=memmove
RA=0005613b
DST=0016ec28
SRC=0016ec27
LEN=11
DATA=738cbe0001ae9400000000
---
FUNC=memmove
RA=0005613b
DST=0016ec29
SRC=0016ec28
LEN=11
DATA=738cbe0001ae9400000000
---
FUNC=memmove
RA=0005613b
DST=0016ec2a
SRC=0016ec29
LEN=11
DATA=738cbe0001ae9400000000
---
FUNC=memset
RA=00032679
DST=0016ed38
VAL=0
LEN=4
---
FUNC=memset
RA=000329ab
DST=001492d0
VAL=0
LEN=4
---
FUNC=gh_init
STATE=0016fa78
KEYLEN=0
OUTLEN=4
---
FUNC=gh_update
STATE=0016fa78
LEN=10
DATA=e0409041b22e9a533a18
---
FUNC=gh_update
STATE=0016fa78
LEN=4
DATA=00000000
---
FUNC=gh_update
STATE=0016fa78
LEN=8
DATA=01ae940000000000
---
FUNC=gh_final
RA=0002eba3
STATE=0016fa78
OUTLEN=4
OUT=738cbe00
---
FUNC=memmove
RA=00032e61
DST=001620b0
SRC=0016ed38
LEN=4
DATA=738cbe00
---
FUNC=memcpy
RA=00055ddf
DST=beea6740
SRC=001620b0
LEN=4
DATA=738cbe00
---
FUNC=memmove
RA=00032e61
DST=001450d0
SRC=001612b8
LEN=6
DATA=9041b22e9a53
---
FUNC=memcpy
RA=0005a7eb
DST=0016f138
SRC=000bcebc
LEN=4
DATA=73736964
---
FUNC=memcpy
RA=0005a7eb
DST=00161290
SRC=000bcec1
LEN=7
DATA=61646f70746564
---
FUNC=memcpy
RA=0005a7eb
DST=0016ebd8
SRC=000bcec9
LEN=6
DATA=7369676e616c
---
FUNC=memcpy
RA=0005a7eb
DST=0015e670
SRC=000bceaf
LEN=4
DATA=72737369
---
FUNC=memcpy
RA=0005a7eb
DST=beea6728
SRC=000bceda
LEN=15
DATA=646973636f76657279526573756c74
---
FUNC=memmove
RA=000699d7
DST=0016ac88
SRC=0018a788
LEN=213
DATA=010100000000006f7b226964223a2236366264643965362d666561362d346233302d396334632d393333333766356635343731222c226e616d65223a22646973636f76657279526573756c74222c2274696d657374616d70223a313737363739373931343836352c2274797065223a226576656e74227d02010000000000567b
---
FUNC=memcpy
RA=00078c61
DST=beea649c
SRC=beea6418
LEN=132
DATA=24e315000400000088ac1600d500000000000000000000000000000000000000000000000000000000000000000000000000000000000000000000000000000000000000000000000000000000000000000000000000000000000000000000000000000000000000000000000000000000000000000000000000000000000000
---
FUNC=memcpy
RA=00078c73
DST=beea6528
SRC=beea649c
LEN=132
DATA=24e315000400000088ac1600d500000000000000000000000000000000000000000000000000000000000000000000000000000000000000000000000000000000000000000000000000000000000000000000000000000000000000000000000000000000000000000000000000000000000000000000000000000000000000
---
FUNC=memcpy
RA=0007552f
DST=beea4288
SRC=0015e324
LEN=4
DATA=827e00d5
---
FUNC=memcpy
RA=0007552f
DST=beea428c
SRC=0016ac88
LEN=213
DATA=010100000000006f7b226964223a2236366264643965362d666561362d346233302d396334632d393333333766356635343731222c226e616d65223a22646973636f76657279526573756c74222c2274696d657374616d70223a313737363739373931343836352c2274797065223a226576656e74227d02010000000000567b
---
FUNC=memcpy
RA=00076e4d
DST=beea62f4
SRC=beea6528
LEN=132
DATA=24e315000400000088ac1600d500000000000000000000000000000000000000000000000000000000000000000000000000000000000000000000000000000000000000000000000000000000000000000000000000000000000000000000000000000000000000000000000000000000000000000000000000000000000000
---
FUNC=memcpy
RA=00076e4d
DST=00170cd8
SRC=beea62f4
LEN=132
DATA=24e315000400000088ac1600d500000000000000000000000000000000000000000000000000000000000000000000000000000000000000000000000000000000000000000000000000000000000000000000000000000000000000000000000000000000000000000000000000000000000000000000000000000000000000
---
FUNC=memcpy
RA=00076e4d
DST=beea68d4
SRC=00170cd8
LEN=132
DATA=24e315000400000088ac1600d500000000000000000000000000000000000000000000000000000000000000000000000000000000000000000000000000000000000000000000000000000000000000000000000000000000000000000000000000000000000000000000000000000000000000000000000000000000000000
---
FUNC=memcpy
RA=00029df1
DST=beea6928
SRC=beea68d0
LEN=10
DATA=31373736373937393139
---
FUNC=memmove
RA=000699d7
DST=0015e354
SRC=0016dbe8
LEN=10
DATA=31373736373937393139
---
FUNC=memcpy
RA=00078c61
DST=beea649c
SRC=beea6418
LEN=132
DATA=24e315000200000054e315000a00000000000000000000000000000000000000000000000000000000000000000000000000000000000000000000000000000000000000000000000000000000000000000000000000000000000000000000000000000000000000000000000000000000000000000000000000000000000000
---
FUNC=memcpy
RA=00078c73
DST=beea6528
SRC=beea649c
LEN=132
DATA=24e315000200000054e315000a00000000000000000000000000000000000000000000000000000000000000000000000000000000000000000000000000000000000000000000000000000000000000000000000000000000000000000000000000000000000000000000000000000000000000000000000000000000000000
---
FUNC=memcpy
RA=0007552f
DST=beea428a
SRC=0015e354
LEN=10
DATA=31373736373937393139
---
FUNC=memcpy
RA=00076e4d
DST=beea62f4
SRC=beea6528
LEN=132
DATA=24e315000200000054e315000a00000000000000000000000000000000000000000000000000000000000000000000000000000000000000000000000000000000000000000000000000000000000000000000000000000000000000000000000000000000000000000000000000000000000000000000000000000000000000
---
FUNC=memcpy
RA=00076e4d
DST=00170cd8
SRC=beea62f4
LEN=132
DATA=24e315000200000054e315000a00000000000000000000000000000000000000000000000000000000000000000000000000000000000000000000000000000000000000000000000000000000000000000000000000000000000000000000000000000000000000000000000000000000000000000000000000000000000000
---
FUNC=memcpy
RA=00076e4d
DST=beea68d4
SRC=00170cd8
LEN=132
DATA=24e315000200000054e315000a00000000000000000000000000000000000000000000000000000000000000000000000000000000000000000000000000000000000000000000000000000000000000000000000000000000000000000000000000000000000000000000000000000000000000000000000000000000000000
---
FUNC=memmove
RA=00032e61
DST=0016a110
SRC=001711ba
LEN=4
DATA=b9e35bb0
---
FUNC=memmove
RA=00032e61
DST=beea6624
SRC=0016a110
LEN=4
DATA=b9e35bb0
---
FUNC=memcpy
RA=00032be9
DST=beea6588
SRC=0015e354
LEN=10
DATA=31373736373937393139
---
FUNC=memcpy
RA=00032be9
DST=beea6538
SRC=beea6588
LEN=10
DATA=31373736373937393139
---
FUNC=memmove
RA=00032e61
DST=b5c008d8
SRC=b5fc529c
LEN=22
DATA=e0409041b22e9a533b1158fd4ca579d8bc6b35b3e135
---
FUNC=memmove
RA=00032e61
DST=b5c008f8
SRC=b5c008d8
LEN=22
DATA=e0409041b22e9a533b1158fd4ca579d8bc6b35b3e135
---
FUNC=memmove
RA=00032e61
DST=b5c00918
SRC=b5c008f8
LEN=22
DATA=e0409041b22e9a533b1158fd4ca579d8bc6b35b3e135
---
FUNC=memmove
RA=00032e61
DST=b5c00938
SRC=b5c00918
LEN=22
DATA=e0409041b22e9a533b1158fd4ca579d8bc6b35b3e135
---
FUNC=memmove
RA=00032e61
DST=0015e7f0
SRC=b5c00938
LEN=22
DATA=e0409041b22e9a533b1158fd4ca579d8bc6b35b3e135
---
FUNC=memmove
RA=00032e61
DST=0015e810
SRC=0015e7f0
LEN=22
DATA=e0409041b22e9a533b1158fd4ca579d8bc6b35b3e135
---
FUNC=memcpy
RA=0005790f
DST=0016fd08
SRC=000bc077
LEN=19
DATA=4c6f52612065786368616e6765206374782040
---
FUNC=memset
RA=00032679
DST=0016f150
VAL=0
LEN=6
---
FUNC=memset
RA=00044c03
DST=0014fb70
VAL=0
LEN=6
---
FUNC=memmove
RA=00032e61
DST=0016f150
SRC=0014fb70
LEN=6
DATA=9041b22e9a53
---
FUNC=memset
RA=00032679
DST=0014fb70
VAL=0
LEN=6
---
FUNC=memset
RA=00032679
DST=0016ebd0
VAL=0
LEN=24
---
FUNC=memcpy
RA=0003c05b
DST=0016ebd0
SRC=0015e810
LEN=10
DATA=e0409041b22e9a533b11
---
FUNC=memset
RA=0002f707
DST=0014fb70
VAL=0
LEN=12
---
FUNC=stream
PHASE=pre
RA=0002f725
KEY=47be3dffb41ea35749c9290e6d2124e6b3e3842ab4e443bd0ac41eda045c2dbe
NONCE=e0409041b22e9a533b110000000000000000000000000000
LEN=12
IN=58fd4ca579d8bc6b35b3e135
---
FUNC=stream
PHASE=post
KEY=47be3dffb41ea35749c9290e6d2124e6b3e3842ab4e443bd0ac41eda045c2dbe
NONCE=e0409041b22e9a533b110000000000000000000000000000
LEN=12
OUT=93f2e1e001ae940100000000
---
FUNC=memmove
RA=000560cd
DST=0016ebd0
SRC=0014fb70
LEN=12
DATA=93f2e1e001ae940100000000
---
FUNC=memmove
RA=0005613b
DST=0016ebd1
SRC=0016ebd0
LEN=11
DATA=93f2e1e001ae9401000000
---
FUNC=memmove
RA=0005613b
DST=0016ebd2
SRC=0016ebd1
LEN=11
DATA=93f2e1e001ae9401000000
---
FUNC=memmove
RA=0005613b
DST=0016ebd3
SRC=0016ebd2
LEN=11
DATA=93f2e1e001ae9401000000
---
FUNC=memmove
RA=0005613b
DST=0016ebd4
SRC=0016ebd3
LEN=11
DATA=93f2e1e001ae9401000000
---
FUNC=memmove
RA=0005613b
DST=0016ebd5
SRC=0016ebd4
LEN=11
DATA=93f2e1e001ae9401000000
---
FUNC=memmove
RA=0005613b
DST=0016ebd6
SRC=0016ebd5
LEN=11
DATA=93f2e1e001ae9401000000
---
FUNC=memmove
RA=0005613b
DST=0016ebd7
SRC=0016ebd6
LEN=11
DATA=93f2e1e001ae9401000000
---
FUNC=memmove
RA=0005613b
DST=0016ebd8
SRC=0016ebd7
LEN=11
DATA=93f2e1e001ae9401000000
---
FUNC=memmove
RA=0005613b
DST=0016ebd9
SRC=0016ebd8
LEN=11
DATA=93f2e1e001ae9401000000
---
FUNC=memmove
RA=0005613b
DST=0016ebda
SRC=0016ebd9
LEN=11
DATA=93f2e1e001ae9401000000
---
FUNC=memset
RA=00032679
DST=0016d588
VAL=0
LEN=4
---
FUNC=memset
RA=000329ab
DST=001620b0
VAL=0
LEN=4
---
FUNC=gh_init
STATE=0016fa78
KEYLEN=0
OUTLEN=4
---
FUNC=gh_update
STATE=0016fa78
LEN=10
DATA=e0409041b22e9a533b11
---
FUNC=gh_update
STATE=0016fa78
LEN=4
DATA=00000000
---
FUNC=gh_update
STATE=0016fa78
LEN=8
DATA=01ae940100000000
---
FUNC=gh_final
RA=0002eba3
STATE=0016fa78
OUTLEN=4
OUT=93f2e1e0
---
FUNC=memmove
RA=00032e61
DST=001492d0
SRC=0016d588
LEN=4
DATA=93f2e1e0
---
FUNC=memcpy
RA=00055ddf
DST=beea6740
SRC=001492d0
LEN=4
DATA=93f2e1e0
---
FUNC=memmove
RA=00032e61
DST=001612b8
SRC=0016f150
LEN=6
DATA=9041b22e9a53
---
FUNC=memcpy
RA=0005a7eb
DST=0016ec28
SRC=000bcebc
LEN=4
DATA=73736964
---
FUNC=memcpy
RA=0005a7eb
DST=0016ed10
SRC=000bcec1
LEN=7
DATA=61646f70746564
---
FUNC=memcpy
RA=0005a7eb
DST=0016ed30
SRC=000bcec9
LEN=6
DATA=7369676e616c
---
FUNC=memcpy
RA=0005a7eb
DST=0016f0f8
SRC=000bceaf
LEN=4
DATA=72737369
---
FUNC=memcpy
RA=0005a7eb
DST=beea6728
SRC=000bceda
LEN=15
DATA=646973636f76657279526573756c74
---
FUNC=memmove
RA=000699d7
DST=0018a788
SRC=0016a780
LEN=213
DATA=010100000000006f7b226964223a2237336164353335302d623434342d343731392d393664612d643735376439653834623435222c226e616d65223a22646973636f76657279526573756c74222c2274696d657374616d70223a313737363739373931393836312c2274797065223a226576656e74227d02010000000000567b
---
FUNC=memcpy
RA=00078c61
DST=beea649c
SRC=beea6418
LEN=132
DATA=049516000400000088a71800d500000000000000000000000000000000000000000000000000000000000000000000000000000000000000000000000000000000000000000000000000000000000000000000000000000000000000000000000000000000000000000000000000000000000000000000000000000000000000
---
FUNC=memcpy
RA=00078c73
DST=beea6528
SRC=beea649c
LEN=132
DATA=049516000400000088a71800d500000000000000000000000000000000000000000000000000000000000000000000000000000000000000000000000000000000000000000000000000000000000000000000000000000000000000000000000000000000000000000000000000000000000000000000000000000000000000
---
FUNC=memcpy
RA=0007552f
DST=beea4288
SRC=00169504
LEN=4
DATA=827e00d5
---
FUNC=memcpy
RA=0007552f
DST=beea428c
SRC=0018a788
LEN=213
DATA=010100000000006f7b226964223a2237336164353335302d623434342d343731392d393664612d643735376439653834623435222c226e616d65223a22646973636f76657279526573756c74222c2274696d657374616d70223a313737363739373931393836312c2274797065223a226576656e74227d02010000000000567b
---
FUNC=memcpy
RA=00076e4d
DST=beea62f4
SRC=beea6528
LEN=132
DATA=049516000400000088a71800d500000000000000000000000000000000000000000000000000000000000000000000000000000000000000000000000000000000000000000000000000000000000000000000000000000000000000000000000000000000000000000000000000000000000000000000000000000000000000
---
FUNC=memcpy
RA=00076e4d
DST=00170cd8
SRC=beea62f4
LEN=132
DATA=049516000400000088a71800d500000000000000000000000000000000000000000000000000000000000000000000000000000000000000000000000000000000000000000000000000000000000000000000000000000000000000000000000000000000000000000000000000000000000000000000000000000000000000
---
FUNC=memcpy
RA=00076e4d
DST=beea68d4
SRC=00170cd8
LEN=132
DATA=049516000400000088a71800d500000000000000000000000000000000000000000000000000000000000000000000000000000000000000000000000000000000000000000000000000000000000000000000000000000000000000000000000000000000000000000000000000000000000000000000000000000000000000
---
FUNC=memmove
RA=00032e61
DST=b5c008d8
SRC=b5fc529c
LEN=22
DATA=e0409041b22e9a533c1741e78bed29b454c9e9982075
---
FUNC=memmove
RA=00032e61
DST=b5c008f8
SRC=b5c008d8
LEN=22
DATA=e0409041b22e9a533c1741e78bed29b454c9e9982075
---
FUNC=memmove
RA=00032e61
DST=b5c00918
SRC=b5c008f8
LEN=22
DATA=e0409041b22e9a533c1741e78bed29b454c9e9982075
---
FUNC=memmove
RA=00032e61
DST=b5c00938
SRC=b5c00918
LEN=22
DATA=e0409041b22e9a533c1741e78bed29b454c9e9982075
---
FUNC=memmove
RA=00032e61
DST=0016ec00
SRC=b5c00938
LEN=22
DATA=e0409041b22e9a533c1741e78bed29b454c9e9982075
---
FUNC=memmove
RA=00032e61
DST=0016e8b8
SRC=0016ec00
LEN=22
DATA=e0409041b22e9a533c1741e78bed29b454c9e9982075
---
FUNC=memcpy
RA=0005790f
DST=0014fc10
SRC=000bc077
LEN=19
DATA=4c6f52612065786368616e6765206374782040
---
FUNC=memset
RA=00032679
DST=0016f210
VAL=0
LEN=6
---
FUNC=memset
RA=00044c03
DST=0016f110
VAL=0
LEN=6
---
FUNC=memmove
RA=00032e61
DST=0016f210
SRC=0016f110
LEN=6
DATA=9041b22e9a53
---
FUNC=memset
RA=00032679
DST=0016f110
VAL=0
LEN=6
---
FUNC=memset
RA=00032679
DST=0016ed28
VAL=0
LEN=24
---
FUNC=memcpy
RA=0003c05b
DST=0016ed28
SRC=0016e8b8
LEN=10
DATA=e0409041b22e9a533c17
---
FUNC=memset
RA=0002f707
DST=0016f110
VAL=0
LEN=12
---
FUNC=stream
PHASE=pre
RA=0002f725
KEY=47be3dffb41ea35749c9290e6d2124e6b3e3842ab4e443bd0ac41eda045c2dbe
NONCE=e0409041b22e9a533c170000000000000000000000000000
LEN=12
IN=41e78bed29b454c9e9982075
---
FUNC=stream
PHASE=post
KEY=47be3dffb41ea35749c9290e6d2124e6b3e3842ab4e443bd0ac41eda045c2dbe
NONCE=e0409041b22e9a533c170000000000000000000000000000
LEN=12
OUT=17c461da01ae940200000000
---
FUNC=memmove
RA=000560cd
DST=0016ed28
SRC=0016f110
LEN=12
DATA=17c461da01ae940200000000
---
FUNC=memmove
RA=0005613b
DST=0016ed29
SRC=0016ed28
LEN=11
DATA=17c461da01ae9402000000
---
FUNC=memmove
RA=0005613b
DST=0016ed2a
SRC=0016ed29
LEN=11
DATA=17c461da01ae9402000000
---
FUNC=memmove
RA=0005613b
DST=0016ed2b
SRC=0016ed2a
LEN=11
DATA=17c461da01ae9402000000
---
FUNC=memmove
RA=0005613b
DST=0016ed2c
SRC=0016ed2b
LEN=11
DATA=17c461da01ae9402000000
---
FUNC=memmove
RA=0005613b
DST=0016ed2d
SRC=0016ed2c
LEN=11
DATA=17c461da01ae9402000000
---
FUNC=memmove
RA=0005613b
DST=0016ed2e
SRC=0016ed2d
LEN=11
DATA=17c461da01ae9402000000
---
FUNC=memmove
RA=0005613b
DST=0016ed2f
SRC=0016ed2e
LEN=11
DATA=17c461da01ae9402000000
---
FUNC=memmove
RA=0005613b
DST=0016ed30
SRC=0016ed2f
LEN=11
DATA=17c461da01ae9402000000
---
FUNC=memmove
RA=0005613b
DST=0016ed31
SRC=0016ed30
LEN=11
DATA=17c461da01ae9402000000
---
FUNC=memmove
RA=0005613b
DST=0016ed32
SRC=0016ed31
LEN=11
DATA=17c461da01ae9402000000
---
FUNC=memset
RA=00032679
DST=0014f180
VAL=0
LEN=4
---
FUNC=memset
RA=000329ab
DST=001492d0
VAL=0
LEN=4
---
FUNC=gh_init
STATE=0016fa78
KEYLEN=0
OUTLEN=4
---
FUNC=gh_update
STATE=0016fa78
LEN=10
DATA=e0409041b22e9a533c17
---
FUNC=gh_update
STATE=0016fa78
LEN=4
DATA=00000000
---
FUNC=gh_update
STATE=0016fa78
LEN=8
DATA=01ae940200000000
---
FUNC=gh_final
RA=0002eba3
STATE=0016fa78
OUTLEN=4
OUT=17c461da
---
FUNC=memmove
RA=00032e61
DST=0016d588
SRC=0014f180
LEN=4
DATA=17c461da
---
FUNC=memcpy
RA=00055ddf
DST=beea6740
SRC=0016d588
LEN=4
DATA=17c461da
---
FUNC=memmove
RA=00032e61
DST=001620b0
SRC=0016f210
LEN=6
DATA=9041b22e9a53
---
FUNC=memcpy
RA=0005a7eb
DST=0016ec28
SRC=000bcebc
LEN=4
DATA=73736964
---
FUNC=memcpy
RA=0005a7eb
DST=0016f0f8
SRC=000bcec1
LEN=7
DATA=61646f70746564
---
FUNC=memcpy
RA=0005a7eb
DST=00161fb8
SRC=000bcec9
LEN=6
DATA=7369676e616c
---
FUNC=memcpy
RA=0005a7eb
DST=0016b940
SRC=000bceaf
LEN=4
DATA=72737369
---
FUNC=memcpy
RA=0005a7eb
DST=beea6728
SRC=000bceda
LEN=15
DATA=646973636f76657279526573756c74
---
FUNC=memmove
RA=000699d7
DST=0016a780
SRC=0016ac88
LEN=213
DATA=010100000000006f7b226964223a2263306564613866622d316465322d343863362d393431612d356539343064346134303262222c226e616d65223a22646973636f76657279526573756c74222c2274696d657374616d70223a313737363739373932343836342c2274797065223a226576656e74227d02010000000000567b
---
FUNC=memcpy
RA=00078c61
DST=beea649c
SRC=beea6418
LEN=132
DATA=24e315000400000080a71600d500000000000000000000000000000000000000000000000000000000000000000000000000000000000000000000000000000000000000000000000000000000000000000000000000000000000000000000000000000000000000000000000000000000000000000000000000000000000000
---
FUNC=memcpy
RA=00078c73
DST=beea6528
SRC=beea649c
LEN=132
DATA=24e315000400000080a71600d500000000000000000000000000000000000000000000000000000000000000000000000000000000000000000000000000000000000000000000000000000000000000000000000000000000000000000000000000000000000000000000000000000000000000000000000000000000000000
---
FUNC=memcpy
RA=0007552f
DST=beea4288
SRC=0015e324
LEN=4
DATA=827e00d5
---
FUNC=memcpy
RA=0007552f
DST=beea428c
SRC=0016a780
LEN=213
DATA=010100000000006f7b226964223a2263306564613866622d316465322d343863362d393431612d356539343064346134303262222c226e616d65223a22646973636f76657279526573756c74222c2274696d657374616d70223a313737363739373932343836342c2274797065223a226576656e74227d02010000000000567b
---
FUNC=memcpy
RA=00076e4d
DST=beea62f4
SRC=beea6528
LEN=132
DATA=24e315000400000080a71600d500000000000000000000000000000000000000000000000000000000000000000000000000000000000000000000000000000000000000000000000000000000000000000000000000000000000000000000000000000000000000000000000000000000000000000000000000000000000000
---
FUNC=memcpy
RA=00076e4d
DST=00170cd8
SRC=beea62f4
LEN=132
DATA=24e315000400000080a71600d500000000000000000000000000000000000000000000000000000000000000000000000000000000000000000000000000000000000000000000000000000000000000000000000000000000000000000000000000000000000000000000000000000000000000000000000000000000000000
---
FUNC=memcpy
RA=00076e4d
DST=beea68d4
SRC=00170cd8
LEN=132
DATA=24e315000400000080a71600d500000000000000000000000000000000000000000000000000000000000000000000000000000000000000000000000000000000000000000000000000000000000000000000000000000000000000000000000000000000000000000000000000000000000000000000000000000000000000
---
FUNC=memmove
RA=00032e61
DST=b5c008d8
SRC=b5fc529c
LEN=22
DATA=e0409041b22e9a533d1702117ab682a21d93135130cb
---
FUNC=memmove
RA=00032e61
DST=b5c008f8
SRC=b5c008d8
LEN=22
DATA=e0409041b22e9a533d1702117ab682a21d93135130cb
---
FUNC=memmove
RA=00032e61
DST=b5c00918
SRC=b5c008f8
LEN=22
DATA=e0409041b22e9a533d1702117ab682a21d93135130cb
---
FUNC=memmove
RA=00032e61
DST=b5c00938
SRC=b5c00918
LEN=22
DATA=e0409041b22e9a533d1702117ab682a21d93135130cb
---
FUNC=memmove
RA=00032e61
DST=0015e668
SRC=b5c00938
LEN=22
DATA=e0409041b22e9a533d1702117ab682a21d93135130cb
---
FUNC=memmove
RA=00032e61
DST=00161010
SRC=0015e668
LEN=22
DATA=e0409041b22e9a533d1702117ab682a21d93135130cb
---
FUNC=memcpy
RA=0005790f
DST=0016f130
SRC=000bc077
LEN=19
DATA=4c6f52612065786368616e6765206374782040
---
FUNC=memset
RA=00032679
DST=001450d0
VAL=0
LEN=6
---
FUNC=memset
RA=00044c03
DST=0016b958
VAL=0
LEN=6
---
FUNC=memmove
RA=00032e61
DST=001450d0
SRC=0016b958
LEN=6
DATA=9041b22e9a53
---
FUNC=memset
RA=00032679
DST=0016b958
VAL=0
LEN=6
---
FUNC=memset
RA=00032679
DST=00161fb0
VAL=0
LEN=24
---
FUNC=memcpy
RA=0003c05b
DST=00161fb0
SRC=00161010
LEN=10
DATA=e0409041b22e9a533d17
---
FUNC=memset
RA=0002f707
DST=0016b958
VAL=0
LEN=12
---
FUNC=stream
PHASE=pre
RA=0002f725
KEY=47be3dffb41ea35749c9290e6d2124e6b3e3842ab4e443bd0ac41eda045c2dbe
NONCE=e0409041b22e9a533d170000000000000000000000000000
LEN=12
IN=02117ab682a21d93135130cb
---
FUNC=stream
PHASE=post
KEY=47be3dffb41ea35749c9290e6d2124e6b3e3842ab4e443bd0ac41eda045c2dbe
NONCE=e0409041b22e9a533d170000000000000000000000000000
LEN=12
OUT=5b37d6ad01ae940300000000
---
FUNC=memmove
RA=000560cd
DST=00161fb0
SRC=0016b958
LEN=12
DATA=5b37d6ad01ae940300000000
---
FUNC=memmove
RA=0005613b
DST=00161fb1
SRC=00161fb0
LEN=11
DATA=5b37d6ad01ae9403000000
---
FUNC=memmove
RA=0005613b
DST=00161fb2
SRC=00161fb1
LEN=11
DATA=5b37d6ad01ae9403000000
---
FUNC=memmove
RA=0005613b
DST=00161fb3
SRC=00161fb2
LEN=11
DATA=5b37d6ad01ae9403000000
---
FUNC=memmove
RA=0005613b
DST=00161fb4
SRC=00161fb3
LEN=11
DATA=5b37d6ad01ae9403000000
---
FUNC=memmove
RA=0005613b
DST=00161fb5
SRC=00161fb4
LEN=11
DATA=5b37d6ad01ae9403000000
---
FUNC=memmove
RA=0005613b
DST=00161fb6
SRC=00161fb5
LEN=11
DATA=5b37d6ad01ae9403000000
---
FUNC=memmove
RA=0005613b
DST=00161fb7
SRC=00161fb6
LEN=11
DATA=5b37d6ad01ae9403000000
---
FUNC=memmove
RA=0005613b
DST=00161fb8
SRC=00161fb7
LEN=11
DATA=5b37d6ad01ae9403000000
---
FUNC=memmove
RA=0005613b
DST=00161fb9
SRC=00161fb8
LEN=11
DATA=5b37d6ad01ae9403000000
---
FUNC=memmove
RA=0005613b
DST=00161fba
SRC=00161fb9
LEN=11
DATA=5b37d6ad01ae9403000000
---
FUNC=memset
RA=00032679
DST=001612b8
VAL=0
LEN=4
---
FUNC=memset
RA=000329ab
DST=0016d588
VAL=0
LEN=4
---
FUNC=gh_init
STATE=0016fa78
KEYLEN=0
OUTLEN=4
---
FUNC=gh_update
STATE=0016fa78
LEN=10
DATA=e0409041b22e9a533d17
---
FUNC=gh_update
STATE=0016fa78
LEN=4
DATA=00000000
---
FUNC=gh_update
STATE=0016fa78
LEN=8
DATA=01ae940300000000
---
FUNC=gh_final
RA=0002eba3
STATE=0016fa78
OUTLEN=4
OUT=5b37d6ad
---
FUNC=memmove
RA=00032e61
DST=001492d0
SRC=001612b8
LEN=4
DATA=5b37d6ad
---
FUNC=memcpy
RA=00055ddf
DST=beea6740
SRC=001492d0
LEN=4
DATA=5b37d6ad
---
FUNC=memmove
RA=00032e61
DST=0016f210
SRC=001450d0
LEN=6
DATA=9041b22e9a53
---
FUNC=memcpy
RA=0005a7eb
DST=00161340
SRC=000bcebc
LEN=4
DATA=73736964
---
FUNC=memcpy
RA=0005a7eb
DST=0015eb58
SRC=000bcec1
LEN=7
DATA=61646f70746564
---
FUNC=memcpy
RA=0005a7eb
DST=00145998
SRC=000bcec9
LEN=6
DATA=7369676e616c
---
FUNC=memcpy
RA=0005a7eb
DST=0014f158
SRC=000bceaf
LEN=4
DATA=72737369
---
FUNC=memcpy
RA=0005a7eb
DST=beea6728
SRC=000bceda
LEN=15
DATA=646973636f76657279526573756c74
---
FUNC=memmove
RA=000699d7
DST=0016ac88
SRC=0018a788
LEN=213
DATA=010100000000006f7b226964223a2262393638653937302d343433332d343735652d623939392d386331626330633838613235222c226e616d65223a22646973636f76657279526573756c74222c2274696d657374616d70223a313737363739373932393836322c2274797065223a226576656e74227d02010000000000567b
---
FUNC=memcpy
RA=00078c61
DST=beea649c
SRC=beea6418
LEN=132
DATA=049516000400000088ac1600d500000000000000000000000000000000000000000000000000000000000000000000000000000000000000000000000000000000000000000000000000000000000000000000000000000000000000000000000000000000000000000000000000000000000000000000000000000000000000
---
FUNC=memcpy
RA=00078c73
DST=beea6528
SRC=beea649c
LEN=132
DATA=049516000400000088ac1600d500000000000000000000000000000000000000000000000000000000000000000000000000000000000000000000000000000000000000000000000000000000000000000000000000000000000000000000000000000000000000000000000000000000000000000000000000000000000000
---
FUNC=memcpy
RA=0007552f
DST=beea4288
SRC=00169504
LEN=4
DATA=827e00d5
---
FUNC=memcpy
RA=0007552f
DST=beea428c
SRC=0016ac88
LEN=213
DATA=010100000000006f7b226964223a2262393638653937302d343433332d343735652d623939392d386331626330633838613235222c226e616d65223a22646973636f76657279526573756c74222c2274696d657374616d70223a313737363739373932393836322c2274797065223a226576656e74227d02010000000000567b
---
FUNC=memcpy
RA=00076e4d
DST=beea62f4
SRC=beea6528
LEN=132
DATA=049516000400000088ac1600d500000000000000000000000000000000000000000000000000000000000000000000000000000000000000000000000000000000000000000000000000000000000000000000000000000000000000000000000000000000000000000000000000000000000000000000000000000000000000
---
FUNC=memcpy
RA=00076e4d
DST=00170cd8
SRC=beea62f4
LEN=132
DATA=049516000400000088ac1600d500000000000000000000000000000000000000000000000000000000000000000000000000000000000000000000000000000000000000000000000000000000000000000000000000000000000000000000000000000000000000000000000000000000000000000000000000000000000000
---
FUNC=memcpy
RA=00076e4d
DST=beea68d4
SRC=00170cd8
LEN=132
DATA=049516000400000088ac1600d500000000000000000000000000000000000000000000000000000000000000000000000000000000000000000000000000000000000000000000000000000000000000000000000000000000000000000000000000000000000000000000000000000000000000000000000000000000000000
---
FUNC=memmove
RA=00032e61
DST=b5c008d8
SRC=b5fc529c
LEN=22
DATA=e0409041b22e9a533e2c775fb6d46036c8a089ff1b06
---
FUNC=memmove
RA=00032e61
DST=b5c008f8
SRC=b5c008d8
LEN=22
DATA=e0409041b22e9a533e2c775fb6d46036c8a089ff1b06
---
FUNC=memmove
RA=00032e61
DST=b5c00918
SRC=b5c008f8
LEN=22
DATA=e0409041b22e9a533e2c775fb6d46036c8a089ff1b06
---
FUNC=memmove
RA=00032e61
DST=b5c00938
SRC=b5c00918
LEN=22
DATA=e0409041b22e9a533e2c775fb6d46036c8a089ff1b06
---
FUNC=memmove
RA=00032e61
DST=0014f170
SRC=b5c00938
LEN=22
DATA=e0409041b22e9a533e2c775fb6d46036c8a089ff1b06
---
FUNC=memmove
RA=00032e61
DST=0016e898
SRC=0014f170
LEN=22
DATA=e0409041b22e9a533e2c775fb6d46036c8a089ff1b06
---
FUNC=memcpy
RA=0005790f
DST=0016fd08
SRC=000bc077
LEN=19
DATA=4c6f52612065786368616e6765206374782040
---
FUNC=memset
RA=00032679
DST=00145138
VAL=0
LEN=6
---
FUNC=memset
RA=00044c03
DST=00161000
VAL=0
LEN=6
---
FUNC=memmove
RA=00032e61
DST=00145138
SRC=00161000
LEN=6
DATA=9041b22e9a53
---
FUNC=memset
RA=00032679
DST=00161000
VAL=0
LEN=6
---
FUNC=memset
RA=00032679
DST=00145990
VAL=0
LEN=24
---
FUNC=memcpy
RA=0003c05b
DST=00145990
SRC=0016e898
LEN=10
DATA=e0409041b22e9a533e2c
---
FUNC=memset
RA=0002f707
DST=00161000
VAL=0
LEN=12
---
FUNC=stream
PHASE=pre
RA=0002f725
KEY=47be3dffb41ea35749c9290e6d2124e6b3e3842ab4e443bd0ac41eda045c2dbe
NONCE=e0409041b22e9a533e2c0000000000000000000000000000
LEN=12
IN=775fb6d46036c8a089ff1b06
---
FUNC=stream
PHASE=post
KEY=47be3dffb41ea35749c9290e6d2124e6b3e3842ab4e443bd0ac41eda045c2dbe
NONCE=e0409041b22e9a533e2c0000000000000000000000000000
LEN=12
OUT=753a5a1601ae940400000000
---
FUNC=memmove
RA=000560cd
DST=00145990
SRC=00161000
LEN=12
DATA=753a5a1601ae940400000000
---
FUNC=memmove
RA=0005613b
DST=00145991
SRC=00145990
LEN=11
DATA=753a5a1601ae9404000000
---
FUNC=memmove
RA=0005613b
DST=00145992
SRC=00145991
LEN=11
DATA=753a5a1601ae9404000000
---
FUNC=memmove
RA=0005613b
DST=00145993
SRC=00145992
LEN=11
DATA=753a5a1601ae9404000000
---
FUNC=memmove
RA=0005613b
DST=00145994
SRC=00145993
LEN=11
DATA=753a5a1601ae9404000000
---
FUNC=memmove
RA=0005613b
DST=00145995
SRC=00145994
LEN=11
DATA=753a5a1601ae9404000000
---
FUNC=memmove
RA=0005613b
DST=00145996
SRC=00145995
LEN=11
DATA=753a5a1601ae9404000000
---
FUNC=memmove
RA=0005613b
DST=00145997
SRC=00145996
LEN=11
DATA=753a5a1601ae9404000000
---
FUNC=memmove
RA=0005613b
DST=00145998
SRC=00145997
LEN=11
DATA=753a5a1601ae9404000000
---
FUNC=memmove
RA=0005613b
DST=00145999
SRC=00145998
LEN=11
DATA=753a5a1601ae9404000000
---
FUNC=memmove
RA=0005613b
DST=0014599a
SRC=00145999
LEN=11
DATA=753a5a1601ae9404000000
---
FUNC=memset
RA=00032679
DST=0016b968
VAL=0
LEN=4
---
FUNC=memset
RA=000329ab
DST=001492d0
VAL=0
LEN=4
---
FUNC=gh_init
STATE=0016fa78
KEYLEN=0
OUTLEN=4
---
FUNC=gh_update
STATE=0016fa78
LEN=10
DATA=e0409041b22e9a533e2c
---
FUNC=gh_update
STATE=0016fa78
LEN=4
DATA=00000000
---
FUNC=gh_update
STATE=0016fa78
LEN=8
DATA=01ae940400000000
---
FUNC=gh_final
RA=0002eba3
STATE=0016fa78
OUTLEN=4
OUT=753a5a16
---
FUNC=memmove
RA=00032e61
DST=001612b8
SRC=0016b968
LEN=4
DATA=753a5a16
---
FUNC=memcpy
RA=00055ddf
DST=beea6740
SRC=001612b8
LEN=4
DATA=753a5a16
---
FUNC=memmove
RA=00032e61
DST=001450d0
SRC=00145138
LEN=6
DATA=9041b22e9a53
---
FUNC=memcpy
RA=0005a7eb
DST=00161340
SRC=000bcebc
LEN=4
DATA=73736964
---
FUNC=memcpy
RA=0005a7eb
DST=0014f158
SRC=000bcec1
LEN=7
DATA=61646f70746564
---
FUNC=memcpy
RA=0005a7eb
DST=0016e8c0
SRC=000bcec9
LEN=6
DATA=7369676e616c
---
FUNC=memcpy
RA=0005a7eb
DST=0015e6a0
SRC=000bceaf
LEN=4
DATA=72737369
---
FUNC=memcpy
RA=0005a7eb
DST=beea6728
SRC=000bceda
LEN=15
DATA=646973636f76657279526573756c74
---
FUNC=memmove
RA=000699d7
DST=0018a788
SRC=0016a780
LEN=213
DATA=010100000000006f7b226964223a2265393238373238652d323332312d343862322d623035642d303836346561663738393664222c226e616d65223a22646973636f76657279526573756c74222c2274696d657374616d70223a313737363739373933343836342c2274797065223a226576656e74227d02010000000000567b
---
FUNC=memcpy
RA=00078c61
DST=beea649c
SRC=beea6418
LEN=132
DATA=24e315000400000088a71800d500000000000000000000000000000000000000000000000000000000000000000000000000000000000000000000000000000000000000000000000000000000000000000000000000000000000000000000000000000000000000000000000000000000000000000000000000000000000000
---
FUNC=memcpy
RA=00078c73
DST=beea6528
SRC=beea649c
LEN=132
DATA=24e315000400000088a71800d500000000000000000000000000000000000000000000000000000000000000000000000000000000000000000000000000000000000000000000000000000000000000000000000000000000000000000000000000000000000000000000000000000000000000000000000000000000000000
---
FUNC=memcpy
RA=0007552f
DST=beea4288
SRC=0015e324
LEN=4
DATA=827e00d5
---
FUNC=memcpy
RA=0007552f
DST=beea428c
SRC=0018a788
LEN=213
DATA=010100000000006f7b226964223a2265393238373238652d323332312d343862322d623035642d303836346561663738393664222c226e616d65223a22646973636f76657279526573756c74222c2274696d657374616d70223a313737363739373933343836342c2274797065223a226576656e74227d02010000000000567b
---
FUNC=memcpy
RA=00076e4d
DST=beea62f4
SRC=beea6528
LEN=132
DATA=24e315000400000088a71800d500000000000000000000000000000000000000000000000000000000000000000000000000000000000000000000000000000000000000000000000000000000000000000000000000000000000000000000000000000000000000000000000000000000000000000000000000000000000000
---
FUNC=memcpy
RA=00076e4d
DST=00170cd8
SRC=beea62f4
LEN=132
DATA=24e315000400000088a71800d500000000000000000000000000000000000000000000000000000000000000000000000000000000000000000000000000000000000000000000000000000000000000000000000000000000000000000000000000000000000000000000000000000000000000000000000000000000000000
---
FUNC=memcpy
RA=00076e4d
DST=beea68d4
SRC=00170cd8
LEN=132
DATA=24e315000400000088a71800d500000000000000000000000000000000000000000000000000000000000000000000000000000000000000000000000000000000000000000000000000000000000000000000000000000000000000000000000000000000000000000000000000000000000000000000000000000000000000
---
FUNC=memmove
RA=00032e61
DST=b5c008d8
SRC=b5fc529c
LEN=22
DATA=e0409041b22e9a533f2cdf0a96eced03ff439a8f23a6
---
FUNC=memmove
RA=00032e61
DST=b5c008f8
SRC=b5c008d8
LEN=22
DATA=e0409041b22e9a533f2cdf0a96eced03ff439a8f23a6
---
FUNC=memmove
RA=00032e61
DST=b5c00918
SRC=b5c008f8
LEN=22
DATA=e0409041b22e9a533f2cdf0a96eced03ff439a8f23a6
---
FUNC=memmove
RA=00032e61
DST=b5c00938
SRC=b5c00918
LEN=22
DATA=e0409041b22e9a533f2cdf0a96eced03ff439a8f23a6
---
FUNC=memmove
RA=00032e61
DST=0014eff0
SRC=b5c00938
LEN=22
DATA=e0409041b22e9a533f2cdf0a96eced03ff439a8f23a6
---
FUNC=memmove
RA=00032e61
DST=0016b938
SRC=0014eff0
LEN=22
DATA=e0409041b22e9a533f2cdf0a96eced03ff439a8f23a6
---
FUNC=memcpy
RA=0005790f
DST=0016d4e8
SRC=000bc077
LEN=19
DATA=4c6f52612065786368616e6765206374782040
---
FUNC=memset
RA=00032679
DST=0014fc28
VAL=0
LEN=6
---
FUNC=memset
RA=00044c03
DST=0016d500
VAL=0
LEN=6
---
FUNC=memmove
RA=00032e61
DST=0014fc28
SRC=0016d500
LEN=6
DATA=9041b22e9a53
---
FUNC=memset
RA=00032679
DST=0016d500
VAL=0
LEN=6
---
FUNC=memset
RA=00032679
DST=0014f010
VAL=0
LEN=24
---
FUNC=memcpy
RA=0003c05b
DST=0014f010
SRC=0016b938
LEN=10
DATA=e0409041b22e9a533f2c
---
FUNC=memset
RA=0002f707
DST=0016d500
VAL=0
LEN=12
---
FUNC=stream
PHASE=pre
RA=0002f725
KEY=47be3dffb41ea35749c9290e6d2124e6b3e3842ab4e443bd0ac41eda045c2dbe
NONCE=e0409041b22e9a533f2c0000000000000000000000000000
LEN=12
IN=df0a96eced03ff439a8f23a6
---
FUNC=stream
PHASE=post
KEY=47be3dffb41ea35749c9290e6d2124e6b3e3842ab4e443bd0ac41eda045c2dbe
NONCE=e0409041b22e9a533f2c0000000000000000000000000000
LEN=12
OUT=ad60903e01ae940500000000
---
FUNC=memmove
RA=000560cd
DST=0014f010
SRC=0016d500
LEN=12
DATA=ad60903e01ae940500000000
---
FUNC=memmove
RA=0005613b
DST=0014f011
SRC=0014f010
LEN=11
DATA=ad60903e01ae9405000000
---
FUNC=memmove
RA=0005613b
DST=0014f012
SRC=0014f011
LEN=11
DATA=ad60903e01ae9405000000
---
FUNC=memmove
RA=0005613b
DST=0014f013
SRC=0014f012
LEN=11
DATA=ad60903e01ae9405000000
---
FUNC=memmove
RA=0005613b
DST=0014f014
SRC=0014f013
LEN=11
DATA=ad60903e01ae9405000000
---
FUNC=memmove
RA=0005613b
DST=0014f015
SRC=0014f014
LEN=11
DATA=ad60903e01ae9405000000
---
FUNC=memmove
RA=0005613b
DST=0014f016
SRC=0014f015
LEN=11
DATA=ad60903e01ae9405000000
---
FUNC=memmove
RA=0005613b
DST=0014f017
SRC=0014f016
LEN=11
DATA=ad60903e01ae9405000000
---
FUNC=memmove
RA=0005613b
DST=0014f018
SRC=0014f017
LEN=11
DATA=ad60903e01ae9405000000
---
FUNC=memmove
RA=0005613b
DST=0014f019
SRC=0014f018
LEN=11
DATA=ad60903e01ae9405000000
---
FUNC=memmove
RA=0005613b
DST=0014f01a
SRC=0014f019
LEN=11
DATA=ad60903e01ae9405000000
---
FUNC=memset
RA=00032679
DST=00161358
VAL=0
LEN=4
---
FUNC=memset
RA=000329ab
DST=001450d0
VAL=0
LEN=4
---
FUNC=gh_init
STATE=0016fa78
KEYLEN=0
OUTLEN=4
---
FUNC=gh_update
STATE=0016fa78
LEN=10
DATA=e0409041b22e9a533f2c
---
FUNC=gh_update
STATE=0016fa78
LEN=4
DATA=00000000
---
FUNC=gh_update
STATE=0016fa78
LEN=8
DATA=01ae940500000000
---
FUNC=gh_final
RA=0002eba3
STATE=0016fa78
OUTLEN=4
OUT=ad60903e
---
FUNC=memmove
RA=00032e61
DST=001612b8
SRC=00161358
LEN=4
DATA=ad60903e
---
FUNC=memcpy
RA=00055ddf
DST=beea6740
SRC=001612b8
LEN=4
DATA=ad60903e
---
FUNC=memmove
RA=00032e61
DST=0015eb70
SRC=0014fc28
LEN=6
DATA=9041b22e9a53
---
FUNC=memcpy
RA=0005a7eb
DST=00145128
SRC=000bcebc
LEN=4
DATA=73736964
---
FUNC=memcpy
RA=0005a7eb
DST=0016f138
SRC=000bcec1
LEN=7
DATA=61646f70746564
---
FUNC=memcpy
RA=0005a7eb
DST=0016ec18
SRC=000bcec9
LEN=6
DATA=7369676e616c
---
FUNC=memcpy
RA=0005a7eb
DST=0014f0e8
SRC=000bceaf
LEN=4
DATA=72737369
---
FUNC=memcpy
RA=0005a7eb
DST=beea6728
SRC=000bceda
LEN=15
DATA=646973636f76657279526573756c74
---
FUNC=memmove
RA=000699d7
DST=0016a780
SRC=0016ac88
LEN=213
DATA=010100000000006f7b226964223a2265633330353735372d316438612d343232612d613435642d303131346334396636393561222c226e616d65223a22646973636f76657279526573756c74222c2274696d657374616d70223a313737363739373933393836342c2274797065223a226576656e74227d02010000000000567b
---
FUNC=memcpy
RA=00078c61
DST=beea649c
SRC=beea6418
LEN=132
DATA=049516000400000080a71600d500000000000000000000000000000000000000000000000000000000000000000000000000000000000000000000000000000000000000000000000000000000000000000000000000000000000000000000000000000000000000000000000000000000000000000000000000000000000000
---
FUNC=memcpy
RA=00078c73
DST=beea6528
SRC=beea649c
LEN=132
DATA=049516000400000080a71600d500000000000000000000000000000000000000000000000000000000000000000000000000000000000000000000000000000000000000000000000000000000000000000000000000000000000000000000000000000000000000000000000000000000000000000000000000000000000000
---
FUNC=memcpy
RA=0007552f
DST=beea4288
SRC=00169504
LEN=4
DATA=827e00d5
---
FUNC=memcpy
RA=0007552f
DST=beea428c
SRC=0016a780
LEN=213
DATA=010100000000006f7b226964223a2265633330353735372d316438612d343232612d613435642d303131346334396636393561222c226e616d65223a22646973636f76657279526573756c74222c2274696d657374616d70223a313737363739373933393836342c2274797065223a226576656e74227d02010000000000567b
---
FUNC=memcpy
RA=00076e4d
DST=beea62f4
SRC=beea6528
LEN=132
DATA=049516000400000080a71600d500000000000000000000000000000000000000000000000000000000000000000000000000000000000000000000000000000000000000000000000000000000000000000000000000000000000000000000000000000000000000000000000000000000000000000000000000000000000000
---
FUNC=memcpy
RA=00076e4d
DST=00170cd8
SRC=beea62f4
LEN=132
DATA=049516000400000080a71600d500000000000000000000000000000000000000000000000000000000000000000000000000000000000000000000000000000000000000000000000000000000000000000000000000000000000000000000000000000000000000000000000000000000000000000000000000000000000000
---
FUNC=memcpy
RA=00076e4d
DST=beea68d4
SRC=00170cd8
LEN=132
DATA=049516000400000080a71600d500000000000000000000000000000000000000000000000000000000000000000000000000000000000000000000000000000000000000000000000000000000000000000000000000000000000000000000000000000000000000000000000000000000000000000000000000000000000000
---
FUNC=memmove
RA=00032e61
DST=b5c008d8
SRC=b5fc529c
LEN=22
DATA=e0409041b22e9a53403c866ffaa042b13c99ef4c991d
---
FUNC=memmove
RA=00032e61
DST=b5c008f8
SRC=b5c008d8
LEN=22
DATA=e0409041b22e9a53403c866ffaa042b13c99ef4c991d
---
FUNC=memmove
RA=00032e61
DST=b5c00918
SRC=b5c008f8
LEN=22
DATA=e0409041b22e9a53403c866ffaa042b13c99ef4c991d
---
FUNC=memmove
RA=00032e61
DST=b5c00938
SRC=b5c00918
LEN=22
DATA=e0409041b22e9a53403c866ffaa042b13c99ef4c991d
---
FUNC=memmove
RA=00032e61
DST=0016ed08
SRC=b5c00938
LEN=22
DATA=e0409041b22e9a53403c866ffaa042b13c99ef4c991d
---
FUNC=memmove
RA=00032e61
DST=0015eb08
SRC=0016ed08
LEN=22
DATA=e0409041b22e9a53403c866ffaa042b13c99ef4c991d
---
FUNC=memcpy
RA=0005790f
DST=00148fb0
SRC=000bc077
LEN=19
DATA=4c6f52612065786368616e6765206374782040
---
FUNC=memset
RA=00032679
DST=001620b0
VAL=0
LEN=6
---
FUNC=memset
RA=00044c03
DST=0016f150
VAL=0
LEN=6
---
FUNC=memmove
RA=00032e61
DST=001620b0
SRC=0016f150
LEN=6
DATA=9041b22e9a53
---
FUNC=memset
RA=00032679
DST=0016f150
VAL=0
LEN=6
---
FUNC=memset
RA=00032679
DST=00145990
VAL=0
LEN=24
---
FUNC=memcpy
RA=0003c05b
DST=00145990
SRC=0015eb08
LEN=10
DATA=e0409041b22e9a53403c
---
FUNC=memset
RA=0002f707
DST=0016f150
VAL=0
LEN=12
---
FUNC=stream
PHASE=pre
RA=0002f725
KEY=47be3dffb41ea35749c9290e6d2124e6b3e3842ab4e443bd0ac41eda045c2dbe
NONCE=e0409041b22e9a53403c0000000000000000000000000000
LEN=12
IN=866ffaa042b13c99ef4c991d
---
FUNC=stream
PHASE=post
KEY=47be3dffb41ea35749c9290e6d2124e6b3e3842ab4e443bd0ac41eda045c2dbe
NONCE=e0409041b22e9a53403c0000000000000000000000000000
LEN=12
OUT=1803823101ae940600000000
---
FUNC=memmove
RA=000560cd
DST=00145990
SRC=0016f150
LEN=12
DATA=1803823101ae940600000000
---
FUNC=memmove
RA=0005613b
DST=00145991
SRC=00145990
LEN=11
DATA=1803823101ae9406000000
---
FUNC=memmove
RA=0005613b
DST=00145992
SRC=00145991
LEN=11
DATA=1803823101ae9406000000
---
FUNC=memmove
RA=0005613b
DST=00145993
SRC=00145992
LEN=11
DATA=1803823101ae9406000000
---
FUNC=memmove
RA=0005613b
DST=00145994
SRC=00145993
LEN=11
DATA=1803823101ae9406000000
---
FUNC=memmove
RA=0005613b
DST=00145995
SRC=00145994
LEN=11
DATA=1803823101ae9406000000
---
FUNC=memmove
RA=0005613b
DST=00145996
SRC=00145995
LEN=11
DATA=1803823101ae9406000000
---
FUNC=memmove
RA=0005613b
DST=00145997
SRC=00145996
LEN=11
DATA=1803823101ae9406000000
---
FUNC=memmove
RA=0005613b
DST=00145998
SRC=00145997
LEN=11
DATA=1803823101ae9406000000
---
FUNC=memmove
RA=0005613b
DST=00145999
SRC=00145998
LEN=11
DATA=1803823101ae9406000000
---
FUNC=memmove
RA=0005613b
DST=0014599a
SRC=00145999
LEN=11
DATA=1803823101ae9406000000
---
FUNC=memset
RA=00032679
DST=0015eab8
VAL=0
LEN=4
---
FUNC=memset
RA=000329ab
DST=00161358
VAL=0
LEN=4
---
FUNC=gh_init
STATE=0016fa78
KEYLEN=0
OUTLEN=4
---
FUNC=gh_update
STATE=0016fa78
LEN=10
DATA=e0409041b22e9a53403c
---
FUNC=gh_update
STATE=0016fa78
LEN=4
DATA=00000000
---
FUNC=gh_update
STATE=0016fa78
LEN=8
DATA=01ae940600000000
---
FUNC=gh_final
RA=0002eba3
STATE=0016fa78
OUTLEN=4
OUT=18038231
---
FUNC=memmove
RA=00032e61
DST=001450d0
SRC=0015eab8
LEN=4
DATA=18038231
---
FUNC=memcpy
RA=00055ddf
DST=beea6740
SRC=001450d0
LEN=4
DATA=18038231
---
FUNC=memmove
RA=00032e61
DST=001492d0
SRC=001620b0
LEN=6
DATA=9041b22e9a53
---
FUNC=memcpy
RA=0005a7eb
DST=0014f0e8
SRC=000bcebc
LEN=4
DATA=73736964
---
FUNC=memcpy
RA=0005a7eb
DST=00161340
SRC=000bcec1
LEN=7
DATA=61646f70746564
---
FUNC=memcpy
RA=0005a7eb
DST=0016f318
SRC=000bcec9
LEN=6
DATA=7369676e616c
---
FUNC=memcpy
RA=0005a7eb
DST=0016b958
SRC=000bceaf
LEN=4
DATA=72737369
---
FUNC=memcpy
RA=0005a7eb
DST=beea6728
SRC=000bceda
LEN=15
DATA=646973636f76657279526573756c74
---
FUNC=memmove
RA=000699d7
DST=0016ac88
SRC=0018a788
LEN=213
DATA=010100000000006f7b226964223a2236386336353464652d396235302d343034312d393330332d653261666430336465653835222c226e616d65223a22646973636f76657279526573756c74222c2274696d657374616d70223a313737363739373934343836312c2274797065223a226576656e74227d02010000000000567b
---
FUNC=memcpy
RA=00078c61
DST=beea649c
SRC=beea6418
LEN=132
DATA=24e315000400000088ac1600d500000000000000000000000000000000000000000000000000000000000000000000000000000000000000000000000000000000000000000000000000000000000000000000000000000000000000000000000000000000000000000000000000000000000000000000000000000000000000
---
FUNC=memcpy
RA=00078c73
DST=beea6528
SRC=beea649c
LEN=132
DATA=24e315000400000088ac1600d500000000000000000000000000000000000000000000000000000000000000000000000000000000000000000000000000000000000000000000000000000000000000000000000000000000000000000000000000000000000000000000000000000000000000000000000000000000000000
---
FUNC=memcpy
RA=0007552f
DST=beea4288
SRC=0015e324
LEN=4
DATA=827e00d5
---
FUNC=memcpy
RA=0007552f
DST=beea428c
SRC=0016ac88
LEN=213
DATA=010100000000006f7b226964223a2236386336353464652d396235302d343034312d393330332d653261666430336465653835222c226e616d65223a22646973636f76657279526573756c74222c2274696d657374616d70223a313737363739373934343836312c2274797065223a226576656e74227d02010000000000567b
---
FUNC=memcpy
RA=00076e4d
DST=beea62f4
SRC=beea6528
LEN=132
DATA=24e315000400000088ac1600d500000000000000000000000000000000000000000000000000000000000000000000000000000000000000000000000000000000000000000000000000000000000000000000000000000000000000000000000000000000000000000000000000000000000000000000000000000000000000
---
FUNC=memcpy
RA=00076e4d
DST=00170cd8
SRC=beea62f4
LEN=132
DATA=24e315000400000088ac1600d500000000000000000000000000000000000000000000000000000000000000000000000000000000000000000000000000000000000000000000000000000000000000000000000000000000000000000000000000000000000000000000000000000000000000000000000000000000000000
---
FUNC=memcpy
RA=00076e4d
DST=beea68d4
SRC=00170cd8
LEN=132
DATA=24e315000400000088ac1600d500000000000000000000000000000000000000000000000000000000000000000000000000000000000000000000000000000000000000000000000000000000000000000000000000000000000000000000000000000000000000000000000000000000000000000000000000000000000000
---
FUNC=memmove
RA=00032e61
DST=b5c008d8
SRC=b5fc529c
LEN=22
DATA=e0409041b22e9a534134cd713baadd567cfde96677f7
---
FUNC=memmove
RA=00032e61
DST=b5c008f8
SRC=b5c008d8
LEN=22
DATA=e0409041b22e9a534134cd713baadd567cfde96677f7
---
FUNC=memmove
RA=00032e61
DST=b5c00918
SRC=b5c008f8
LEN=22
DATA=e0409041b22e9a534134cd713baadd567cfde96677f7
---
FUNC=memmove
RA=00032e61
DST=b5c00938
SRC=b5c00918
LEN=22
DATA=e0409041b22e9a534134cd713baadd567cfde96677f7
---
FUNC=memmove
RA=00032e61
DST=0014f150
SRC=b5c00938
LEN=22
DATA=e0409041b22e9a534134cd713baadd567cfde96677f7
---
FUNC=memmove
RA=00032e61
DST=0016f130
SRC=0014f150
LEN=22
DATA=e0409041b22e9a534134cd713baadd567cfde96677f7
---
FUNC=memcpy
RA=0005790f
DST=0014fb58
SRC=000bc077
LEN=19
DATA=4c6f52612065786368616e6765206374782040
---
FUNC=memset
RA=00032679
DST=0014fb70
VAL=0
LEN=6
---
FUNC=memset
RA=00044c03
DST=0016ebc0
VAL=0
LEN=6
---
FUNC=memmove
RA=00032e61
DST=0014fb70
SRC=0016ebc0
LEN=6
DATA=9041b22e9a53
---
FUNC=memset
RA=00032679
DST=0016ebc0
VAL=0
LEN=6
---
FUNC=memset
RA=00032679
DST=0014f170
VAL=0
LEN=24
---
FUNC=memcpy
RA=0003c05b
DST=0014f170
SRC=0016f130
LEN=10
DATA=e0409041b22e9a534134
---
FUNC=memset
RA=0002f707
DST=0016ebc0
VAL=0
LEN=12
---
FUNC=stream
PHASE=pre
RA=0002f725
KEY=47be3dffb41ea35749c9290e6d2124e6b3e3842ab4e443bd0ac41eda045c2dbe
NONCE=e0409041b22e9a5341340000000000000000000000000000
LEN=12
IN=cd713baadd567cfde96677f7
---
FUNC=stream
PHASE=post
KEY=47be3dffb41ea35749c9290e6d2124e6b3e3842ab4e443bd0ac41eda045c2dbe
NONCE=e0409041b22e9a5341340000000000000000000000000000
LEN=12
OUT=2539882b01ae940700000000
---
FUNC=memmove
RA=000560cd
DST=0014f170
SRC=0016ebc0
LEN=12
DATA=2539882b01ae940700000000
---
FUNC=memmove
RA=0005613b
DST=0014f171
SRC=0014f170
LEN=11
DATA=2539882b01ae9407000000
---
FUNC=memmove
RA=0005613b
DST=0014f172
SRC=0014f171
LEN=11
DATA=2539882b01ae9407000000
---
FUNC=memmove
RA=0005613b
DST=0014f173
SRC=0014f172
LEN=11
DATA=2539882b01ae9407000000
---
FUNC=memmove
RA=0005613b
DST=0014f174
SRC=0014f173
LEN=11
DATA=2539882b01ae9407000000
---
FUNC=memmove
RA=0005613b
DST=0014f175
SRC=0014f174
LEN=11
DATA=2539882b01ae9407000000
---
FUNC=memmove
RA=0005613b
DST=0014f176
SRC=0014f175
LEN=11
DATA=2539882b01ae9407000000
---
FUNC=memmove
RA=0005613b
DST=0014f177
SRC=0014f176
LEN=11
DATA=2539882b01ae9407000000
---
FUNC=memmove
RA=0005613b
DST=0014f178
SRC=0014f177
LEN=11
DATA=2539882b01ae9407000000
---
FUNC=memmove
RA=0005613b
DST=0014f179
SRC=0014f178
LEN=11
DATA=2539882b01ae9407000000
---
FUNC=memmove
RA=0005613b
DST=0014f17a
SRC=0014f179
LEN=11
DATA=2539882b01ae9407000000
---
FUNC=memset
RA=00032679
DST=001612b8
VAL=0
LEN=4
---
FUNC=memset
RA=000329ab
DST=0016f150
VAL=0
LEN=4
---
FUNC=gh_init
STATE=0016fa78
KEYLEN=0
OUTLEN=4
---
FUNC=gh_update
STATE=0016fa78
LEN=10
DATA=e0409041b22e9a534134
---
FUNC=gh_update
STATE=0016fa78
LEN=4
DATA=00000000
---
FUNC=gh_update
STATE=0016fa78
LEN=8
DATA=01ae940700000000
---
FUNC=gh_final
RA=0002eba3
STATE=0016fa78
OUTLEN=4
OUT=2539882b
---
FUNC=memmove
RA=00032e61
DST=001450d0
SRC=001612b8
LEN=4
DATA=2539882b
---
FUNC=memcpy
RA=00055ddf
DST=beea6740
SRC=001450d0
LEN=4
DATA=2539882b
---
FUNC=memmove
RA=00032e61
DST=001620b0
SRC=0014fb70
LEN=6
DATA=9041b22e9a53
---
FUNC=memcpy
RA=0005a7eb
DST=0016d4f0
SRC=000bcebc
LEN=4
DATA=73736964
---
FUNC=memcpy
RA=0005a7eb
DST=00160ff8
SRC=000bcec1
LEN=7
DATA=61646f70746564
---
FUNC=memcpy
RA=0005a7eb
DST=0015e680
SRC=000bcec9
LEN=6
DATA=7369676e616c
---
FUNC=memcpy
RA=0005a7eb
DST=00145998
SRC=000bceaf
LEN=4
DATA=72737369
---
FUNC=memcpy
RA=0005a7eb
DST=beea6728
SRC=000bceda
LEN=15
DATA=646973636f76657279526573756c74
---
FUNC=memmove
RA=000699d7
DST=0018a788
SRC=0016a780
LEN=213
DATA=010100000000006f7b226964223a2265363335346234622d626334322d346631372d383434362d623161396333306132373533222c226e616d65223a22646973636f76657279526573756c74222c2274696d657374616d70223a313737363739373934393836312c2274797065223a226576656e74227d02010000000000567b
---
FUNC=memcpy
RA=00078c61
DST=beea649c
SRC=beea6418
LEN=132
DATA=049516000400000088a71800d500000000000000000000000000000000000000000000000000000000000000000000000000000000000000000000000000000000000000000000000000000000000000000000000000000000000000000000000000000000000000000000000000000000000000000000000000000000000000
---
FUNC=memcpy
RA=00078c73
DST=beea6528
SRC=beea649c
LEN=132
DATA=049516000400000088a71800d500000000000000000000000000000000000000000000000000000000000000000000000000000000000000000000000000000000000000000000000000000000000000000000000000000000000000000000000000000000000000000000000000000000000000000000000000000000000000
---
FUNC=memcpy
RA=0007552f
DST=beea4288
SRC=00169504
LEN=4
DATA=827e00d5
---
FUNC=memcpy
RA=0007552f
DST=beea428c
SRC=0018a788
LEN=213
DATA=010100000000006f7b226964223a2265363335346234622d626334322d346631372d383434362d623161396333306132373533222c226e616d65223a22646973636f76657279526573756c74222c2274696d657374616d70223a313737363739373934393836312c2274797065223a226576656e74227d02010000000000567b
---
FUNC=memcpy
RA=00076e4d
DST=beea62f4
SRC=beea6528
LEN=132
DATA=049516000400000088a71800d500000000000000000000000000000000000000000000000000000000000000000000000000000000000000000000000000000000000000000000000000000000000000000000000000000000000000000000000000000000000000000000000000000000000000000000000000000000000000
---
FUNC=memcpy
RA=00076e4d
DST=00170cd8
SRC=beea62f4
LEN=132
DATA=049516000400000088a71800d500000000000000000000000000000000000000000000000000000000000000000000000000000000000000000000000000000000000000000000000000000000000000000000000000000000000000000000000000000000000000000000000000000000000000000000000000000000000000
---
FUNC=memcpy
RA=00076e4d
DST=beea68d4
SRC=00170cd8
LEN=132
DATA=049516000400000088a71800d500000000000000000000000000000000000000000000000000000000000000000000000000000000000000000000000000000000000000000000000000000000000000000000000000000000000000000000000000000000000000000000000000000000000000000000000000000000000000
---
FUNC=memmove
RA=00032e61
DST=0016a110
SRC=001711ba
LEN=6
DATA=00dcedb43f0f
---
FUNC=memmove
RA=00032e61
DST=beea6624
SRC=0016a112
LEN=4
DATA=edb43f0f
---
FUNC=memmove
RA=00036873
DST=0015e668
SRC=0016f210
LEN=4
DATA=226d6163
---
FUNC=memmove
RA=00036873
DST=0016e898
SRC=0015e668
LEN=8
DATA=2239303431423232
---
FUNC=memcpy
RA=00032be9
DST=00145998
SRC=beea60dc
LEN=12
DATA=393034314232324539413533
---
FUNC=memmove
RA=00036873
DST=0016fce0
SRC=0016e898
LEN=16
DATA=22633539323361383665313636653462
---
FUNC=memmove
RA=00036873
DST=0015e9d0
SRC=0016fce0
LEN=32
DATA=2263353932336138366531363665346266336638393539363433666631633234
---
FUNC=memmove
RA=00036873
DST=0016bbe0
SRC=0015e9d0
LEN=64
DATA=22633539323361383665313636653462663366383935393634336666316332343566393836313135656333343934366465643062383764633064376264333864
---
FUNC=memcpy
RA=00032be9
DST=0015e9d0
SRC=00176ae0
LEN=64
DATA=63353932336138366531363665346266336638393539363433666631633234356639383631313565633334393436646564306238376463306437626433386462
---
FUNC=memset
RA=00032679
DST=001450d0
VAL=0
LEN=6
---
FUNC=memset
RA=00032679
DST=0016fce0
VAL=0
LEN=32
---
FUNC=memcpy
RA=0005a7eb
DST=beea6230
SRC=000bcf41
LEN=11
DATA=66616c6c6261636b4b6579
---
FUNC=memmove
RA=00032e61
DST=0016f210
SRC=001450d0
LEN=6
DATA=9041b22e9a53
---
FUNC=memset
RA=00032679
DST=00160ff0
VAL=0
LEN=32
---
FUNC=memset
RA=00032679
DST=0016d5b8
VAL=0
LEN=32
---
FUNC=memset
RA=00032679
DST=0016d4e8
VAL=0
LEN=32
---
FUNC=memset
RA=00032679
DST=0015eb28
VAL=0
LEN=32
---
FUNC=memmove
RA=00032e61
DST=0015e698
SRC=0016fce0
LEN=32
DATA=c5923a86e166e4bf3f8959643ff1c245f986115ec34946ded0b87dc0d7bd38db
---
FUNC=memset
RA=00032679
DST=0015eaa0
VAL=0
LEN=32
---
FUNC=memset
RA=00032679
DST=00145120
VAL=0
LEN=32
---
FUNC=memset
RA=00032679
DST=00149198
VAL=0
LEN=32
---
FUNC=memset
RA=00032679
DST=0014fc10
VAL=0
LEN=32
---
FUNC=memmove
RA=00032e61
DST=0014fb58
SRC=0016fce0
LEN=32
DATA=c5923a86e166e4bf3f8959643ff1c245f986115ec34946ded0b87dc0d7bd38db
---
FUNC=memmove
RA=00032e61
DST=0016e8b0
SRC=0016bb10
LEN=32
DATA=47be3dffb41ea35749c9290e6d2124e6b3e3842ab4e443bd0ac41eda045c2dbe
---
FUNC=memmove
RA=00032e61
DST=0016f130
SRC=0016bb10
LEN=32
DATA=47be3dffb41ea35749c9290e6d2124e6b3e3842ab4e443bd0ac41eda045c2dbe
---
FUNC=memmove
RA=00032e61
DST=001492d0
SRC=001450d0
LEN=6
DATA=9041b22e9a53
---
FUNC=memmove
RA=00032e61
DST=00122ea0
SRC=001450d0
LEN=6
DATA=9041b22e9a53
---
FUNC=memmove
RA=00032e61
DST=0015ecd8
SRC=00122ea0
LEN=6
DATA=9041b22e9a53
---
FUNC=memmove
RA=000699d7
DST=0015e370
SRC=001620c0
LEN=132
DATA=01010000000000727b226572726f72223a22222c226572726f72436f6465223a302c226964223a2266333036316633632d303364332d346536622d383265382d643661643738613166653664222c2274696d657374616d70223a313737363739373935343034372c2274797065223a22726573706f6e7365227d020100000000
---
FUNC=memcpy
RA=0005a7eb
DST=0014f078
SRC=000c741b
LEN=8
DATA=6361706163697479
---
FUNC=memcpy
RA=0005a7eb
DST=00161fb8
SRC=000bf380
LEN=9
DATA=617661696c61626c65
---
FUNC=memcpy
RA=0005a7eb
DST=beea6968
SRC=000bce9f
LEN=15
DATA=64657673496e666f4368616e676564
---
FUNC=memmove
RA=000699d7
DST=0016da08
SRC=00168d50
LEN=166
DATA=010100000000006f7b226964223a2235613566336536652d353039302d343332652d396432332d343561363839633235613738222c226e616d65223a2264657673496e666f4368616e676564222c2274696d657374616d70223a313737363739373935343034392c2274797065223a226576656e74227d02010000000000277b
---
FUNC=memcpy
RA=00078c61
DST=beea649c
SRC=beea6418
LEN=132
DATA=54f716000400000070e315008400000024e315000400000008da1600a6000000000000000000000000000000000000000000000000000000000000000000000000000000000000000000000000000000000000000000000000000000000000000000000000000000000000000000000000000000000000000000000000000000
---
FUNC=memcpy
RA=00078c73
DST=beea6528
SRC=beea649c
LEN=132
DATA=54f716000400000070e315008400000024e315000400000008da1600a6000000000000000000000000000000000000000000000000000000000000000000000000000000000000000000000000000000000000000000000000000000000000000000000000000000000000000000000000000000000000000000000000000000
---
FUNC=memcpy
RA=0007552f
DST=beea4288
SRC=0016f754
LEN=4
DATA=827e0084
---
FUNC=memcpy
RA=0007552f
DST=beea428c
SRC=0015e370
LEN=132
DATA=01010000000000727b226572726f72223a22222c226572726f72436f6465223a302c226964223a2266333036316633632d303364332d346536622d383265382d643661643738613166653664222c2274696d657374616d70223a313737363739373935343034372c2274797065223a22726573706f6e7365227d020100000000
---
FUNC=memcpy
RA=0007552f
DST=beea4310
SRC=0015e324
LEN=4
DATA=827e00a6
---
FUNC=memcpy
RA=0007552f
DST=beea4314
SRC=0016da08
LEN=166
DATA=010100000000006f7b226964223a2235613566336536652d353039302d343332652d396432332d343561363839633235613738222c226e616d65223a2264657673496e666f4368616e676564222c2274696d657374616d70223a313737363739373935343034392c2274797065223a226576656e74227d02010000000000277b
---
FUNC=memcpy
RA=00076e4d
DST=beea62f4
SRC=beea6528
LEN=132
DATA=54f716000400000070e315008400000024e315000400000008da1600a6000000000000000000000000000000000000000000000000000000000000000000000000000000000000000000000000000000000000000000000000000000000000000000000000000000000000000000000000000000000000000000000000000000
---
FUNC=memcpy
RA=00076e4d
DST=00170cd8
SRC=beea62f4
LEN=132
DATA=54f716000400000070e315008400000024e315000400000008da1600a6000000000000000000000000000000000000000000000000000000000000000000000000000000000000000000000000000000000000000000000000000000000000000000000000000000000000000000000000000000000000000000000000000000
---
FUNC=memcpy
RA=00076e4d
DST=beea68d4
SRC=00170cd8
LEN=132
DATA=54f716000400000070e315008400000024e315000400000008da1600a6000000000000000000000000000000000000000000000000000000000000000000000000000000000000000000000000000000000000000000000000000000000000000000000000000000000000000000000000000000000000000000000000000000
---
FUNC=memmove
RA=00032e61
DST=0016a110
SRC=001711ba
LEN=6
DATA=00cb3bdbf9ff
---
FUNC=memmove
RA=00032e61
DST=beea6624
SRC=0016a112
LEN=4
DATA=3bdbf9ff
---
FUNC=memmove
RA=00036873
DST=0015e638
SRC=001620b0
LEN=4
DATA=226d6163
---
FUNC=memmove
RA=00036873
DST=00161018
SRC=0015e638
LEN=8
DATA=2239303431423232
---
FUNC=memcpy
RA=00032be9
DST=00162158
SRC=beea60c4
LEN=12
DATA=393034314232324539413533
---
FUNC=memcpy
RA=00032be9
DST=0014e8b8
SRC=beea60c4
LEN=4
DATA=64617461
---
FUNC=memcpy
RA=00032be9
DST=0016f318
SRC=beea60c4
LEN=4
DATA=30393863
---
FUNC=memcpy
RA=00032be9
DST=0016d8e0
SRC=beea60c4
LEN=4
DATA=64757479
---
FUNC=memcpy
RA=00032be9
DST=0016ebe8
SRC=beea60c4
LEN=7
DATA=74696d656f7574
---
FUNC=memset
RA=00032679
DST=0016ed28
VAL=0
LEN=6
---
FUNC=memcpy
RA=0005a7eb
DST=beea6240
SRC=000ae817
LEN=4
DATA=64617461
---
FUNC=memcpy
RA=0005a7eb
DST=beea6240
SRC=000bcf90
LEN=4
DATA=64757479
---
FUNC=memcpy
RA=0005a7eb
DST=beea6240
SRC=000be5db
LEN=7
DATA=74696d656f7574
---
FUNC=memmove
RA=00032e61
DST=0015e638
SRC=0016ed28
LEN=6
DATA=9041b22e9a53
---
FUNC=memmove
RA=00032e61
DST=0014e960
SRC=0015e638
LEN=6
DATA=9041b22e9a53
---
FUNC=memmove
RA=00032e61
DST=0015e648
SRC=0014e960
LEN=6
DATA=9041b22e9a53
---
FUNC=memmove
RA=00032e61
DST=0014e960
SRC=0015e648
LEN=6
DATA=9041b22e9a53
---
FUNC=memmove
RA=00032e61
DST=0015e648
SRC=0014e960
LEN=6
DATA=9041b22e9a53
---
FUNC=memmove
RA=00032e61
DST=0016a110
SRC=001711ba
LEN=6
DATA=00d3ec1cc2c6
---
FUNC=memmove
RA=00032e61
DST=beea6624
SRC=0016a112
LEN=4
DATA=ec1cc2c6
---
FUNC=memmove
RA=00036873
DST=001620b0
SRC=0016ed28
LEN=4
DATA=226d6163
---
FUNC=memmove
RA=00036873
DST=0015ea88
SRC=001620b0
LEN=8
DATA=2239303431423232
---
FUNC=memcpy
RA=00032be9
DST=00162158
SRC=beea60c4
LEN=12
DATA=393034314232324539413533
---
FUNC=memcpy
RA=00032be9
DST=00161310
SRC=beea60c4
LEN=4
DATA=64617461
---
FUNC=memcpy
RA=00032be9
DST=0016ed10
SRC=beea60c4
LEN=12
DATA=306238643131303130643134
---
FUNC=memcpy
RA=00032be9
DST=0016d548
SRC=beea60c4
LEN=4
DATA=64757479
---
FUNC=memcpy
RA=00032be9
DST=0016f108
SRC=beea60c4
LEN=7
DATA=74696d656f7574
---
FUNC=memset
RA=00032679
DST=001450d0
VAL=0
LEN=6
---
FUNC=memcpy
RA=0005a7eb
DST=beea6240
SRC=000ae817
LEN=4
DATA=64617461
---
FUNC=memset
RA=00032679
DST=0016ed28
VAL=0
LEN=6
---
FUNC=memcpy
RA=0005a7eb
DST=beea6240
SRC=000bcf90
LEN=4
DATA=64757479
---
FUNC=memcpy
RA=0005a7eb
DST=beea6240
SRC=000be5db
LEN=7
DATA=74696d656f7574
---
FUNC=memmove
RA=00032e61
DST=001620b0
SRC=001450d0
LEN=6
DATA=9041b22e9a53
---
FUNC=memmove
RA=00032e61
DST=0014e960
SRC=001620b0
LEN=6
DATA=9041b22e9a53
---
FUNC=memmove
RA=00032e61
DST=00122ed0
SRC=0014e960
LEN=6
DATA=9041b22e9a53
---
FUNC=memmove
RA=00032e61
DST=0014e960
SRC=00122ed0
LEN=6
DATA=9041b22e9a53
---
FUNC=memmove
RA=00032e61
DST=00122ed0
SRC=0014e960
LEN=6
DATA=9041b22e9a53
---
FUNC=memmove
RA=00032e61
DST=0014ef30
SRC=0016ed28
LEN=6
DATA=0b8d11010d14
---
FUNC=memmove
RA=00032e61
DST=0016a110
SRC=00171295
LEN=6
DATA=01535a47c938
---
FUNC=memmove
RA=00032e61
DST=beea6624
SRC=0016a112
LEN=4
DATA=5a47c938
---
FUNC=memmove
RA=00036873
DST=001620b0
SRC=0016ed28
LEN=4
DATA=226d6163
---
FUNC=memmove
RA=00036873
DST=0014e970
SRC=001620b0
LEN=8
DATA=2239303431423232
---
FUNC=memcpy
RA=00032be9
DST=0016ed10
SRC=beea60c4
LEN=12
DATA=393034314232324539413533
---
FUNC=memcpy
RA=00032be9
DST=0016d1b0
SRC=beea60c4
LEN=4
DATA=64617461
---
FUNC=memmove
RA=00036873
DST=0015e7d8
SRC=0014e970
LEN=16
DATA=22303238653039336665616666383866
---
FUNC=memmove
RA=00036873
DST=0015e9d0
SRC=0015e7d8
LEN=32
DATA=2230323865303933666561666638386666343135343136373565373561653038
---
FUNC=memmove
RA=00036873
DST=0016bbe0
SRC=0015e9d0
LEN=64
DATA=22303238653039336665616666383866663431353431363735653735616530386230306631613561376166326262363666393063636163626135303031363239
---
FUNC=memmove
RA=00036873
DST=0016e258
SRC=0016bbe0
LEN=128
DATA=2230323865303933666561666638386666343135343136373565373561653038623030663161356137616632626236366639306363616362613530303136323962313134336663666662666131633531333362613765313265323632376436313830383937626362656531306566386532333761306663386137356161373430
---
FUNC=memcpy
RA=00032be9
DST=00170090
SRC=00148d08
LEN=140
DATA=3032386530393366656166663838666634313534313637356537356165303862303066316135613761663262623636663930636361636261353030313632396231313433666366666266613163353133336261376531326532363237643631383038393762636265653130656638653233376130666338613735616137343065
---
FUNC=memcpy
RA=00032be9
DST=0014e938
SRC=00148d08
LEN=4
DATA=64757479
---
FUNC=memcpy
RA=00032be9
DST=0014e878
SRC=00148d08
LEN=7
DATA=74696d656f7574
---
FUNC=memset
RA=00032679
DST=001612a8
VAL=0
LEN=6
---
FUNC=memcpy
RA=0005a7eb
DST=beea6240
SRC=000ae817
LEN=4
DATA=64617461
---
FUNC=memset
RA=00032679
DST=00148200
VAL=0
LEN=70
---
FUNC=memcpy
RA=0005a7eb
DST=beea6240
SRC=000bcf90
LEN=4
DATA=64757479
---
FUNC=memcpy
RA=0005a7eb
DST=beea6240
SRC=000be5db
LEN=7
DATA=74696d656f7574
---
FUNC=memmove
RA=00032e61
DST=0016ed28
SRC=001612a8
LEN=6
DATA=9041b22e9a53
---
FUNC=memmove
RA=00032e61
DST=001620b0
SRC=0016ed28
LEN=6
DATA=9041b22e9a53
---
FUNC=memmove
RA=00032e61
DST=0014e960
SRC=001620b0
LEN=6
DATA=9041b22e9a53
---
FUNC=memmove
RA=00032e61
DST=001620b0
SRC=0014e960
LEN=6
DATA=9041b22e9a53
---
FUNC=memmove
RA=00032e61
DST=0014e960
SRC=001620b0
LEN=6
DATA=9041b22e9a53
---
FUNC=memmove
RA=00032e61
DST=0016fd70
SRC=00148200
LEN=70
DATA=028e093feaff88ff41541675e75ae08b00f1a5a7af2bb66f90ccacba5001629b1143fcffbfa1c5133ba7e12e2627d6180897bcbee10ef8e237a0fc8a75aa740ea9320000048f
---
FUNC=memmove
RA=00032e61
DST=b5c008d8
SRC=b5fc529c
LEN=22
DATA=e0409041b22e9a534220c0865a768d6c0b3b7cf85b9b
---
FUNC=memmove
RA=00032e61
DST=b5c008f8
SRC=b5c008d8
LEN=22
DATA=e0409041b22e9a534220c0865a768d6c0b3b7cf85b9b
---
FUNC=memmove
RA=00032e61
DST=b5c00918
SRC=b5c008f8
LEN=22
DATA=e0409041b22e9a534220c0865a768d6c0b3b7cf85b9b
---
FUNC=memmove
RA=00032e61
DST=b5c00938
SRC=b5c00918
LEN=22
DATA=e0409041b22e9a534220c0865a768d6c0b3b7cf85b9b
---
FUNC=memmove
RA=00032e61
DST=0016ee80
SRC=b5c00938
LEN=22
DATA=e0409041b22e9a534220c0865a768d6c0b3b7cf85b9b
---
FUNC=memmove
RA=00032e61
DST=0014f070
SRC=0016ee80
LEN=22
DATA=e0409041b22e9a534220c0865a768d6c0b3b7cf85b9b
---
FUNC=memcpy
RA=0005790f
DST=0016b938
SRC=000bc077
LEN=19
DATA=4c6f52612065786368616e6765206374782040
---
FUNC=memset
RA=00032679
DST=0014eb08
VAL=0
LEN=6
---
FUNC=memset
RA=00044c03
DST=0015ed78
VAL=0
LEN=6
---
FUNC=memmove
RA=00032e61
DST=0014eb08
SRC=0015ed78
LEN=6
DATA=9041b22e9a53
---
FUNC=memset
RA=00032679
DST=0015ed78
VAL=0
LEN=6
---
FUNC=memset
RA=00032679
DST=00145990
VAL=0
LEN=24
---
FUNC=memcpy
RA=0003c05b
DST=00145990
SRC=0014f070
LEN=10
DATA=e0409041b22e9a534220
---
FUNC=memset
RA=0002f707
DST=0015ed78
VAL=0
LEN=12
---
FUNC=stream
PHASE=pre
RA=0002f725
KEY=47be3dffb41ea35749c9290e6d2124e6b3e3842ab4e443bd0ac41eda045c2dbe
NONCE=e0409041b22e9a5342200000000000000000000000000000
LEN=12
IN=c0865a768d6c0b3b7cf85b9b
---
FUNC=stream
PHASE=post
KEY=47be3dffb41ea35749c9290e6d2124e6b3e3842ab4e443bd0ac41eda045c2dbe
NONCE=e0409041b22e9a5342200000000000000000000000000000
LEN=12
OUT=d11a2aaa01ae940800000000
---
FUNC=memmove
RA=000560cd
DST=00145990
SRC=0015ed78
LEN=12
DATA=d11a2aaa01ae940800000000
---
FUNC=memmove
RA=0005613b
DST=00145991
SRC=00145990
LEN=11
DATA=d11a2aaa01ae9408000000
---
FUNC=memmove
RA=0005613b
DST=00145992
SRC=00145991
LEN=11
DATA=d11a2aaa01ae9408000000
---
FUNC=memmove
RA=0005613b
DST=00145993
SRC=00145992
LEN=11
DATA=d11a2aaa01ae9408000000
---
FUNC=memmove
RA=0005613b
DST=00145994
SRC=00145993
LEN=11
DATA=d11a2aaa01ae9408000000
---
FUNC=memmove
RA=0005613b
DST=00145995
SRC=00145994
LEN=11
DATA=d11a2aaa01ae9408000000
---
FUNC=memmove
RA=0005613b
DST=00145996
SRC=00145995
LEN=11
DATA=d11a2aaa01ae9408000000
---
FUNC=memmove
RA=0005613b
DST=00145997
SRC=00145996
LEN=11
DATA=d11a2aaa01ae9408000000
---
FUNC=memmove
RA=0005613b
DST=00145998
SRC=00145997
LEN=11
DATA=d11a2aaa01ae9408000000
---
FUNC=memmove
RA=0005613b
DST=00145999
SRC=00145998
LEN=11
DATA=d11a2aaa01ae9408000000
---
FUNC=memmove
RA=0005613b
DST=0014599a
SRC=00145999
LEN=11
DATA=d11a2aaa01ae9408000000
---
FUNC=memset
RA=00032679
DST=0015e9a8
VAL=0
LEN=4
---
FUNC=memset
RA=000329ab
DST=00161328
VAL=0
LEN=4
---
FUNC=gh_init
STATE=0015e460
KEYLEN=0
OUTLEN=4
---
FUNC=gh_update
STATE=0015e460
LEN=10
DATA=e0409041b22e9a534220
---
FUNC=gh_update
STATE=0015e460
LEN=4
DATA=00000000
---
FUNC=gh_update
STATE=0015e460
LEN=8
DATA=01ae940800000000
---
FUNC=gh_final
RA=0002eba3
STATE=0015e460
OUTLEN=4
OUT=d11a2aaa
---
FUNC=memmove
RA=00032e61
DST=0016d560
SRC=0015e9a8
LEN=4
DATA=d11a2aaa
---
FUNC=memcpy
RA=00055ddf
DST=beea6628
SRC=0016d560
LEN=4
DATA=d11a2aaa
---
FUNC=memset
RA=00032679
DST=0015f1f8
VAL=0
LEN=6
---
FUNC=memmove
RA=00032e61
DST=0015f1f8
SRC=0016f210
LEN=6
DATA=9041b22e9a53
---
FUNC=memset
RA=000329ab
DST=0015f292
VAL=0
LEN=6
---
FUNC=memcpy
RA=00038bcd
DST=0015f292
SRC=0015f1f8
LEN=6
DATA=9041b22e9a53
---
FUNC=memmove
RA=000329bd
DST=0015f2b0
SRC=0015f290
LEN=8
DATA=e0629041b22e9a53
---
FUNC=memset
RA=0003298b
DST=0015f2ba
VAL=0
LEN=4
---
FUNC=randombytes
RA=0003af2f
LEN=32
BUF=d1e7f01b190cc38c2da89474125694fa0ab0d423db3ea73aa20591839ee489e1
---
FUNC=memmove
RA=00032e61
DST=0014e2f4
SRC=0016d5b8
LEN=32
DATA=186fc45bd0fd49c380bc2f0e16790ce4143cebc5ed07d0eb1c3785efab1c1a6e
---
FUNC=memset
RA=000329ab
DST=00162018
VAL=0
LEN=32
---
FUNC=memmove
RA=000329bd
DST=00162008
SRC=0015f2b0
LEN=16
DATA=e0629041b22e9a535005000000000101
---
FUNC=memmove
RA=000329bd
DST=0015e308
SRC=00162008
LEN=48
DATA=e0629041b22e9a535005000000000101186fc45bd0fd49c380bc2f0e16790ce4143cebc5ed07d0eb1c3785efab1c1a6e
---
FUNC=memmove
RA=00032e61
DST=0014e8a0
SRC=0015e308
LEN=55
DATA=e0629041b22e9a535005000000000101186fc45bd0fd49c380bc2f0e16790ce4143cebc5ed07d0eb1c3785efab1c1a6e0a000203feff03
---
FUNC=memset
RA=00032679
DST=0015f130
VAL=0
LEN=4
---
FUNC=memset
RA=000329ab
DST=0015f1f8
VAL=0
LEN=4
---
FUNC=gh_init
STATE=0015e460
KEYLEN=0
OUTLEN=4
---
FUNC=gh_update
STATE=0015e460
LEN=10
DATA=e0629041b22e9a535005
---
FUNC=gh_update
STATE=0015e460
LEN=4
DATA=00000000
---
FUNC=gh_update
STATE=0015e460
LEN=41
DATA=0101186fc45bd0fd49c380bc2f0e16790ce4143cebc5ed07d0eb1c3785efab1c1a6e0a000203feff03
---
FUNC=gh_final
RA=0002eba3
STATE=0015e460
OUTLEN=4
OUT=b2dd28cd
---
FUNC=memmove
RA=00032e61
DST=0015f280
SRC=0015f130
LEN=4
DATA=b2dd28cd
---
FUNC=memcpy
RA=00055ddf
DST=beea6510
SRC=0015f280
LEN=4
DATA=b2dd28cd
---
FUNC=memset
RA=000329ab
DST=0015f280
VAL=0
LEN=4
---
FUNC=memmove
RA=00055e85
DST=0014e8aa
SRC=0015f280
LEN=4
DATA=b2dd28cd
---
FUNC=memset
RA=00032679
DST=0016f310
VAL=0
LEN=24
---
FUNC=memcpy
RA=0003c05b
DST=0016f310
SRC=0014e8a0
LEN=10
DATA=e0629041b22e9a535005
---
FUNC=memset
RA=0002f707
DST=00162008
VAL=0
LEN=45
---
FUNC=stream
PHASE=pre
RA=0002f725
KEY=47be3dffb41ea35749c9290e6d2124e6b3e3842ab4e443bd0ac41eda045c2dbe
NONCE=e0629041b22e9a5350050000000000000000000000000000
LEN=45
IN=b2dd28cd0101186fc45bd0fd49c380bc2f0e16790ce4143cebc5ed07d0eb1c3785efab1c1a6e0a000203feff03
---
FUNC=stream
PHASE=post
KEY=47be3dffb41ea35749c9290e6d2124e6b3e3842ab4e443bd0ac41eda045c2dbe
NONCE=e0629041b22e9a5350050000000000000000000000000000
LEN=45
OUT=8d7817f3b4378333fbb8e6eabb1efb58c27f469a8b957c8f07821b770e32b8cd727f1392b88a67cd8abf65e344
---
FUNC=memmove
RA=000560cd
DST=0016d198
SRC=00162008
LEN=45
DATA=8d7817f3b4378333fbb8e6eabb1efb58c27f469a8b957c8f07821b770e32b8cd727f1392b88a67cd8abf65e344
---
FUNC=memmove
RA=0005613b
DST=0016d199
SRC=0016d198
LEN=44
DATA=8d7817f3b4378333fbb8e6eabb1efb58c27f469a8b957c8f07821b770e32b8cd727f1392b88a67cd8abf65e3
---
FUNC=memmove
RA=0005613b
DST=0016d19a
SRC=0016d199
LEN=44
DATA=8d7817f3b4378333fbb8e6eabb1efb58c27f469a8b957c8f07821b770e32b8cd727f1392b88a67cd8abf65e3
---
FUNC=memmove
RA=0005613b
DST=0016d19b
SRC=0016d19a
LEN=44
DATA=8d7817f3b4378333fbb8e6eabb1efb58c27f469a8b957c8f07821b770e32b8cd727f1392b88a67cd8abf65e3
---
FUNC=memmove
RA=0005613b
DST=0016d19c
SRC=0016d19b
LEN=44
DATA=8d7817f3b4378333fbb8e6eabb1efb58c27f469a8b957c8f07821b770e32b8cd727f1392b88a67cd8abf65e3
---
FUNC=memmove
RA=0005613b
DST=0016d19d
SRC=0016d19c
LEN=44
DATA=8d7817f3b4378333fbb8e6eabb1efb58c27f469a8b957c8f07821b770e32b8cd727f1392b88a67cd8abf65e3
---
FUNC=memmove
RA=0005613b
DST=0016d19e
SRC=0016d19d
LEN=44
DATA=8d7817f3b4378333fbb8e6eabb1efb58c27f469a8b957c8f07821b770e32b8cd727f1392b88a67cd8abf65e3
---
FUNC=memmove
RA=0005613b
DST=0016d19f
SRC=0016d19e
LEN=44
DATA=8d7817f3b4378333fbb8e6eabb1efb58c27f469a8b957c8f07821b770e32b8cd727f1392b88a67cd8abf65e3
---
FUNC=memmove
RA=0005613b
DST=0016d1a0
SRC=0016d19f
LEN=44
DATA=8d7817f3b4378333fbb8e6eabb1efb58c27f469a8b957c8f07821b770e32b8cd727f1392b88a67cd8abf65e3
---
FUNC=memmove
RA=0005613b
DST=0016d1a1
SRC=0016d1a0
LEN=44
DATA=8d7817f3b4378333fbb8e6eabb1efb58c27f469a8b957c8f07821b770e32b8cd727f1392b88a67cd8abf65e3
---
FUNC=memmove
RA=0005613b
DST=0016d1a2
SRC=0016d1a1
LEN=44
DATA=8d7817f3b4378333fbb8e6eabb1efb58c27f469a8b957c8f07821b770e32b8cd727f1392b88a67cd8abf65e3
---
FUNC=memmove
RA=00032e61
DST=0014e8a0
SRC=0016d198
LEN=55
DATA=e0629041b22e9a5350058d7817f3b4378333fbb8e6eabb1efb58c27f469a8b957c8f07821b770e32b8cd727f1392b88a67cd8abf65e344
---
FUNC=memmove
RA=00032e61
DST=0016f0f0
SRC=0014e8a0
LEN=55
DATA=e0629041b22e9a5350058d7817f3b4378333fbb8e6eabb1efb58c27f469a8b957c8f07821b770e32b8cd727f1392b88a67cd8abf65e344
---
FUNC=memmove
RA=00032e61
DST=0016ebd0
SRC=0016f0f0
LEN=55
DATA=e0629041b22e9a5350058d7817f3b4378333fbb8e6eabb1efb58c27f469a8b957c8f07821b770e32b8cd727f1392b88a67cd8abf65e344
---
FUNC=memmove
RA=00032e61
DST=0015f168
SRC=0016f210
LEN=6
DATA=9041b22e9a53
---
FUNC=memcpy
RA=0005a7eb
DST=0015f3b8
SRC=000bcebc
LEN=4
DATA=73736964
---
FUNC=memcpy
RA=0005a7eb
DST=0015f400
SRC=000bcec1
LEN=7
DATA=61646f70746564
---
FUNC=memcpy
RA=0005a7eb
DST=0015f448
SRC=000bcec9
LEN=6
DATA=7369676e616c
---
FUNC=memcpy
RA=0005a7eb
DST=0015f468
SRC=000bceaf
LEN=4
DATA=72737369
---
FUNC=memcpy
RA=0005a7eb
DST=beea6610
SRC=000bceda
LEN=15
DATA=646973636f76657279526573756c74
---
FUNC=memmove
RA=000699d7
DST=0016a780
SRC=0016ac88
LEN=213
DATA=010100000000006f7b226964223a2235386631353064632d303365612d346231652d393166332d363637333662663966663361222c226e616d65223a22646973636f76657279526573756c74222c2274696d657374616d70223a313737363739373935343837302c2274797065223a226576656e74227d02010000000000567b
---
FUNC=memcpy
RA=00078c61
DST=beea649c
SRC=beea6418
LEN=132
DATA=54f716000400000080a71600d500000000000000000000000000000000000000000000000000000000000000000000000000000000000000000000000000000000000000000000000000000000000000000000000000000000000000000000000000000000000000000000000000000000000000000000000000000000000000
---
FUNC=memcpy
RA=00078c73
DST=beea6528
SRC=beea649c
LEN=132
DATA=54f716000400000080a71600d500000000000000000000000000000000000000000000000000000000000000000000000000000000000000000000000000000000000000000000000000000000000000000000000000000000000000000000000000000000000000000000000000000000000000000000000000000000000000
---
FUNC=memcpy
RA=0007552f
DST=beea4288
SRC=0016f754
LEN=4
DATA=827e00d5
---
FUNC=memcpy
RA=0007552f
DST=beea428c
SRC=0016a780
LEN=213
DATA=010100000000006f7b226964223a2235386631353064632d303365612d346231652d393166332d363637333662663966663361222c226e616d65223a22646973636f76657279526573756c74222c2274696d657374616d70223a313737363739373935343837302c2274797065223a226576656e74227d02010000000000567b
---
FUNC=memcpy
RA=00076e4d
DST=beea62f4
SRC=beea6528
LEN=132
DATA=54f716000400000080a71600d500000000000000000000000000000000000000000000000000000000000000000000000000000000000000000000000000000000000000000000000000000000000000000000000000000000000000000000000000000000000000000000000000000000000000000000000000000000000000
---
FUNC=memcpy
RA=00076e4d
DST=00170cd8
SRC=beea62f4
LEN=132
DATA=54f716000400000080a71600d500000000000000000000000000000000000000000000000000000000000000000000000000000000000000000000000000000000000000000000000000000000000000000000000000000000000000000000000000000000000000000000000000000000000000000000000000000000000000
---
FUNC=memcpy
RA=00076e4d
DST=beea68d4
SRC=00170cd8
LEN=132
DATA=54f716000400000080a71600d500000000000000000000000000000000000000000000000000000000000000000000000000000000000000000000000000000000000000000000000000000000000000000000000000000000000000000000000000000000000000000000000000000000000000000000000000000000000000
---
FUNC=memmove
RA=00032e61
DST=b5c00958
SRC=b5fc529c
LEN=63
DATA=e0429041b22e9a534305d3825c17c9ab59fad0e6495d4341e4eb022d9cd18af3d76a588b2f60d73e05621858a665ac95a4dbe0c2c3f86990fdd5fa1a3165c3
---
FUNC=memmove
RA=00032e61
DST=b5c009a0
SRC=b5c00958
LEN=63
DATA=e0429041b22e9a534305d3825c17c9ab59fad0e6495d4341e4eb022d9cd18af3d76a588b2f60d73e05621858a665ac95a4dbe0c2c3f86990fdd5fa1a3165c3
---
FUNC=memmove
RA=00032e61
DST=b5c009e8
SRC=b5c009a0
LEN=63
DATA=e0429041b22e9a534305d3825c17c9ab59fad0e6495d4341e4eb022d9cd18af3d76a588b2f60d73e05621858a665ac95a4dbe0c2c3f86990fdd5fa1a3165c3
---
FUNC=memmove
RA=00032e61
DST=b5c00bf0
SRC=b5c009e8
LEN=63
DATA=e0429041b22e9a534305d3825c17c9ab59fad0e6495d4341e4eb022d9cd18af3d76a588b2f60d73e05621858a665ac95a4dbe0c2c3f86990fdd5fa1a3165c3
---
FUNC=memmove
RA=00032e61
DST=0016e408
SRC=b5c00bf0
LEN=63
DATA=e0429041b22e9a534305d3825c17c9ab59fad0e6495d4341e4eb022d9cd18af3d76a588b2f60d73e05621858a665ac95a4dbe0c2c3f86990fdd5fa1a3165c3
---
FUNC=memmove
RA=00032e61
DST=b5c00bf0
SRC=0016e408
LEN=63
DATA=e0429041b22e9a534305d3825c17c9ab59fad0e6495d4341e4eb022d9cd18af3d76a588b2f60d73e05621858a665ac95a4dbe0c2c3f86990fdd5fa1a3165c3
---
FUNC=memcpy
RA=0005790f
DST=0015f050
SRC=000bc077
LEN=19
DATA=4c6f52612065786368616e6765206374782040
---
FUNC=memset
RA=00032679
DST=0015f1a0
VAL=0
LEN=6
---
FUNC=memset
RA=00044c03
DST=0015f0b0
VAL=0
LEN=6
---
FUNC=memmove
RA=00032e61
DST=0015f1a0
SRC=0015f0b0
LEN=6
DATA=9041b22e9a53
---
FUNC=memset
RA=00032679
DST=0015f0b0
VAL=0
LEN=6
---
FUNC=memset
RA=00032679
DST=0015f4f0
VAL=0
LEN=24
---
FUNC=memcpy
RA=0003c05b
DST=0015f4f0
SRC=b5c00bf0
LEN=10
DATA=e0429041b22e9a534305
---
FUNC=memset
RA=0002f707
DST=0016f0f0
VAL=0
LEN=53
---
FUNC=stream
PHASE=pre
RA=0002f725
KEY=47be3dffb41ea35749c9290e6d2124e6b3e3842ab4e443bd0ac41eda045c2dbe
NONCE=e0429041b22e9a5343050000000000000000000000000000
LEN=53
IN=d3825c17c9ab59fad0e6495d4341e4eb022d9cd18af3d76a588b2f60d73e05621858a665ac95a4dbe0c2c3f86990fdd5fa1a3165c3
---
FUNC=stream
PHASE=post
KEY=47be3dffb41ea35749c9290e6d2124e6b3e3842ab4e443bd0ac41eda045c2dbe
NONCE=e0429041b22e9a5343050000000000000000000000000000
LEN=53
OUT=a028f54601020165ba3fa76b7cac8e42199a58ad5338d933ab1601ba0404ffaf8bbfbe6df82102a94197a00997e1d89c9403feff03
---
FUNC=memmove
RA=000560cd
DST=0015e9d0
SRC=0016f0f0
LEN=53
DATA=a028f54601020165ba3fa76b7cac8e42199a58ad5338d933ab1601ba0404ffaf8bbfbe6df82102a94197a00997e1d89c9403feff03
---
FUNC=memmove
RA=0005613b
DST=0015e9d1
SRC=0015e9d0
LEN=52
DATA=a028f54601020165ba3fa76b7cac8e42199a58ad5338d933ab1601ba0404ffaf8bbfbe6df82102a94197a00997e1d89c9403feff
---
FUNC=memmove
RA=0005613b
DST=0015e9d2
SRC=0015e9d1
LEN=52
DATA=a028f54601020165ba3fa76b7cac8e42199a58ad5338d933ab1601ba0404ffaf8bbfbe6df82102a94197a00997e1d89c9403feff
---
FUNC=memmove
RA=0005613b
DST=0015e9d3
SRC=0015e9d2
LEN=52
DATA=a028f54601020165ba3fa76b7cac8e42199a58ad5338d933ab1601ba0404ffaf8bbfbe6df82102a94197a00997e1d89c9403feff
---
FUNC=memmove
RA=0005613b
DST=0015e9d4
SRC=0015e9d3
LEN=52
DATA=a028f54601020165ba3fa76b7cac8e42199a58ad5338d933ab1601ba0404ffaf8bbfbe6df82102a94197a00997e1d89c9403feff
---
FUNC=memmove
RA=0005613b
DST=0015e9d5
SRC=0015e9d4
LEN=52
DATA=a028f54601020165ba3fa76b7cac8e42199a58ad5338d933ab1601ba0404ffaf8bbfbe6df82102a94197a00997e1d89c9403feff
---
FUNC=memmove
RA=0005613b
DST=0015e9d6
SRC=0015e9d5
LEN=52
DATA=a028f54601020165ba3fa76b7cac8e42199a58ad5338d933ab1601ba0404ffaf8bbfbe6df82102a94197a00997e1d89c9403feff
---
FUNC=memmove
RA=0005613b
DST=0015e9d7
SRC=0015e9d6
LEN=52
DATA=a028f54601020165ba3fa76b7cac8e42199a58ad5338d933ab1601ba0404ffaf8bbfbe6df82102a94197a00997e1d89c9403feff
---
FUNC=memmove
RA=0005613b
DST=0015e9d8
SRC=0015e9d7
LEN=52
DATA=a028f54601020165ba3fa76b7cac8e42199a58ad5338d933ab1601ba0404ffaf8bbfbe6df82102a94197a00997e1d89c9403feff
---
FUNC=memmove
RA=0005613b
DST=0015e9d9
SRC=0015e9d8
LEN=52
DATA=a028f54601020165ba3fa76b7cac8e42199a58ad5338d933ab1601ba0404ffaf8bbfbe6df82102a94197a00997e1d89c9403feff
---
FUNC=memmove
RA=0005613b
DST=0015e9da
SRC=0015e9d9
LEN=52
DATA=a028f54601020165ba3fa76b7cac8e42199a58ad5338d933ab1601ba0404ffaf8bbfbe6df82102a94197a00997e1d89c9403feff
---
FUNC=memset
RA=00032679
DST=0015f2a0
VAL=0
LEN=4
---
FUNC=memset
RA=000329ab
DST=0016ed28
VAL=0
LEN=4
---
FUNC=gh_init
STATE=0015e460
KEYLEN=0
OUTLEN=4
---
FUNC=gh_update
STATE=0015e460
LEN=10
DATA=e0429041b22e9a534305
---
FUNC=gh_update
STATE=0015e460
LEN=4
DATA=00000000
---
FUNC=gh_update
STATE=0015e460
LEN=49
DATA=01020165ba3fa76b7cac8e42199a58ad5338d933ab1601ba0404ffaf8bbfbe6df82102a94197a00997e1d89c9403feff03
---
FUNC=gh_final
RA=0002eba3
STATE=0015e460
OUTLEN=4
OUT=a028f546
---
FUNC=memmove
RA=00032e61
DST=0015f280
SRC=0015f2a0
LEN=4
DATA=a028f546
---
FUNC=memcpy
RA=00055ddf
DST=beea6638
SRC=0015f280
LEN=4
DATA=a028f546
---
FUNC=memset
RA=00032679
DST=0015ed60
VAL=0
LEN=6
---
FUNC=memset
RA=00044c03
DST=00161320
VAL=0
LEN=6
---
FUNC=memmove
RA=00032e61
DST=0015ed60
SRC=00161320
LEN=6
DATA=a94197a00997
---
FUNC=memcpy
RA=00043755
DST=0014ea60
SRC=000b47f6
LEN=39
DATA=43616e277420756e7061636b205661726961626c654c656e67746856616c756520747970653a20
---
FUNC=memmove
RA=00032e61
DST=0015e7d8
SRC=beea65dd
LEN=32
DATA=65ba3fa76b7cac8e42199a58ad5338d933ab1601ba0404ffaf8bbfbe6df82102
---
FUNC=memset
RA=00032679
DST=0015f510
VAL=0
LEN=32
---
FUNC=memmove
RA=00032e61
DST=00160ff0
SRC=0015e7d8
LEN=32
DATA=65ba3fa76b7cac8e42199a58ad5338d933ab1601ba0404ffaf8bbfbe6df82102
---
FUNC=scalarmult
RA=0003afb3
PRIV=d1e7f01b190cc38c2da89474125694fa0ab0d423db3ea73aa20591839ee489e1
PUB=65ba3fa76b7cac8e42199a58ad5338d933ab1601ba0404ffaf8bbfbe6df82102
SHARED=8d53e098a96a32407977f6fe1763194ea8b6a039bcc4ddf52cd5a410df10227a
RC=0
---
FUNC=gh_init
STATE=0016fa78
KEYLEN=0
OUTLEN=32
---
FUNC=gh_update
STATE=0016fa78
LEN=32
DATA=8d53e098a96a32407977f6fe1763194ea8b6a039bcc4ddf52cd5a410df10227a
---
FUNC=gh_update
STATE=0016fa78
LEN=32
DATA=186fc45bd0fd49c380bc2f0e16790ce4143cebc5ed07d0eb1c3785efab1c1a6e
---
FUNC=gh_update
STATE=0016fa78
LEN=32
DATA=65ba3fa76b7cac8e42199a58ad5338d933ab1601ba0404ffaf8bbfbe6df82102
---
FUNC=gh_update
STATE=0016fa78
LEN=32
DATA=c5923a86e166e4bf3f8959643ff1c245f986115ec34946ded0b87dc0d7bd38db
---
FUNC=gh_final
RA=0002eba3
STATE=0016fa78
OUTLEN=32
OUT=fce98ee9fdba887a8c2c36b569af6de5da132454729931ef048ad9f918330741
---
FUNC=memset
RA=000329ab
DST=0015e9a8
VAL=0
LEN=6
---
FUNC=memcpy
RA=00038bcd
DST=0015e9a8
SRC=0015ed60
LEN=6
DATA=a94197a00997
---
FUNC=memset
RA=000329ab
DST=0015f56e
VAL=0
LEN=4
---
FUNC=memmove
RA=000329bd
DST=0015f568
SRC=0015e9a8
LEN=6
DATA=a94197a00997
---
FUNC=memset
RA=00032679
DST=0015f4f0
VAL=0
LEN=24
---
FUNC=memset
RA=0002f707
DST=0015e9a8
VAL=0
LEN=10
---
FUNC=stream
PHASE=pre
RA=0002f725
KEY=fce98ee9fdba887a8c2c36b569af6de5da132454729931ef048ad9f918330741
NONCE=000000000000000000000000000000000000000000000000
LEN=10
IN=a94197a00997e1d89c94
---
FUNC=stream
PHASE=post
KEY=fce98ee9fdba887a8c2c36b569af6de5da132454729931ef048ad9f918330741
NONCE=000000000000000000000000000000000000000000000000
LEN=10
OUT=9041b22e9a53b0ba06f1
---
FUNC=memset
RA=00044c03
DST=0015f568
VAL=0
LEN=6
---
FUNC=memmove
RA=00032e61
DST=0015ed60
SRC=0015f568
LEN=6
DATA=9041b22e9a53
---
FUNC=memset
RA=00032679
DST=0015f0c0
VAL=0
LEN=6
---
FUNC=memmove
RA=00032e61
DST=0015f0c0
SRC=0016f210
LEN=6
DATA=9041b22e9a53
---
FUNC=memset
RA=000329ab
DST=0015f6a2
VAL=0
LEN=6
---
FUNC=memcpy
RA=00038bcd
DST=0015f6a2
SRC=0015f0c0
LEN=6
DATA=9041b22e9a53
---
FUNC=memmove
RA=000329bd
DST=0015f6c0
SRC=0015f6a0
LEN=8
DATA=e0629041b22e9a53
---
FUNC=memset
RA=0003298b
DST=0015f6ca
VAL=0
LEN=4
---
FUNC=memset
RA=00032679
DST=0015f690
VAL=0
LEN=6
---
FUNC=memset
RA=00032679
DST=0015f6a0
VAL=0
LEN=6
---
FUNC=memmove
RA=00032e61
DST=0015f690
SRC=00148830
LEN=6
DATA=9041b23483dc
---
FUNC=memmove
RA=00032e61
DST=0015f6a0
SRC=0016f210
LEN=6
DATA=9041b22e9a53
---
FUNC=memset
RA=000329ab
DST=0015f6b0
VAL=0
LEN=6
---
FUNC=memcpy
RA=00038bcd
DST=0015f6b0
SRC=0015f690
LEN=6
DATA=9041b23483dc
---
FUNC=memset
RA=000329ab
DST=0015f56e
VAL=0
LEN=6
---
FUNC=memmove
RA=000329bd
DST=0015f568
SRC=0015f6b0
LEN=6
DATA=9041b23483dc
---
FUNC=memcpy
RA=00038bcd
DST=0015f56e
SRC=0015f6a0
LEN=6
DATA=9041b22e9a53
---
FUNC=memset
RA=000329ab
DST=0014eccc
VAL=0
LEN=4
---
FUNC=memmove
RA=000329bd
DST=0014ecc0
SRC=0015f568
LEN=12
DATA=9041b23483dc9041b22e9a53
---
FUNC=memset
RA=00032679
DST=0015f4f0
VAL=0
LEN=24
---
FUNC=memset
RA=0002f707
DST=0015f118
VAL=0
LEN=16
---
FUNC=stream
PHASE=pre
RA=0002f725
KEY=fce98ee9fdba887a8c2c36b569af6de5da132454729931ef048ad9f918330741
NONCE=000000000000000000000000000000000000000000000000
LEN=16
IN=9041b23483dc9041b22e9a53b0ba06f1
---
FUNC=stream
PHASE=post
KEY=fce98ee9fdba887a8c2c36b569af6de5da132454729931ef048ad9f918330741
NONCE=000000000000000000000000000000000000000000000000
LEN=16
OUT=a94197ba1018c123284bed8fc59ec6a2
---
FUNC=memset
RA=00044c03
DST=0015f568
VAL=0
LEN=6
---
FUNC=memmove
RA=00032e61
DST=0015f690
SRC=0015f568
LEN=6
DATA=a94197ba1018
---
FUNC=memset
RA=00044c03
DST=0015f568
VAL=0
LEN=6
---
FUNC=memmove
RA=00032e61
DST=0015f6a0
SRC=0015f568
LEN=6
DATA=c123284bed8f
---
FUNC=memset
RA=000329ab
DST=0015e7e8
VAL=0
LEN=6
---
FUNC=memmove
RA=000329bd
DST=0015e7d8
SRC=0015f6c0
LEN=16
DATA=e0629041b22e9a53517a000000000103
---
FUNC=memcpy
RA=00038bcd
DST=0015e7e8
SRC=0015f690
LEN=6
DATA=a94197ba1018
---
FUNC=memset
RA=0003298b
DST=0015e7ee
VAL=0
LEN=6
---
FUNC=memcpy
RA=00038bcd
DST=0015e7ee
SRC=0015f6a0
LEN=6
DATA=c123284bed8f
---
FUNC=memset
RA=0003298b
DST=0015e7f4
VAL=0
LEN=4
---
FUNC=memmove
RA=00032e61
DST=0015f510
SRC=0015e7d8
LEN=32
DATA=e0629041b22e9a53517a000000000103a94197ba1018c123284bed8fc59ec6a2
---
FUNC=memset
RA=00032679
DST=0015f6b0
VAL=0
LEN=4
---
FUNC=memset
RA=000329ab
DST=0015f180
VAL=0
LEN=4
---
FUNC=gh_init
STATE=0015e460
KEYLEN=0
OUTLEN=4
---
FUNC=gh_update
STATE=0015e460
LEN=10
DATA=e0629041b22e9a53517a
---
FUNC=gh_update
STATE=0015e460
LEN=4
DATA=00000000
---
FUNC=gh_update
STATE=0015e460
LEN=18
DATA=0103a94197ba1018c123284bed8fc59ec6a2
---
FUNC=gh_final
RA=0002eba3
STATE=0015e460
OUTLEN=4
OUT=3c5804b1
---
FUNC=memmove
RA=00032e61
DST=0015f068
SRC=0015f6b0
LEN=4
DATA=3c5804b1
---
FUNC=memcpy
RA=00055ddf
DST=beea6400
SRC=0015f068
LEN=4
DATA=3c5804b1
---
FUNC=memset
RA=000329ab
DST=0015f068
VAL=0
LEN=4
---
FUNC=memmove
RA=00055e85
DST=0015f51a
SRC=0015f068
LEN=4
DATA=3c5804b1
---
FUNC=memset
RA=00032679
DST=0014ecc0
VAL=0
LEN=24
---
FUNC=memcpy
RA=0003c05b
DST=0014ecc0
SRC=0015f510
LEN=10
DATA=e0629041b22e9a53517a
---
FUNC=memset
RA=0002f707
DST=0015f4f0
VAL=0
LEN=22
---
FUNC=stream
PHASE=pre
RA=0002f725
KEY=47be3dffb41ea35749c9290e6d2124e6b3e3842ab4e443bd0ac41eda045c2dbe
NONCE=e0629041b22e9a53517a0000000000000000000000000000
LEN=22
IN=3c5804b10103a94197ba1018c123284bed8fc59ec6a2
---
FUNC=stream
PHASE=post
KEY=47be3dffb41ea35749c9290e6d2124e6b3e3842ab4e443bd0ac41eda045c2dbe
NONCE=e0629041b22e9a53517a0000000000000000000000000000
LEN=22
OUT=6100b30348f545f71c20b353e1f4126baa71761e06c1
---
FUNC=memmove
RA=000560cd
DST=0015f418
SRC=0015f4f0
LEN=22
DATA=6100b30348f545f71c20b353e1f4126baa71761e06c1
---
FUNC=memmove
RA=0005613b
DST=0015f419
SRC=0015f418
LEN=21
DATA=6100b30348f545f71c20b353e1f4126baa71761e06
---
FUNC=memmove
RA=0005613b
DST=0015f41a
SRC=0015f419
LEN=21
DATA=6100b30348f545f71c20b353e1f4126baa71761e06
---
FUNC=memmove
RA=0005613b
DST=0015f41b
SRC=0015f41a
LEN=21
DATA=6100b30348f545f71c20b353e1f4126baa71761e06
---
FUNC=memmove
RA=0005613b
DST=0015f41c
SRC=0015f41b
LEN=21
DATA=6100b30348f545f71c20b353e1f4126baa71761e06
---
FUNC=memmove
RA=0005613b
DST=0015f41d
SRC=0015f41c
LEN=21
DATA=6100b30348f545f71c20b353e1f4126baa71761e06
---
FUNC=memmove
RA=0005613b
DST=0015f41e
SRC=0015f41d
LEN=21
DATA=6100b30348f545f71c20b353e1f4126baa71761e06
---
FUNC=memmove
RA=0005613b
DST=0015f41f
SRC=0015f41e
LEN=21
DATA=6100b30348f545f71c20b353e1f4126baa71761e06
---
FUNC=memmove
RA=0005613b
DST=0015f420
SRC=0015f41f
LEN=21
DATA=6100b30348f545f71c20b353e1f4126baa71761e06
---
FUNC=memmove
RA=0005613b
DST=0015f421
SRC=0015f420
LEN=21
DATA=6100b30348f545f71c20b353e1f4126baa71761e06
---
FUNC=memmove
RA=0005613b
DST=0015f422
SRC=0015f421
LEN=21
DATA=6100b30348f545f71c20b353e1f4126baa71761e06
---
FUNC=memmove
RA=00032e61
DST=0015f388
SRC=0015f418
LEN=32
DATA=e0629041b22e9a53517a6100b30348f545f71c20b353e1f4126baa71761e06c1
---
FUNC=memmove
RA=00032e61
DST=0015f480
SRC=0015f388
LEN=32
DATA=e0629041b22e9a53517a6100b30348f545f71c20b353e1f4126baa71761e06c1
---
FUNC=memmove
RA=00032e61
DST=0015f6d8
SRC=0015f480
LEN=32
DATA=e0629041b22e9a53517a6100b30348f545f71c20b353e1f4126baa71761e06c1
---
FUNC=memmove
RA=00032e61
DST=0015f3d0
SRC=0015eb28
LEN=32
DATA=fce98ee9fdba887a8c2c36b569af6de5da132454729931ef048ad9f918330741
---
FUNC=memmove
RA=00032e61
DST=b5c00618
SRC=b5fc529c
LEN=16
DATA=e0539041b22e9a53012c5d0eef2266e8
---
FUNC=memmove
RA=00032e61
DST=b5c00680
SRC=b5c00618
LEN=16
DATA=e0539041b22e9a53012c5d0eef2266e8
---
FUNC=memmove
RA=00032e61
DST=b5c006c0
SRC=b5c00680
LEN=16
DATA=e0539041b22e9a53012c5d0eef2266e8
---
FUNC=memmove
RA=00032e61
DST=b5c00738
SRC=b5c006c0
LEN=16
DATA=e0539041b22e9a53012c5d0eef2266e8
---
FUNC=memmove
RA=00032e61
DST=0014eca8
SRC=b5c00738
LEN=16
DATA=e0539041b22e9a53012c5d0eef2266e8
---
FUNC=memmove
RA=00032e61
DST=0015f678
SRC=0014eca8
LEN=16
DATA=e0539041b22e9a53012c5d0eef2266e8
---
FUNC=memcpy
RA=0005790f
DST=0015f100
SRC=000bc077
LEN=19
DATA=4c6f52612065786368616e6765206374782040
---
FUNC=memset
RA=00032679
DST=0015f180
VAL=0
LEN=6
---
FUNC=memset
RA=00044c03
DST=0015e9a8
VAL=0
LEN=6
---
FUNC=memmove
RA=00032e61
DST=0015f180
SRC=0015e9a8
LEN=6
DATA=9041b22e9a53
---
FUNC=memset
RA=00032679
DST=0015e9a8
VAL=0
LEN=6
---
FUNC=memset
RA=00032679
DST=0015f290
VAL=0
LEN=6
---
FUNC=memset
RA=00044c03
DST=0015f1f8
VAL=0
LEN=6
---
FUNC=memmove
RA=00032e61
DST=0015f290
SRC=0015f1f8
LEN=6
DATA=9041b22e9a53
---
FUNC=memset
RA=00032679
DST=00145990
VAL=0
LEN=24
---
FUNC=memcpy
RA=0003c05b
DST=00145990
SRC=0015f678
LEN=10
DATA=e0539041b22e9a53012c
---
FUNC=memset
RA=0002f707
DST=0015f1f8
VAL=0
LEN=6
---
FUNC=stream
PHASE=pre
RA=0002f725
KEY=fce98ee9fdba887a8c2c36b569af6de5da132454729931ef048ad9f918330741
NONCE=e0539041b22e9a53012c0000000000000000000000000000
LEN=6
IN=5d0eef2266e8
---
FUNC=stream
PHASE=post
KEY=fce98ee9fdba887a8c2c36b569af6de5da132454729931ef048ad9f918330741
NONCE=e0539041b22e9a53012c0000000000000000000000000000
LEN=6
OUT=547623970100
---
FUNC=memmove
RA=000560cd
DST=001612f8
SRC=0015f1f8
LEN=6
DATA=547623970100
---
FUNC=memmove
RA=0005613b
DST=001612f9
SRC=001612f8
LEN=5
DATA=5476239701
---
FUNC=memmove
RA=0005613b
DST=001612fa
SRC=001612f9
LEN=5
DATA=5476239701
---
FUNC=memmove
RA=0005613b
DST=001612fb
SRC=001612fa
LEN=5
DATA=5476239701
---
FUNC=memmove
RA=0005613b
DST=001612fc
SRC=001612fb
LEN=5
DATA=5476239701
---
FUNC=memmove
RA=0005613b
DST=001612fd
SRC=001612fc
LEN=5
DATA=5476239701
---
FUNC=memmove
RA=0005613b
DST=001612fe
SRC=001612fd
LEN=5
DATA=5476239701
---
FUNC=memmove
RA=0005613b
DST=001612ff
SRC=001612fe
LEN=5
DATA=5476239701
---
FUNC=memmove
RA=0005613b
DST=00161300
SRC=001612ff
LEN=5
DATA=5476239701
---
FUNC=memmove
RA=0005613b
DST=00161301
SRC=00161300
LEN=5
DATA=5476239701
---
FUNC=memmove
RA=0005613b
DST=00161302
SRC=00161301
LEN=5
DATA=5476239701
---
FUNC=memset
RA=00032679
DST=0015f130
VAL=0
LEN=4
---
FUNC=memset
RA=000329ab
DST=0015f190
VAL=0
LEN=4
---
FUNC=gh_init
STATE=0015e460
KEYLEN=0
OUTLEN=4
---
FUNC=gh_update
STATE=0015e460
LEN=10
DATA=e0539041b22e9a53012c
---
FUNC=gh_update
STATE=0015e460
LEN=4
DATA=00000000
---
FUNC=gh_update
STATE=0015e460
LEN=2
DATA=0100
---
FUNC=gh_final
RA=0002eba3
STATE=0015e460
OUTLEN=4
OUT=54762397
---
FUNC=memmove
RA=00032e61
DST=001450d0
SRC=0015f130
LEN=4
DATA=54762397
---
FUNC=memcpy
RA=00055ddf
DST=beea6440
SRC=001450d0
LEN=4
DATA=54762397
---
FUNC=memset
RA=00032679
DST=0016ed28
VAL=0
LEN=6
---
FUNC=memmove
RA=00032e61
DST=0016ed28
SRC=001492d0
LEN=6
DATA=9041b22e9a53
---
FUNC=memset
RA=0003298b
DST=0015f16a
VAL=0
LEN=6
---
FUNC=memcpy
RA=00038bcd
DST=0015f16a
SRC=0016ed28
LEN=6
DATA=9041b22e9a53
---
FUNC=memset
RA=0003298b
DST=0015f172
VAL=0
LEN=4
---
FUNC=memmove
RA=00032e61
DST=0015f550
SRC=0015f168
LEN=16
DATA=e0749041b22e9a5301c100000000098c
---
FUNC=memset
RA=00032679
DST=001450d0
VAL=0
LEN=4
---
FUNC=memset
RA=000329ab
DST=0015f690
VAL=0
LEN=4
---
FUNC=gh_init
STATE=0015e460
KEYLEN=0
OUTLEN=4
---
FUNC=gh_update
STATE=0015e460
LEN=10
DATA=e0749041b22e9a5301c1
---
FUNC=gh_update
STATE=0015e460
LEN=4
DATA=00000000
---
FUNC=gh_update
STATE=0015e460
LEN=2
DATA=098c
---
FUNC=gh_final
RA=0002eba3
STATE=0015e460
OUTLEN=4
OUT=b92cd2e5
---
FUNC=memmove
RA=00032e61
DST=0015f0c0
SRC=001450d0
LEN=4
DATA=b92cd2e5
---
FUNC=memcpy
RA=00055ddf
DST=beea6418
SRC=0015f0c0
LEN=4
DATA=b92cd2e5
---
FUNC=memset
RA=000329ab
DST=0015f0c0
VAL=0
LEN=4
---
FUNC=memmove
RA=00055e85
DST=0015f55a
SRC=0015f0c0
LEN=4
DATA=b92cd2e5
---
FUNC=memset
RA=00032679
DST=00145990
VAL=0
LEN=24
---
FUNC=memcpy
RA=0003c05b
DST=00145990
SRC=0015f550
LEN=10
DATA=e0749041b22e9a5301c1
---
FUNC=memset
RA=0002f707
DST=0015f130
VAL=0
LEN=6
---
FUNC=stream
PHASE=pre
RA=0002f725
KEY=fce98ee9fdba887a8c2c36b569af6de5da132454729931ef048ad9f918330741
NONCE=e0749041b22e9a5301c10000000000000000000000000000
LEN=6
IN=b92cd2e5098c
---
FUNC=stream
PHASE=post
KEY=fce98ee9fdba887a8c2c36b569af6de5da132454729931ef048ad9f918330741
NONCE=e0749041b22e9a5301c10000000000000000000000000000
LEN=6
OUT=4b9bf062432d
---
FUNC=memmove
RA=000560cd
DST=0015f538
SRC=0015f130
LEN=6
DATA=4b9bf062432d
---
FUNC=memmove
RA=0005613b
DST=0015f539
SRC=0015f538
LEN=5
DATA=4b9bf06243
---
FUNC=memmove
RA=0005613b
DST=0015f53a
SRC=0015f539
LEN=5
DATA=4b9bf06243
---
FUNC=memmove
RA=0005613b
DST=0015f53b
SRC=0015f53a
LEN=5
DATA=4b9bf06243
---
FUNC=memmove
RA=0005613b
DST=0015f53c
SRC=0015f53b
LEN=5
DATA=4b9bf06243
---
FUNC=memmove
RA=0005613b
DST=0015f53d
SRC=0015f53c
LEN=5
DATA=4b9bf06243
---
FUNC=memmove
RA=0005613b
DST=0015f53e
SRC=0015f53d
LEN=5
DATA=4b9bf06243
---
FUNC=memmove
RA=0005613b
DST=0015f53f
SRC=0015f53e
LEN=5
DATA=4b9bf06243
---
FUNC=memmove
RA=0005613b
DST=0015f540
SRC=0015f53f
LEN=5
DATA=4b9bf06243
---
FUNC=memmove
RA=0005613b
DST=0015f541
SRC=0015f540
LEN=5
DATA=4b9bf06243
---
FUNC=memmove
RA=0005613b
DST=0015f542
SRC=0015f541
LEN=5
DATA=4b9bf06243
---
FUNC=memmove
RA=00032e61
DST=0014ec90
SRC=0015f538
LEN=16
DATA=e0749041b22e9a5301c14b9bf062432d
---
FUNC=memmove
RA=00032e61
DST=0015f290
SRC=0014ec90
LEN=16
DATA=e0749041b22e9a5301c14b9bf062432d
---
FUNC=memmove
RA=00032e61
DST=0015f2a8
SRC=0015f290
LEN=16
DATA=e0749041b22e9a5301c14b9bf062432d
---
FUNC=memmove
RA=00032e61
DST=b5c008d8
SRC=b5fc529c
LEN=22
DATA=e0409041b22e9a534406cefc83f29819d11f0c64e768
---
FUNC=memmove
RA=00032e61
DST=b5c008f8
SRC=b5c008d8
LEN=22
DATA=e0409041b22e9a534406cefc83f29819d11f0c64e768
---
FUNC=memmove
RA=00032e61
DST=b5c00918
SRC=b5c008f8
LEN=22
DATA=e0409041b22e9a534406cefc83f29819d11f0c64e768
---
FUNC=memmove
RA=00032e61
DST=b5c00938
SRC=b5c00918
LEN=22
DATA=e0409041b22e9a534406cefc83f29819d11f0c64e768
---
FUNC=memmove
RA=00032e61
DST=0016ed08
SRC=b5c00938
LEN=22
DATA=e0409041b22e9a534406cefc83f29819d11f0c64e768
---
FUNC=memmove
RA=00032e61
DST=00145990
SRC=0016ed08
LEN=22
DATA=e0409041b22e9a534406cefc83f29819d11f0c64e768
---
FUNC=memcpy
RA=0005790f
DST=0015f038
SRC=000bc077
LEN=19
DATA=4c6f52612065786368616e6765206374782040
---
FUNC=memset
RA=00032679
DST=001450d0
VAL=0
LEN=6
---
FUNC=memset
RA=00044c03
DST=0015f690
VAL=0
LEN=6
---
FUNC=memmove
RA=00032e61
DST=001450d0
SRC=0015f690
LEN=6
DATA=9041b22e9a53
---
FUNC=memset
RA=00032679
DST=0015f690
VAL=0
LEN=6
---
FUNC=memset
RA=00032679
DST=0016f310
VAL=0
LEN=24
---
FUNC=memcpy
RA=0003c05b
DST=0016f310
SRC=00145990
LEN=10
DATA=e0409041b22e9a534406
---
FUNC=memset
RA=0002f707
DST=0015f690
VAL=0
LEN=12
---
FUNC=stream
PHASE=pre
RA=0002f725
KEY=47be3dffb41ea35749c9290e6d2124e6b3e3842ab4e443bd0ac41eda045c2dbe
NONCE=e0409041b22e9a5344060000000000000000000000000000
LEN=12
IN=cefc83f29819d11f0c64e768
---
FUNC=stream
PHASE=post
KEY=47be3dffb41ea35749c9290e6d2124e6b3e3842ab4e443bd0ac41eda045c2dbe
NONCE=e0409041b22e9a5344060000000000000000000000000000
LEN=12
OUT=282f008901ae944900000000
---
FUNC=memmove
RA=000560cd
DST=0016f310
SRC=0015f690
LEN=12
DATA=282f008901ae944900000000
---
FUNC=memmove
RA=0005613b
DST=0016f311
SRC=0016f310
LEN=11
DATA=282f008901ae9449000000
---
FUNC=memmove
RA=0005613b
DST=0016f312
SRC=0016f311
LEN=11
DATA=282f008901ae9449000000
---
FUNC=memmove
RA=0005613b
DST=0016f313
SRC=0016f312
LEN=11
DATA=282f008901ae9449000000
---
FUNC=memmove
RA=0005613b
DST=0016f314
SRC=0016f313
LEN=11
DATA=282f008901ae9449000000
---
FUNC=memmove
RA=0005613b
DST=0016f315
SRC=0016f314
LEN=11
DATA=282f008901ae9449000000
---
FUNC=memmove
RA=0005613b
DST=0016f316
SRC=0016f315
LEN=11
DATA=282f008901ae9449000000
---
FUNC=memmove
RA=0005613b
DST=0016f317
SRC=0016f316
LEN=11
DATA=282f008901ae9449000000
---
FUNC=memmove
RA=0005613b
DST=0016f318
SRC=0016f317
LEN=11
DATA=282f008901ae9449000000
---
FUNC=memmove
RA=0005613b
DST=0016f319
SRC=0016f318
LEN=11
DATA=282f008901ae9449000000
---
FUNC=memmove
RA=0005613b
DST=0016f31a
SRC=0016f319
LEN=11
DATA=282f008901ae9449000000
---
FUNC=memset
RA=00032679
DST=0015f280
VAL=0
LEN=4
---
FUNC=memset
RA=000329ab
DST=00161310
VAL=0
LEN=4
---
FUNC=gh_init
STATE=0015e460
KEYLEN=0
OUTLEN=4
---
FUNC=gh_update
STATE=0015e460
LEN=10
DATA=e0409041b22e9a534406
---
FUNC=gh_update
STATE=0015e460
LEN=4
DATA=00000000
---
FUNC=gh_update
STATE=0015e460
LEN=8
DATA=01ae944900000000
---
FUNC=gh_final
RA=0002eba3
STATE=0015e460
OUTLEN=4
OUT=282f0089
---
FUNC=memmove
RA=00032e61
DST=0015ed60
SRC=0015f280
LEN=4
DATA=282f0089
---
FUNC=memcpy
RA=00055ddf
DST=beea6628
SRC=0015ed60
LEN=4
DATA=282f0089
---
FUNC=memmove
RA=00032e61
DST=0015f568
SRC=0016f210
LEN=6
DATA=9041b22e9a53
---
FUNC=memcpy
RA=0005a7eb
DST=0015f4b0
SRC=000bcebc
LEN=4
DATA=73736964
---
FUNC=memcpy
RA=0005a7eb
DST=0015f4f8
SRC=000bcec1
LEN=7
DATA=61646f70746564
---
FUNC=memcpy
RA=0005a7eb
DST=0015f448
SRC=000bcec9
LEN=6
DATA=7369676e616c
---
FUNC=memcpy
RA=0005a7eb
DST=0014ecc8
SRC=000bceaf
LEN=4
DATA=72737369
---
FUNC=memcpy
RA=0005a7eb
DST=beea6610
SRC=000bceda
LEN=15
DATA=646973636f76657279526573756c74
---
FUNC=memmove
RA=000699d7
DST=0016ac88
SRC=0018a788
LEN=213
DATA=010100000000006f7b226964223a2230393632626565612d653038362d343166382d613563362d343361393565323163323438222c226e616d65223a22646973636f76657279526573756c74222c2274696d657374616d70223a313737363739373935383737332c2274797065223a226576656e74227d02010000000000567b
---
FUNC=memcpy
RA=00078c61
DST=beea649c
SRC=beea6418
LEN=132
DATA=24e315000400000088ac1600d500000000000000000000000000000000000000000000000000000000000000000000000000000000000000000000000000000000000000000000000000000000000000000000000000000000000000000000000000000000000000000000000000000000000000000000000000000000000000
---
FUNC=memcpy
RA=00078c73
DST=beea6528
SRC=beea649c
LEN=132
DATA=24e315000400000088ac1600d500000000000000000000000000000000000000000000000000000000000000000000000000000000000000000000000000000000000000000000000000000000000000000000000000000000000000000000000000000000000000000000000000000000000000000000000000000000000000
---
FUNC=memcpy
RA=0007552f
DST=beea4288
SRC=0015e324
LEN=4
DATA=827e00d5
---
FUNC=memcpy
RA=0007552f
DST=beea428c
SRC=0016ac88
LEN=213
DATA=010100000000006f7b226964223a2230393632626565612d653038362d343166382d613563362d343361393565323163323438222c226e616d65223a22646973636f76657279526573756c74222c2274696d657374616d70223a313737363739373935383737332c2274797065223a226576656e74227d02010000000000567b
---
FUNC=memcpy
RA=00076e4d
DST=beea62f4
SRC=beea6528
LEN=132
DATA=24e315000400000088ac1600d500000000000000000000000000000000000000000000000000000000000000000000000000000000000000000000000000000000000000000000000000000000000000000000000000000000000000000000000000000000000000000000000000000000000000000000000000000000000000
---
FUNC=memcpy
RA=00076e4d
DST=00170cd8
SRC=beea62f4
LEN=132
DATA=24e315000400000088ac1600d500000000000000000000000000000000000000000000000000000000000000000000000000000000000000000000000000000000000000000000000000000000000000000000000000000000000000000000000000000000000000000000000000000000000000000000000000000000000000
---
FUNC=memcpy
RA=00076e4d
DST=beea68d4
SRC=00170cd8
LEN=132
DATA=24e315000400000088ac1600d500000000000000000000000000000000000000000000000000000000000000000000000000000000000000000000000000000000000000000000000000000000000000000000000000000000000000000000000000000000000000000000000000000000000000000000000000000000000000
---
FUNC=memmove
RA=00032e61
DST=b5c00c98
SRC=b5fc529c
LEN=92
DATA=e0449041b22e9a53028123bf35b69b962718ba65a192b7fb0e942ae8413fdc4eb637ecba921c0027bc509a55fa6a402698afca7aa6da27052e9dbe5899d3533ea538c9f9e5354c6a445e9dbf9338522cb278735e3cd95562a98f571f
---
FUNC=memmove
RA=00032e61
DST=b5c00cf8
SRC=b5c00c98
LEN=92
DATA=e0449041b22e9a53028123bf35b69b962718ba65a192b7fb0e942ae8413fdc4eb637ecba921c0027bc509a55fa6a402698afca7aa6da27052e9dbe5899d3533ea538c9f9e5354c6a445e9dbf9338522cb278735e3cd95562a98f571f
---
FUNC=memmove
RA=00032e61
DST=b5c00d58
SRC=b5c00cf8
LEN=92
DATA=e0449041b22e9a53028123bf35b69b962718ba65a192b7fb0e942ae8413fdc4eb637ecba921c0027bc509a55fa6a402698afca7aa6da27052e9dbe5899d3533ea538c9f9e5354c6a445e9dbf9338522cb278735e3cd95562a98f571f
---
FUNC=memmove
RA=00032e61
DST=b5c00de0
SRC=b5c00d58
LEN=92
DATA=e0449041b22e9a53028123bf35b69b962718ba65a192b7fb0e942ae8413fdc4eb637ecba921c0027bc509a55fa6a402698afca7aa6da27052e9dbe5899d3533ea538c9f9e5354c6a445e9dbf9338522cb278735e3cd95562a98f571f
---
FUNC=memmove
RA=00032e61
DST=0018bba0
SRC=b5c00de0
LEN=92
DATA=e0449041b22e9a53028123bf35b69b962718ba65a192b7fb0e942ae8413fdc4eb637ecba921c0027bc509a55fa6a402698afca7aa6da27052e9dbe5899d3533ea538c9f9e5354c6a445e9dbf9338522cb278735e3cd95562a98f571f
---
FUNC=memmove
RA=00032e61
DST=b5c00de0
SRC=0018bba0
LEN=92
DATA=e0449041b22e9a53028123bf35b69b962718ba65a192b7fb0e942ae8413fdc4eb637ecba921c0027bc509a55fa6a402698afca7aa6da27052e9dbe5899d3533ea538c9f9e5354c6a445e9dbf9338522cb278735e3cd95562a98f571f
---
FUNC=memcpy
RA=0005790f
DST=0015f250
SRC=000bc077
LEN=19
DATA=4c6f52612065786368616e6765206374782040
---
FUNC=memset
RA=00032679
DST=0015f6b0
VAL=0
LEN=6
---
FUNC=memset
RA=00044c03
DST=0015e638
VAL=0
LEN=6
---
FUNC=memmove
RA=00032e61
DST=0015f6b0
SRC=0015e638
LEN=6
DATA=9041b22e9a53
---
FUNC=memset
RA=00032679
DST=0015e638
VAL=0
LEN=6
---
FUNC=memmove
RA=00032e61
DST=b5c00db8
SRC=0015f3d0
LEN=32
DATA=fce98ee9fdba887a8c2c36b569af6de5da132454729931ef048ad9f918330741
---
FUNC=memset
RA=00032679
DST=0016fcf8
VAL=0
LEN=6
---
FUNC=memset
RA=00044c03
DST=0016d548
VAL=0
LEN=6
---
FUNC=memmove
RA=00032e61
DST=0016fcf8
SRC=0016d548
LEN=6
DATA=9041b22e9a53
---
FUNC=memset
RA=00032679
DST=0015f3f8
VAL=0
LEN=24
---
FUNC=memcpy
RA=0003c05b
DST=0015f3f8
SRC=b5c00de0
LEN=10
DATA=e0449041b22e9a530281
---
FUNC=memset
RA=0002f707
DST=00118610
VAL=0
LEN=82
---
FUNC=stream
PHASE=pre
RA=0002f725
KEY=fce98ee9fdba887a8c2c36b569af6de5da132454729931ef048ad9f918330741
NONCE=e0449041b22e9a5302810000000000000000000000000001
LEN=82
IN=23bf35b69b962718ba65a192b7fb0e942ae8413fdc4eb637ecba921c0027bc509a55fa6a402698afca7aa6da27052e9dbe5899d3533ea538c9f9e5354c6a445e9dbf9338522cb278735e3cd95562a98f571f
---
FUNC=stream
PHASE=post
KEY=fce98ee9fdba887a8c2c36b569af6de5da132454729931ef048ad9f918330741
NONCE=e0449041b22e9a5302810000000000000000000000000001
LEN=82
OUT=8cdfb0920a8cae9400010001000000f5a9470452b4ba379a5749018003ab8809ac01fb03080f110e01010402010311010a0d01020e01012001011202061301040301041401011501011601010f0101100101
---
FUNC=memmove
RA=000560cd
DST=0015e400
SRC=00118610
LEN=82
DATA=8cdfb0920a8cae9400010001000000f5a9470452b4ba379a5749018003ab8809ac01fb03080f110e01010402010311010a0d01020e01012001011202061301040301041401011501011601010f0101100101
---
FUNC=memmove
RA=0005613b
DST=0015e401
SRC=0015e400
LEN=81
DATA=8cdfb0920a8cae9400010001000000f5a9470452b4ba379a5749018003ab8809ac01fb03080f110e01010402010311010a0d01020e01012001011202061301040301041401011501011601010f01011001
---
FUNC=memmove
RA=0005613b
DST=0015e402
SRC=0015e401
LEN=81
DATA=8cdfb0920a8cae9400010001000000f5a9470452b4ba379a5749018003ab8809ac01fb03080f110e01010402010311010a0d01020e01012001011202061301040301041401011501011601010f01011001
---
FUNC=memmove
RA=0005613b
DST=0015e403
SRC=0015e402
LEN=81
DATA=8cdfb0920a8cae9400010001000000f5a9470452b4ba379a5749018003ab8809ac01fb03080f110e01010402010311010a0d01020e01012001011202061301040301041401011501011601010f01011001
---
FUNC=memmove
RA=0005613b
DST=0015e404
SRC=0015e403
LEN=81
DATA=8cdfb0920a8cae9400010001000000f5a9470452b4ba379a5749018003ab8809ac01fb03080f110e01010402010311010a0d01020e01012001011202061301040301041401011501011601010f01011001
---
FUNC=memmove
RA=0005613b
DST=0015e405
SRC=0015e404
LEN=81
DATA=8cdfb0920a8cae9400010001000000f5a9470452b4ba379a5749018003ab8809ac01fb03080f110e01010402010311010a0d01020e01012001011202061301040301041401011501011601010f01011001
---
FUNC=memmove
RA=0005613b
DST=0015e406
SRC=0015e405
LEN=81
DATA=8cdfb0920a8cae9400010001000000f5a9470452b4ba379a5749018003ab8809ac01fb03080f110e01010402010311010a0d01020e01012001011202061301040301041401011501011601010f01011001
---
FUNC=memmove
RA=0005613b
DST=0015e407
SRC=0015e406
LEN=81
DATA=8cdfb0920a8cae9400010001000000f5a9470452b4ba379a5749018003ab8809ac01fb03080f110e01010402010311010a0d01020e01012001011202061301040301041401011501011601010f01011001
---
FUNC=memmove
RA=0005613b
DST=0015e408
SRC=0015e407
LEN=81
DATA=8cdfb0920a8cae9400010001000000f5a9470452b4ba379a5749018003ab8809ac01fb03080f110e01010402010311010a0d01020e01012001011202061301040301041401011501011601010f01011001
---
FUNC=memmove
RA=0005613b
DST=0015e409
SRC=0015e408
LEN=81
DATA=8cdfb0920a8cae9400010001000000f5a9470452b4ba379a5749018003ab8809ac01fb03080f110e01010402010311010a0d01020e01012001011202061301040301041401011501011601010f01011001
---
FUNC=memmove
RA=0005613b
DST=0015e40a
SRC=0015e409
LEN=81
DATA=8cdfb0920a8cae9400010001000000f5a9470452b4ba379a5749018003ab8809ac01fb03080f110e01010402010311010a0d01020e01012001011202061301040301041401011501011601010f01011001
---
FUNC=memset
RA=00032679
DST=0016f108
VAL=0
LEN=4
---
FUNC=memset
RA=000329ab
DST=0016f118
VAL=0
LEN=4
---
FUNC=gh_init
STATE=0015e460
KEYLEN=0
OUTLEN=4
---
FUNC=gh_update
STATE=0015e460
LEN=10
DATA=e0449041b22e9a530281
---
FUNC=gh_update
STATE=0015e460
LEN=4
DATA=00000000
---
FUNC=gh_update
STATE=0015e460
LEN=78
DATA=0a8cae9400010001000000f5a9470452b4ba379a5749018003ab8809ac01fb03080f110e01010402010311010a0d01020e01012001011202061301040301041401011501011601010f0101100101
---
FUNC=gh_final
RA=0002eba3
STATE=0015e460
OUTLEN=4
OUT=8cdfb092
---
FUNC=memmove
RA=00032e61
DST=0014ec60
SRC=0016f108
LEN=4
DATA=8cdfb092
---
FUNC=memcpy
RA=00055ddf
DST=beea6508
SRC=0014ec60
LEN=4
DATA=8cdfb092
---
FUNC=memmove
RA=00056a3f
DST=0015e400
SRC=0015e40e
LEN=78
DATA=0a8cae9400010001000000f5a9470452b4ba379a5749018003ab8809ac01fb03080f110e01010402010311010a0d01020e01012001011202061301040301041401011501011601010f0101100101
---
FUNC=memmove
RA=00032e61
DST=00161310
SRC=0015e648
LEN=6
DATA=9041b22e9a53
---
FUNC=memmove
RA=000699d7
DST=001620c0
SRC=0015e370
LEN=132
DATA=01010000000000727b226572726f72223a22222c226572726f72436f6465223a302c226964223a2234663361336565332d643832312d343838352d616430352d396661366534333934323964222c2274696d657374616d70223a313737363739373936303034392c2274797065223a22726573706f6e7365227d020100000000
---
FUNC=memset
RA=00032679
DST=0014ec60
VAL=0
LEN=6
---
FUNC=memmove
RA=00032e61
DST=0014ec60
SRC=001492d0
LEN=6
DATA=9041b22e9a53
---
FUNC=memset
RA=0003298b
DST=0014ee72
VAL=0
LEN=6
---
FUNC=memcpy
RA=00038bcd
DST=0014ee72
SRC=0014ec60
LEN=6
DATA=9041b22e9a53
---
FUNC=memset
RA=0003298b
DST=0014ee7a
VAL=0
LEN=4
---
FUNC=memmove
RA=00032e61
DST=0014ee7e
SRC=0014ef30
LEN=6
DATA=0b8d11010d14
---
FUNC=memmove
RA=00032e61
DST=0016fce0
SRC=0014ee70
LEN=20
DATA=e0749041b22e9a530251000000000b8d11010d14
---
FUNC=memset
RA=00032679
DST=0015e658
VAL=0
LEN=4
---
FUNC=memset
RA=000329ab
DST=0015f6a0
VAL=0
LEN=4
---
FUNC=gh_init
STATE=0015e460
KEYLEN=0
OUTLEN=4
---
FUNC=gh_update
STATE=0015e460
LEN=10
DATA=e0749041b22e9a530251
---
FUNC=gh_update
STATE=0015e460
LEN=4
DATA=00000000
---
FUNC=gh_update
STATE=0015e460
LEN=6
DATA=0b8d11010d14
---
FUNC=gh_final
RA=0002eba3
STATE=0015e460
OUTLEN=4
OUT=8ec24d41
---
FUNC=memmove
RA=00032e61
DST=001450d0
SRC=0015e658
LEN=4
DATA=8ec24d41
---
FUNC=memcpy
RA=00055ddf
DST=beea64e0
SRC=001450d0
LEN=4
DATA=8ec24d41
---
FUNC=memset
RA=000329ab
DST=001450d0
VAL=0
LEN=4
---
FUNC=memmove
RA=00055e85
DST=0016fcea
SRC=001450d0
LEN=4
DATA=8ec24d41
---
FUNC=memset
RA=00032679
DST=00162150
VAL=0
LEN=24
---
FUNC=memcpy
RA=0003c05b
DST=00162150
SRC=0016fce0
LEN=10
DATA=e0749041b22e9a530251
---
FUNC=memset
RA=0002f707
DST=0016f108
VAL=0
LEN=10
---
FUNC=stream
PHASE=pre
RA=0002f725
KEY=fce98ee9fdba887a8c2c36b569af6de5da132454729931ef048ad9f918330741
NONCE=e0749041b22e9a5302510000000000000000000000000001
LEN=10
IN=8ec24d410b8d11010d14
---
FUNC=stream
PHASE=post
KEY=fce98ee9fdba887a8c2c36b569af6de5da132454729931ef048ad9f918330741
NONCE=e0749041b22e9a5302510000000000000000000000000001
LEN=10
OUT=8c48428c79c140ebe9c2
---
FUNC=memmove
RA=000560cd
DST=0014edb0
SRC=0016f108
LEN=10
DATA=8c48428c79c140ebe9c2
---
FUNC=memmove
RA=0005613b
DST=0014edb1
SRC=0014edb0
LEN=9
DATA=8c48428c79c140ebe9
---
FUNC=memmove
RA=0005613b
DST=0014edb2
SRC=0014edb1
LEN=9
DATA=8c48428c79c140ebe9
---
FUNC=memmove
RA=0005613b
DST=0014edb3
SRC=0014edb2
LEN=9
DATA=8c48428c79c140ebe9
---
FUNC=memmove
RA=0005613b
DST=0014edb4
SRC=0014edb3
LEN=9
DATA=8c48428c79c140ebe9
---
FUNC=memmove
RA=0005613b
DST=0014edb5
SRC=0014edb4
LEN=9
DATA=8c48428c79c140ebe9
---
FUNC=memmove
RA=0005613b
DST=0014edb6
SRC=0014edb5
LEN=9
DATA=8c48428c79c140ebe9
---
FUNC=memmove
RA=0005613b
DST=0014edb7
SRC=0014edb6
LEN=9
DATA=8c48428c79c140ebe9
---
FUNC=memmove
RA=0005613b
DST=0014edb8
SRC=0014edb7
LEN=9
DATA=8c48428c79c140ebe9
---
FUNC=memmove
RA=0005613b
DST=0014edb9
SRC=0014edb8
LEN=9
DATA=8c48428c79c140ebe9
---
FUNC=memmove
RA=0005613b
DST=0014edba
SRC=0014edb9
LEN=9
DATA=8c48428c79c140ebe9
---
FUNC=memmove
RA=00032e61
DST=0015f150
SRC=0014edb0
LEN=20
DATA=e0749041b22e9a5302518c48428c79c140ebe9c2
---
FUNC=memmove
RA=00032e61
DST=00161018
SRC=0015f150
LEN=20
DATA=e0749041b22e9a5302518c48428c79c140ebe9c2
---
FUNC=memmove
RA=00032e61
DST=0016d558
SRC=00161018
LEN=20
DATA=e0749041b22e9a5302518c48428c79c140ebe9c2
---
FUNC=memmove
RA=00032e61
DST=0014ec60
SRC=0015ecd8
LEN=6
DATA=9041b22e9a53
---
FUNC=memcpy
RA=0005a7eb
DST=00145998
SRC=000ae817
LEN=4
DATA=64617461
---
FUNC=memcpy
RA=0005a7eb
DST=0016f318
SRC=000bcec9
LEN=6
DATA=7369676e616c
---
FUNC=memcpy
RA=0005a7eb
DST=0015f3b8
SRC=000bceaf
LEN=4
DATA=72737369
---
FUNC=memcpy
RA=0005a7eb
DST=beea6690
SRC=000bceea
LEN=15
DATA=6d6573736167655265636569766564
---
FUNC=memcpy
RA=00078c61
DST=beea649c
SRC=beea6418
LEN=132
DATA=54f7160004000000c020160084000000049516000400000070f915005e010000000000000000000000000000000000000000000000000000000000000000000000000000000000000000000000000000000000000000000000000000000000000000000000000000000000000000000000000000000000000000000000000000
---
FUNC=memcpy
RA=00078c73
DST=beea6528
SRC=beea649c
LEN=132
DATA=54f7160004000000c020160084000000049516000400000070f915005e010000000000000000000000000000000000000000000000000000000000000000000000000000000000000000000000000000000000000000000000000000000000000000000000000000000000000000000000000000000000000000000000000000
---
FUNC=memcpy
RA=0007552f
DST=beea4288
SRC=0016f754
LEN=4
DATA=827e0084
---
FUNC=memcpy
RA=0007552f
DST=beea428c
SRC=001620c0
LEN=132
DATA=01010000000000727b226572726f72223a22222c226572726f72436f6465223a302c226964223a2234663361336565332d643832312d343838352d616430352d396661366534333934323964222c2274696d657374616d70223a313737363739373936303034392c2274797065223a22726573706f6e7365227d020100000000
---
FUNC=memcpy
RA=0007552f
DST=beea4310
SRC=00169504
LEN=4
DATA=827e015e
---
FUNC=memcpy
RA=00076e4d
DST=beea62f4
SRC=beea6528
LEN=132
DATA=54f7160004000000c020160084000000049516000400000070f915005e010000000000000000000000000000000000000000000000000000000000000000000000000000000000000000000000000000000000000000000000000000000000000000000000000000000000000000000000000000000000000000000000000000
---
FUNC=memcpy
RA=00076e4d
DST=00170cd8
SRC=beea62f4
LEN=132
DATA=54f7160004000000c020160084000000049516000400000070f915005e010000000000000000000000000000000000000000000000000000000000000000000000000000000000000000000000000000000000000000000000000000000000000000000000000000000000000000000000000000000000000000000000000000
---
FUNC=memcpy
RA=00076e4d
DST=beea68d4
SRC=00170cd8
LEN=132
DATA=54f7160004000000c020160084000000049516000400000070f915005e010000000000000000000000000000000000000000000000000000000000000000000000000000000000000000000000000000000000000000000000000000000000000000000000000000000000000000000000000000000000000000000000000000
---
FUNC=memmove
RA=00032e61
DST=0016a110
SRC=001711ba
LEN=6
DATA=00d380569670
---
FUNC=memmove
RA=00032e61
DST=beea6624
SRC=0016a112
LEN=4
DATA=80569670
---
FUNC=memmove
RA=00036873
DST=0016f108
SRC=0015f6a0
LEN=4
DATA=226d6163
---
FUNC=memmove
RA=00036873
DST=0016f118
SRC=0016f108
LEN=8
DATA=2239303431423232
---
FUNC=memcpy
RA=00032be9
DST=0015f3b8
SRC=beea60c4
LEN=12
DATA=393034314232324539413533
---
FUNC=memcpy
RA=00032be9
DST=0015f280
SRC=beea60c4
LEN=4
DATA=64617461
---
FUNC=memcpy
RA=00032be9
DST=0014ecc8
SRC=beea60c4
LEN=12
DATA=306538663064303030313263
---
FUNC=memcpy
RA=00032be9
DST=0016d8e0
SRC=beea60c4
LEN=4
DATA=64757479
---
FUNC=memcpy
RA=00032be9
DST=0015f360
SRC=beea60c4
LEN=7
DATA=74696d656f7574
---
FUNC=memset
RA=00032679
DST=0015e648
VAL=0
LEN=6
---
FUNC=memcpy
RA=0005a7eb
DST=beea6240
SRC=000ae817
LEN=4
DATA=64617461
---
FUNC=memset
RA=00032679
DST=0015f6a0
VAL=0
LEN=6
---
FUNC=memcpy
RA=0005a7eb
DST=beea6240
SRC=000bcf90
LEN=4
DATA=64757479
---
FUNC=memcpy
RA=0005a7eb
DST=beea6240
SRC=000be5db
LEN=7
DATA=74696d656f7574
---
FUNC=memmove
RA=00032e61
DST=0016f108
SRC=0015e648
LEN=6
DATA=9041b22e9a53
---
FUNC=memmove
RA=00032e61
DST=0015e658
SRC=0016f108
LEN=6
DATA=9041b22e9a53
---
FUNC=memmove
RA=00032e61
DST=00161310
SRC=0015e658
LEN=6
DATA=9041b22e9a53
---
FUNC=memmove
RA=00032e61
DST=0015e658
SRC=00161310
LEN=6
DATA=9041b22e9a53
---
FUNC=memmove
RA=00032e61
DST=00161310
SRC=0015e658
LEN=6
DATA=9041b22e9a53
---
FUNC=memmove
RA=00032e61
DST=001612a8
SRC=0015f6a0
LEN=6
DATA=0e8f0d00012c
---
FUNC=memmove
RA=00032e61
DST=0016a110
SRC=001711ba
LEN=6
DATA=00d369f8a153
---
FUNC=memmove
RA=00032e61
DST=beea6624
SRC=0016a112
LEN=4
DATA=69f8a153
---
FUNC=memmove
RA=00036873
DST=0016d548
SRC=0015e658
LEN=4
DATA=226d6163
---
FUNC=memmove
RA=00036873
DST=0014ed80
SRC=0016d548
LEN=8
DATA=2239303431423232
---
FUNC=memcpy
RA=00032be9
DST=0014ecc8
SRC=beea60c4
LEN=12
DATA=393034314232324539413533
---
FUNC=memcpy
RA=00032be9
DST=0016b950
SRC=beea60c4
LEN=4
DATA=64617461
---
FUNC=memcpy
RA=00032be9
DST=0015f3b8
SRC=beea60c4
LEN=12
DATA=306239303131303130643134
---
FUNC=memcpy
RA=00032be9
DST=0015f550
SRC=beea60c4
LEN=4
DATA=64757479
---
FUNC=memcpy
RA=00032be9
DST=0015f678
SRC=beea60c4
LEN=7
DATA=74696d656f7574
---
FUNC=memset
RA=00032679
DST=0015f6a0
VAL=0
LEN=6
---
FUNC=memcpy
RA=0005a7eb
DST=beea6240
SRC=000ae817
LEN=4
DATA=64617461
---
FUNC=memset
RA=00032679
DST=0015e658
VAL=0
LEN=6
---
FUNC=memcpy
RA=0005a7eb
DST=beea6240
SRC=000bcf90
LEN=4
DATA=64757479
---
FUNC=memcpy
RA=0005a7eb
DST=beea6240
SRC=000be5db
LEN=7
DATA=74696d656f7574
---
FUNC=memmove
RA=00032e61
DST=0016d548
SRC=0015f6a0
LEN=6
DATA=9041b22e9a53
---
FUNC=memmove
RA=00032e61
DST=0014ef30
SRC=0016d548
LEN=6
DATA=9041b22e9a53
---
FUNC=memmove
RA=00032e61
DST=0015f6b0
SRC=0014ef30
LEN=6
DATA=9041b22e9a53
---
FUNC=memmove
RA=00032e61
DST=0014ef30
SRC=0015f6b0
LEN=6
DATA=9041b22e9a53
---
FUNC=memmove
RA=00032e61
DST=0015f6b0
SRC=0014ef30
LEN=6
DATA=9041b22e9a53
---
FUNC=memmove
RA=00032e61
DST=0015f258
SRC=0015e658
LEN=6
DATA=0b9011010d14
---
FUNC=memmove
RA=00032e61
DST=b5c00618
SRC=b5fc529c
LEN=16
DATA=e0439041b22e9a530382011908c41ad2
---
FUNC=memmove
RA=00032e61
DST=b5c00680
SRC=b5c00618
LEN=16
DATA=e0439041b22e9a530382011908c41ad2
---
FUNC=memmove
RA=00032e61
DST=b5c006c0
SRC=b5c00680
LEN=16
DATA=e0439041b22e9a530382011908c41ad2
---
FUNC=memmove
RA=00032e61
DST=b5c00738
SRC=b5c006c0
LEN=16
DATA=e0439041b22e9a530382011908c41ad2
---
FUNC=memmove
RA=00032e61
DST=0016fce0
SRC=b5c00738
LEN=16
DATA=e0439041b22e9a530382011908c41ad2
---
FUNC=memmove
RA=00032e61
DST=0016d530
SRC=0016fce0
LEN=16
DATA=e0439041b22e9a530382011908c41ad2
---
FUNC=memcpy
RA=0005790f
DST=0014eb40
SRC=000bc077
LEN=19
DATA=4c6f52612065786368616e6765206374782040
---
FUNC=memset
RA=00032679
DST=0014ef30
VAL=0
LEN=6
---
FUNC=memset
RA=00044c03
DST=001620b0
VAL=0
LEN=6
---
FUNC=memmove
RA=00032e61
DST=0014ef30
SRC=001620b0
LEN=6
DATA=9041b22e9a53
---
FUNC=memset
RA=00032679
DST=001620b0
VAL=0
LEN=6
---
FUNC=memmove
RA=00032e61
DST=b5c00c70
SRC=0015f3d0
LEN=32
DATA=fce98ee9fdba887a8c2c36b569af6de5da132454729931ef048ad9f918330741
---
FUNC=memset
RA=00032679
DST=0016d8f8
VAL=0
LEN=6
---
FUNC=memset
RA=00044c03
DST=0015fbb0
VAL=0
LEN=6
---
FUNC=memmove
RA=00032e61
DST=0016d8f8
SRC=0015fbb0
LEN=6
DATA=9041b22e9a53
---
FUNC=memset
RA=00032679
DST=0014f0e0
VAL=0
LEN=24
---
FUNC=memcpy
RA=0003c05b
DST=0014f0e0
SRC=0016d530
LEN=10
DATA=e0439041b22e9a530382
---
FUNC=memset
RA=0002f707
DST=0015fbb0
VAL=0
LEN=6
---
FUNC=stream
PHASE=pre
RA=0002f725
KEY=fce98ee9fdba887a8c2c36b569af6de5da132454729931ef048ad9f918330741
NONCE=e0439041b22e9a5303820000000000000000000000000001
LEN=6
IN=011908c41ad2
---
FUNC=stream
PHASE=post
KEY=fce98ee9fdba887a8c2c36b569af6de5da132454729931ef048ad9f918330741
NONCE=e0439041b22e9a5303820000000000000000000000000001
LEN=6
OUT=ca3b7c260100
---
FUNC=memmove
RA=000560cd
DST=0015fbc0
SRC=0015fbb0
LEN=6
DATA=ca3b7c260100
---
FUNC=memmove
RA=0005613b
DST=0015fbc1
SRC=0015fbc0
LEN=5
DATA=ca3b7c2601
---
FUNC=memmove
RA=0005613b
DST=0015fbc2
SRC=0015fbc1
LEN=5
DATA=ca3b7c2601
---
FUNC=memmove
RA=0005613b
DST=0015fbc3
SRC=0015fbc2
LEN=5
DATA=ca3b7c2601
---
FUNC=memmove
RA=0005613b
DST=0015fbc4
SRC=0015fbc3
LEN=5
DATA=ca3b7c2601
---
FUNC=memmove
RA=0005613b
DST=0015fbc5
SRC=0015fbc4
LEN=5
DATA=ca3b7c2601
---
FUNC=memmove
RA=0005613b
DST=0015fbc6
SRC=0015fbc5
LEN=5
DATA=ca3b7c2601
---
FUNC=memmove
RA=0005613b
DST=0015fbc7
SRC=0015fbc6
LEN=5
DATA=ca3b7c2601
---
FUNC=memmove
RA=0005613b
DST=0015fbc8
SRC=0015fbc7
LEN=5
DATA=ca3b7c2601
---
FUNC=memmove
RA=0005613b
DST=0015fbc9
SRC=0015fbc8
LEN=5
DATA=ca3b7c2601
---
FUNC=memmove
RA=0005613b
DST=0015fbca
SRC=0015fbc9
LEN=5
DATA=ca3b7c2601
---
FUNC=memset
RA=00032679
DST=0015fc08
VAL=0
LEN=4
---
FUNC=memset
RA=000329ab
DST=0015fc18
VAL=0
LEN=4
---
FUNC=gh_init
STATE=0015e460
KEYLEN=0
OUTLEN=4
---
FUNC=gh_update
STATE=0015e460
LEN=10
DATA=e0439041b22e9a530382
---
FUNC=gh_update
STATE=0015e460
LEN=4
DATA=00000000
---
FUNC=gh_update
STATE=0015e460
LEN=2
DATA=0100
---
FUNC=gh_final
RA=0002eba3
STATE=0015e460
OUTLEN=4
OUT=ca3b7c26
---
FUNC=memmove
RA=00032e61
DST=0015fc28
SRC=0015fc08
LEN=4
DATA=ca3b7c26
---
FUNC=memcpy
RA=00055ddf
DST=beea6440
SRC=0015fc28
LEN=4
DATA=ca3b7c26
---
FUNC=memmove
RA=00032e61
DST=0016fcf8
SRC=00122ed0
LEN=6
DATA=9041b22e9a53
---
FUNC=memmove
RA=000699d7
DST=0015e370
SRC=001620c0
LEN=132
DATA=01010000000000727b226572726f72223a22222c226572726f72436f6465223a302c226964223a2239363438386563362d376133362d346435392d386231382d306132636261396332663035222c2274696d657374616d70223a313737363739373936313039302c2274797065223a22726573706f6e7365227d020100000000
---
FUNC=memset
RA=00032679
DST=0016fcf8
VAL=0
LEN=6
---
FUNC=memmove
RA=00032e61
DST=0016fcf8
SRC=001492d0
LEN=6
DATA=9041b22e9a53
---
FUNC=memset
RA=0003298b
DST=0016f902
VAL=0
LEN=6
---
FUNC=memcpy
RA=00038bcd
DST=0016f902
SRC=0016fcf8
LEN=6
DATA=9041b22e9a53
---
FUNC=memset
RA=0003298b
DST=0016f90a
VAL=0
LEN=4
---
FUNC=memmove
RA=00032e61
DST=0016f90e
SRC=0016fd70
LEN=70
DATA=028e093feaff88ff41541675e75ae08b00f1a5a7af2bb66f90ccacba5001629b1143fcffbfa1c5133ba7e12e2627d6180897bcbee10ef8e237a0fc8a75aa740ea9320000048f
---
FUNC=memmove
RA=00032e61
DST=0018ea40
SRC=0016f900
LEN=84
DATA=e0749041b22e9a53035300000000028e093feaff88ff41541675e75ae08b00f1a5a7af2bb66f90ccacba5001629b1143fcffbfa1c5133ba7e12e2627d6180897bcbee10ef8e237a0fc8a75aa740ea9320000048f
---
FUNC=memset
RA=00032679
DST=0015f298
VAL=0
LEN=4
---
FUNC=memset
RA=000329ab
DST=0015f180
VAL=0
LEN=4
---
FUNC=gh_init
STATE=0015e460
KEYLEN=0
OUTLEN=4
---
FUNC=gh_update
STATE=0015e460
LEN=10
DATA=e0749041b22e9a530353
---
FUNC=gh_update
STATE=0015e460
LEN=4
DATA=00000000
---
FUNC=gh_update
STATE=0015e460
LEN=70
DATA=028e093feaff88ff41541675e75ae08b00f1a5a7af2bb66f90ccacba5001629b1143fcffbfa1c5133ba7e12e2627d6180897bcbee10ef8e237a0fc8a75aa740ea9320000048f
---
FUNC=gh_final
RA=0002eba3
STATE=0015e460
OUTLEN=4
OUT=e8a3c144
---
FUNC=memmove
RA=00032e61
DST=0015f190
SRC=0015f298
LEN=4
DATA=e8a3c144
---
FUNC=memcpy
RA=00055ddf
DST=beea6418
SRC=0015f190
LEN=4
DATA=e8a3c144
---
FUNC=memset
RA=000329ab
DST=0015f298
VAL=0
LEN=4
---
FUNC=memmove
RA=00055e85
DST=0018ea4a
SRC=0015f298
LEN=4
DATA=e8a3c144
---
FUNC=memset
RA=00032679
DST=0016d0b0
VAL=0
LEN=24
---
FUNC=memcpy
RA=0003c05b
DST=0016d0b0
SRC=0018ea40
LEN=10
DATA=e0749041b22e9a530353
---
FUNC=memset
RA=0002f707
DST=00148200
VAL=0
LEN=74
---
FUNC=stream
PHASE=pre
RA=0002f725
KEY=fce98ee9fdba887a8c2c36b569af6de5da132454729931ef048ad9f918330741
NONCE=e0749041b22e9a5303530000000000000000000000000002
LEN=74
IN=e8a3c144028e093feaff88ff41541675e75ae08b00f1a5a7af2bb66f90ccacba5001629b1143fcffbfa1c5133ba7e12e2627d6180897bcbee10ef8e237a0fc8a75aa740ea9320000048f
---
FUNC=stream
PHASE=post
KEY=fce98ee9fdba887a8c2c36b569af6de5da132454729931ef048ad9f918330741
NONCE=e0749041b22e9a5303530000000000000000000000000002
LEN=74
OUT=f19da01075303c42ebd9a26d92d8f9fafc92c820d99bf93f462faa615cafd1021a046e2d8d4de86e722c87ccc30eb8b6a2ad3c93c9d071015a605d1ba8b3560100fe8fb4b7ac007a649d
---
FUNC=memmove
RA=000560cd
DST=0016e528
SRC=00148200
LEN=74
DATA=f19da01075303c42ebd9a26d92d8f9fafc92c820d99bf93f462faa615cafd1021a046e2d8d4de86e722c87ccc30eb8b6a2ad3c93c9d071015a605d1ba8b3560100fe8fb4b7ac007a649d
---
FUNC=memmove
RA=0005613b
DST=0016e529
SRC=0016e528
LEN=73
DATA=f19da01075303c42ebd9a26d92d8f9fafc92c820d99bf93f462faa615cafd1021a046e2d8d4de86e722c87ccc30eb8b6a2ad3c93c9d071015a605d1ba8b3560100fe8fb4b7ac007a64
---
FUNC=memmove
RA=0005613b
DST=0016e52a
SRC=0016e529
LEN=73
DATA=f19da01075303c42ebd9a26d92d8f9fafc92c820d99bf93f462faa615cafd1021a046e2d8d4de86e722c87ccc30eb8b6a2ad3c93c9d071015a605d1ba8b3560100fe8fb4b7ac007a64
---
FUNC=memmove
RA=0005613b
DST=0016e52b
SRC=0016e52a
LEN=73
DATA=f19da01075303c42ebd9a26d92d8f9fafc92c820d99bf93f462faa615cafd1021a046e2d8d4de86e722c87ccc30eb8b6a2ad3c93c9d071015a605d1ba8b3560100fe8fb4b7ac007a64
---
FUNC=memmove
RA=0005613b
DST=0016e52c
SRC=0016e52b
LEN=73
DATA=f19da01075303c42ebd9a26d92d8f9fafc92c820d99bf93f462faa615cafd1021a046e2d8d4de86e722c87ccc30eb8b6a2ad3c93c9d071015a605d1ba8b3560100fe8fb4b7ac007a64
---
FUNC=memmove
RA=0005613b
DST=0016e52d
SRC=0016e52c
LEN=73
DATA=f19da01075303c42ebd9a26d92d8f9fafc92c820d99bf93f462faa615cafd1021a046e2d8d4de86e722c87ccc30eb8b6a2ad3c93c9d071015a605d1ba8b3560100fe8fb4b7ac007a64
---
FUNC=memmove
RA=0005613b
DST=0016e52e
SRC=0016e52d
LEN=73
DATA=f19da01075303c42ebd9a26d92d8f9fafc92c820d99bf93f462faa615cafd1021a046e2d8d4de86e722c87ccc30eb8b6a2ad3c93c9d071015a605d1ba8b3560100fe8fb4b7ac007a64
---
FUNC=memmove
RA=0005613b
DST=0016e52f
SRC=0016e52e
LEN=73
DATA=f19da01075303c42ebd9a26d92d8f9fafc92c820d99bf93f462faa615cafd1021a046e2d8d4de86e722c87ccc30eb8b6a2ad3c93c9d071015a605d1ba8b3560100fe8fb4b7ac007a64
---
FUNC=memmove
RA=0005613b
DST=0016e530
SRC=0016e52f
LEN=73
DATA=f19da01075303c42ebd9a26d92d8f9fafc92c820d99bf93f462faa615cafd1021a046e2d8d4de86e722c87ccc30eb8b6a2ad3c93c9d071015a605d1ba8b3560100fe8fb4b7ac007a64
---
FUNC=memmove
RA=0005613b
DST=0016e531
SRC=0016e530
LEN=73
DATA=f19da01075303c42ebd9a26d92d8f9fafc92c820d99bf93f462faa615cafd1021a046e2d8d4de86e722c87ccc30eb8b6a2ad3c93c9d071015a605d1ba8b3560100fe8fb4b7ac007a64
---
FUNC=memmove
RA=0005613b
DST=0016e532
SRC=0016e531
LEN=73
DATA=f19da01075303c42ebd9a26d92d8f9fafc92c820d99bf93f462faa615cafd1021a046e2d8d4de86e722c87ccc30eb8b6a2ad3c93c9d071015a605d1ba8b3560100fe8fb4b7ac007a64
---
FUNC=memmove
RA=00032e61
DST=0016f900
SRC=0016e528
LEN=84
DATA=e0749041b22e9a530353f19da01075303c42ebd9a26d92d8f9fafc92c820d99bf93f462faa615cafd1021a046e2d8d4de86e722c87ccc30eb8b6a2ad3c93c9d071015a605d1ba8b3560100fe8fb4b7ac007a649d
---
FUNC=memmove
RA=00032e61
DST=0018ea40
SRC=0016f900
LEN=84
DATA=e0749041b22e9a530353f19da01075303c42ebd9a26d92d8f9fafc92c820d99bf93f462faa615cafd1021a046e2d8d4de86e722c87ccc30eb8b6a2ad3c93c9d071015a605d1ba8b3560100fe8fb4b7ac007a649d
---
FUNC=memmove
RA=00032e61
DST=0015f1a8
SRC=0018ea40
LEN=84
DATA=e0749041b22e9a530353f19da01075303c42ebd9a26d92d8f9fafc92c820d99bf93f462faa615cafd1021a046e2d8d4de86e722c87ccc30eb8b6a2ad3c93c9d071015a605d1ba8b3560100fe8fb4b7ac007a649d
---
FUNC=memcpy
RA=00078c61
DST=beea649c
SRC=beea6418
LEN=132
DATA=54f716000400000070e315008400000000000000000000000000000000000000000000000000000000000000000000000000000000000000000000000000000000000000000000000000000000000000000000000000000000000000000000000000000000000000000000000000000000000000000000000000000000000000
---
FUNC=memcpy
RA=00078c73
DST=beea6528
SRC=beea649c
LEN=132
DATA=54f716000400000070e315008400000000000000000000000000000000000000000000000000000000000000000000000000000000000000000000000000000000000000000000000000000000000000000000000000000000000000000000000000000000000000000000000000000000000000000000000000000000000000
---
FUNC=memcpy
RA=0007552f
DST=beea4288
SRC=0016f754
LEN=4
DATA=827e0084
---
FUNC=memcpy
RA=0007552f
DST=beea428c
SRC=0015e370
LEN=132
DATA=01010000000000727b226572726f72223a22222c226572726f72436f6465223a302c226964223a2239363438386563362d376133362d346435392d386231382d306132636261396332663035222c2274696d657374616d70223a313737363739373936313039302c2274797065223a22726573706f6e7365227d020100000000
---
FUNC=memcpy
RA=00076e4d
DST=beea62f4
SRC=beea6528
LEN=132
DATA=54f716000400000070e315008400000000000000000000000000000000000000000000000000000000000000000000000000000000000000000000000000000000000000000000000000000000000000000000000000000000000000000000000000000000000000000000000000000000000000000000000000000000000000
---
FUNC=memcpy
RA=00076e4d
DST=00170cd8
SRC=beea62f4
LEN=132
DATA=54f716000400000070e315008400000000000000000000000000000000000000000000000000000000000000000000000000000000000000000000000000000000000000000000000000000000000000000000000000000000000000000000000000000000000000000000000000000000000000000000000000000000000000
---
FUNC=memcpy
RA=00076e4d
DST=beea68d4
SRC=00170cd8
LEN=132
DATA=54f716000400000070e315008400000000000000000000000000000000000000000000000000000000000000000000000000000000000000000000000000000000000000000000000000000000000000000000000000000000000000000000000000000000000000000000000000000000000000000000000000000000000000
---
FUNC=memmove
RA=00032e61
DST=b5c00750
SRC=b5fc529c
LEN=80
DATA=e0549041b22e9a5304838702483a1d4bed8ceaad77821f1eb799ac9fb2e9fa36e2146b6f29c142f8b4f07609663e5433220e05413faf871490effe2f46aad8efaf2daa70dd2e388cbf6a1cf4e7ac548a
---
FUNC=memmove
RA=00032e61
DST=b5c007a8
SRC=b5c00750
LEN=80
DATA=e0549041b22e9a5304838702483a1d4bed8ceaad77821f1eb799ac9fb2e9fa36e2146b6f29c142f8b4f07609663e5433220e05413faf871490effe2f46aad8efaf2daa70dd2e388cbf6a1cf4e7ac548a
---
FUNC=memmove
RA=00032e61
DST=b5c00800
SRC=b5c007a8
LEN=80
DATA=e0549041b22e9a5304838702483a1d4bed8ceaad77821f1eb799ac9fb2e9fa36e2146b6f29c142f8b4f07609663e5433220e05413faf871490effe2f46aad8efaf2daa70dd2e388cbf6a1cf4e7ac548a
---
FUNC=memmove
RA=00032e61
DST=b5c00e78
SRC=b5c00800
LEN=80
DATA=e0549041b22e9a5304838702483a1d4bed8ceaad77821f1eb799ac9fb2e9fa36e2146b6f29c142f8b4f07609663e5433220e05413faf871490effe2f46aad8efaf2daa70dd2e388cbf6a1cf4e7ac548a
---
FUNC=memmove
RA=00032e61
DST=0016e528
SRC=b5c00e78
LEN=80
DATA=e0549041b22e9a5304838702483a1d4bed8ceaad77821f1eb799ac9fb2e9fa36e2146b6f29c142f8b4f07609663e5433220e05413faf871490effe2f46aad8efaf2daa70dd2e388cbf6a1cf4e7ac548a
---
FUNC=memmove
RA=00032e61
DST=b5c00e78
SRC=0016e528
LEN=80
DATA=e0549041b22e9a5304838702483a1d4bed8ceaad77821f1eb799ac9fb2e9fa36e2146b6f29c142f8b4f07609663e5433220e05413faf871490effe2f46aad8efaf2daa70dd2e388cbf6a1cf4e7ac548a
---
FUNC=memcpy
RA=0005790f
DST=0015f360
SRC=000bc077
LEN=19
DATA=4c6f52612065786368616e6765206374782040
---
FUNC=memset
RA=00032679
DST=0015f298
VAL=0
LEN=6
---
FUNC=memset
RA=00044c03
DST=0015f180
VAL=0
LEN=6
---
FUNC=memmove
RA=00032e61
DST=0015f298
SRC=0015f180
LEN=6
DATA=9041b22e9a53
---
FUNC=memset
RA=00032679
DST=0015f180
VAL=0
LEN=6
---
FUNC=memmove
RA=00032e61
DST=b5c00db8
SRC=0015f3d0
LEN=32
DATA=fce98ee9fdba887a8c2c36b569af6de5da132454729931ef048ad9f918330741
---
FUNC=memset
RA=00032679
DST=001450d0
VAL=0
LEN=6
---
FUNC=memset
RA=00044c03
DST=0016f0f0
VAL=0
LEN=6
---
FUNC=memmove
RA=00032e61
DST=001450d0
SRC=0016f0f0
LEN=6
DATA=9041b22e9a53
---
FUNC=memset
RA=00032679
DST=0014f0e0
VAL=0
LEN=24
---
FUNC=memcpy
RA=0003c05b
DST=0014f0e0
SRC=b5c00e78
LEN=10
DATA=e0549041b22e9a530483
---
FUNC=memset
RA=0002f707
DST=0016fd70
VAL=0
LEN=70
---
FUNC=stream
PHASE=pre
RA=0002f725
KEY=fce98ee9fdba887a8c2c36b569af6de5da132454729931ef048ad9f918330741
NONCE=e0549041b22e9a5304830000000000000000000000000001
LEN=70
IN=8702483a1d4bed8ceaad77821f1eb799ac9fb2e9fa36e2146b6f29c142f8b4f07609663e5433220e05413faf871490effe2f46aad8efaf2daa70dd2e388cbf6a1cf4e7ac548a
---
FUNC=stream
PHASE=post
KEY=fce98ee9fdba887a8c2c36b569af6de5da132454729931ef048ad9f918330741
NONCE=e0549041b22e9a5304830000000000000000000000000001
LEN=70
OUT=6d91bfa3038e032e6dce8f16bcad087ed723510ee7342caa17226e21c66bf9ce8662063d291a4206e22d3605e05324726a81e8801d5e538a0adddec2ba9d2c5f39e9a505440f
---
FUNC=memmove
RA=000560cd
DST=0016f900
SRC=0016fd70
LEN=70
DATA=6d91bfa3038e032e6dce8f16bcad087ed723510ee7342caa17226e21c66bf9ce8662063d291a4206e22d3605e05324726a81e8801d5e538a0adddec2ba9d2c5f39e9a505440f
---
FUNC=memmove
RA=0005613b
DST=0016f901
SRC=0016f900
LEN=69
DATA=6d91bfa3038e032e6dce8f16bcad087ed723510ee7342caa17226e21c66bf9ce8662063d291a4206e22d3605e05324726a81e8801d5e538a0adddec2ba9d2c5f39e9a50544
---
FUNC=memmove
RA=0005613b
DST=0016f902
SRC=0016f901
LEN=69
DATA=6d91bfa3038e032e6dce8f16bcad087ed723510ee7342caa17226e21c66bf9ce8662063d291a4206e22d3605e05324726a81e8801d5e538a0adddec2ba9d2c5f39e9a50544
---
FUNC=memmove
RA=0005613b
DST=0016f903
SRC=0016f902
LEN=69
DATA=6d91bfa3038e032e6dce8f16bcad087ed723510ee7342caa17226e21c66bf9ce8662063d291a4206e22d3605e05324726a81e8801d5e538a0adddec2ba9d2c5f39e9a50544
---
FUNC=memmove
RA=0005613b
DST=0016f904
SRC=0016f903
LEN=69
DATA=6d91bfa3038e032e6dce8f16bcad087ed723510ee7342caa17226e21c66bf9ce8662063d291a4206e22d3605e05324726a81e8801d5e538a0adddec2ba9d2c5f39e9a50544
---
FUNC=memmove
RA=0005613b
DST=0016f905
SRC=0016f904
LEN=69
DATA=6d91bfa3038e032e6dce8f16bcad087ed723510ee7342caa17226e21c66bf9ce8662063d291a4206e22d3605e05324726a81e8801d5e538a0adddec2ba9d2c5f39e9a50544
---
FUNC=memmove
RA=0005613b
DST=0016f906
SRC=0016f905
LEN=69
DATA=6d91bfa3038e032e6dce8f16bcad087ed723510ee7342caa17226e21c66bf9ce8662063d291a4206e22d3605e05324726a81e8801d5e538a0adddec2ba9d2c5f39e9a50544
---
FUNC=memmove
RA=0005613b
DST=0016f907
SRC=0016f906
LEN=69
DATA=6d91bfa3038e032e6dce8f16bcad087ed723510ee7342caa17226e21c66bf9ce8662063d291a4206e22d3605e05324726a81e8801d5e538a0adddec2ba9d2c5f39e9a50544
---
FUNC=memmove
RA=0005613b
DST=0016f908
SRC=0016f907
LEN=69
DATA=6d91bfa3038e032e6dce8f16bcad087ed723510ee7342caa17226e21c66bf9ce8662063d291a4206e22d3605e05324726a81e8801d5e538a0adddec2ba9d2c5f39e9a50544
---
FUNC=memmove
RA=0005613b
DST=0016f909
SRC=0016f908
LEN=69
DATA=6d91bfa3038e032e6dce8f16bcad087ed723510ee7342caa17226e21c66bf9ce8662063d291a4206e22d3605e05324726a81e8801d5e538a0adddec2ba9d2c5f39e9a50544
---
FUNC=memmove
RA=0005613b
DST=0016f90a
SRC=0016f909
LEN=69
DATA=6d91bfa3038e032e6dce8f16bcad087ed723510ee7342caa17226e21c66bf9ce8662063d291a4206e22d3605e05324726a81e8801d5e538a0adddec2ba9d2c5f39e9a50544
---
FUNC=memset
RA=00032679
DST=0014ebc8
VAL=0
LEN=4
---
FUNC=memset
RA=000329ab
DST=0015f268
VAL=0
LEN=4
---
FUNC=gh_init
STATE=0015e460
KEYLEN=0
OUTLEN=4
---
FUNC=gh_update
STATE=0015e460
LEN=10
DATA=e0549041b22e9a530483
---
FUNC=gh_update
STATE=0015e460
LEN=4
DATA=00000000
---
FUNC=gh_update
STATE=0015e460
LEN=66
DATA=038e032e6dce8f16bcad087ed723510ee7342caa17226e21c66bf9ce8662063d291a4206e22d3605e05324726a81e8801d5e538a0adddec2ba9d2c5f39e9a505440f
---
FUNC=gh_final
RA=0002eba3
STATE=0015e460
OUTLEN=4
OUT=6d91bfa3
---
FUNC=memmove
RA=00032e61
DST=0015f278
SRC=0014ebc8
LEN=4
DATA=6d91bfa3
---
FUNC=memcpy
RA=00055ddf
DST=beea6508
SRC=0015f278
LEN=4
DATA=6d91bfa3
---
FUNC=memmove
RA=00056a3f
DST=0016f900
SRC=0016f90e
LEN=66
DATA=038e032e6dce8f16bcad087ed723510ee7342caa17226e21c66bf9ce8662063d291a4206e22d3605e05324726a81e8801d5e538a0adddec2ba9d2c5f39e9a505440f
---
FUNC=memmove
RA=00032e61
DST=0016fcf8
SRC=0014e960
LEN=6
DATA=9041b22e9a53
---
FUNC=memmove
RA=000699d7
DST=001620c0
SRC=0015e370
LEN=132
DATA=01010000000000727b226572726f72223a22222c226572726f72436f6465223a302c226964223a2230356162636433302d396536322d343535652d383538322d393232623337663435373732222c2274696d657374616d70223a313737363739373936333637382c2274797065223a22726573706f6e7365227d020100000000
---
FUNC=memset
RA=00032679
DST=0014ebc8
VAL=0
LEN=6
---
FUNC=memmove
RA=00032e61
DST=0014ebc8
SRC=001492d0
LEN=6
DATA=9041b22e9a53
---
FUNC=memset
RA=0003298b
DST=0014ec4a
VAL=0
LEN=6
---
FUNC=memcpy
RA=00038bcd
DST=0014ec4a
SRC=0014ebc8
LEN=6
DATA=9041b22e9a53
---
FUNC=memset
RA=0003298b
DST=0014ec52
VAL=0
LEN=4
---
FUNC=memmove
RA=00032e61
DST=0014ec56
SRC=001612a8
LEN=6
DATA=0e8f0d00012c
---
FUNC=memmove
RA=00032e61
DST=0015fbc0
SRC=0014ec48
LEN=20
DATA=e0749041b22e9a5304c4000000000e8f0d00012c
---
FUNC=memset
RA=00032679
DST=0014eaf8
VAL=0
LEN=4
---
FUNC=memset
RA=000329ab
DST=0015e658
VAL=0
LEN=4
---
FUNC=gh_init
STATE=0015e460
KEYLEN=0
OUTLEN=4
---
FUNC=gh_update
STATE=0015e460
LEN=10
DATA=e0749041b22e9a5304c4
---
FUNC=gh_update
STATE=0015e460
LEN=4
DATA=00000000
---
FUNC=gh_update
STATE=0015e460
LEN=6
DATA=0e8f0d00012c
---
FUNC=gh_final
RA=0002eba3
STATE=0015e460
OUTLEN=4
OUT=8eba3890
---
FUNC=memmove
RA=00032e61
DST=00122ed0
SRC=0014eaf8
LEN=4
DATA=8eba3890
---
FUNC=memcpy
RA=00055ddf
DST=beea64e0
SRC=00122ed0
LEN=4
DATA=8eba3890
---
FUNC=memset
RA=000329ab
DST=00122ed0
VAL=0
LEN=4
---
FUNC=memmove
RA=00055e85
DST=0015fbca
SRC=00122ed0
LEN=4
DATA=8eba3890
---
FUNC=memset
RA=00032679
DST=0015f3f8
VAL=0
LEN=24
---
FUNC=memcpy
RA=0003c05b
DST=0015f3f8
SRC=0015fbc0
LEN=10
DATA=e0749041b22e9a5304c4
---
FUNC=memset
RA=0002f707
DST=0015f268
VAL=0
LEN=10
---
FUNC=stream
PHASE=pre
RA=0002f725
KEY=fce98ee9fdba887a8c2c36b569af6de5da132454729931ef048ad9f918330741
NONCE=e0749041b22e9a5304c40000000000000000000000000003
LEN=10
IN=8eba38900e8f0d00012c
---
FUNC=stream
PHASE=post
KEY=fce98ee9fdba887a8c2c36b569af6de5da132454729931ef048ad9f918330741
NONCE=e0749041b22e9a5304c40000000000000000000000000003
LEN=10
OUT=bf228708883a20ba9766
---
FUNC=memmove
RA=000560cd
DST=0014eb58
SRC=0015f268
LEN=10
DATA=bf228708883a20ba9766
---
FUNC=memmove
RA=0005613b
DST=0014eb59
SRC=0014eb58
LEN=9
DATA=bf228708883a20ba97
---
FUNC=memmove
RA=0005613b
DST=0014eb5a
SRC=0014eb59
LEN=9
DATA=bf228708883a20ba97
---
FUNC=memmove
RA=0005613b
DST=0014eb5b
SRC=0014eb5a
LEN=9
DATA=bf228708883a20ba97
---
FUNC=memmove
RA=0005613b
DST=0014eb5c
SRC=0014eb5b
LEN=9
DATA=bf228708883a20ba97
---
FUNC=memmove
RA=0005613b
DST=0014eb5d
SRC=0014eb5c
LEN=9
DATA=bf228708883a20ba97
---
FUNC=memmove
RA=0005613b
DST=0014eb5e
SRC=0014eb5d
LEN=9
DATA=bf228708883a20ba97
---
FUNC=memmove
RA=0005613b
DST=0014eb5f
SRC=0014eb5e
LEN=9
DATA=bf228708883a20ba97
---
FUNC=memmove
RA=0005613b
DST=0014eb60
SRC=0014eb5f
LEN=9
DATA=bf228708883a20ba97
---
FUNC=memmove
RA=0005613b
DST=0014eb61
SRC=0014eb60
LEN=9
DATA=bf228708883a20ba97
---
FUNC=memmove
RA=0005613b
DST=0014eb62
SRC=0014eb61
LEN=9
DATA=bf228708883a20ba97
---
FUNC=memmove
RA=00032e61
DST=0016d530
SRC=0014eb58
LEN=20
DATA=e0749041b22e9a5304c4bf228708883a20ba9766
---
FUNC=memmove
RA=00032e61
DST=0014e970
SRC=0016d530
LEN=20
DATA=e0749041b22e9a5304c4bf228708883a20ba9766
---
FUNC=memmove
RA=00032e61
DST=0015fb38
SRC=0014e970
LEN=20
DATA=e0749041b22e9a5304c4bf228708883a20ba9766
---
FUNC=memmove
RA=00032e61
DST=0015f268
SRC=0015ecd8
LEN=6
DATA=9041b22e9a53
---
FUNC=memcpy
RA=0005a7eb
DST=0016d0b8
SRC=000ae817
LEN=4
DATA=64617461
---
FUNC=memcpy
RA=0005a7eb
DST=0015f4f8
SRC=000bcec9
LEN=6
DATA=7369676e616c
---
FUNC=memcpy
RA=0005a7eb
DST=0015fc10
SRC=000bceaf
LEN=4
DATA=72737369
---
FUNC=memcpy
RA=0005a7eb
DST=beea6690
SRC=000bceea
LEN=15
DATA=6d6573736167655265636569766564
---
FUNC=memcpy
RA=00078c61
DST=beea649c
SRC=beea6418
LEN=132
DATA=0495160004000000c02016008400000024e315000400000008fd150046010000000000000000000000000000000000000000000000000000000000000000000000000000000000000000000000000000000000000000000000000000000000000000000000000000000000000000000000000000000000000000000000000000
---
FUNC=memcpy
RA=00078c73
DST=beea6528
SRC=beea649c
LEN=132
DATA=0495160004000000c02016008400000024e315000400000008fd150046010000000000000000000000000000000000000000000000000000000000000000000000000000000000000000000000000000000000000000000000000000000000000000000000000000000000000000000000000000000000000000000000000000
---
FUNC=memcpy
RA=0007552f
DST=beea4288
SRC=00169504
LEN=4
DATA=827e0084
---
FUNC=memcpy
RA=0007552f
DST=beea428c
SRC=001620c0
LEN=132
DATA=01010000000000727b226572726f72223a22222c226572726f72436f6465223a302c226964223a2230356162636433302d396536322d343535652d383538322d393232623337663435373732222c2274696d657374616d70223a313737363739373936333637382c2274797065223a22726573706f6e7365227d020100000000
---
FUNC=memcpy
RA=0007552f
DST=beea4310
SRC=0015e324
LEN=4
DATA=827e0146
---
FUNC=memcpy
RA=00076e4d
DST=beea62f4
SRC=beea6528
LEN=132
DATA=0495160004000000c02016008400000024e315000400000008fd150046010000000000000000000000000000000000000000000000000000000000000000000000000000000000000000000000000000000000000000000000000000000000000000000000000000000000000000000000000000000000000000000000000000
---
FUNC=memcpy
RA=00076e4d
DST=00170cd8
SRC=beea62f4
LEN=132
DATA=0495160004000000c02016008400000024e315000400000008fd150046010000000000000000000000000000000000000000000000000000000000000000000000000000000000000000000000000000000000000000000000000000000000000000000000000000000000000000000000000000000000000000000000000000
---
FUNC=memcpy
RA=00076e4d
DST=beea68d4
SRC=00170cd8
LEN=132
DATA=0495160004000000c02016008400000024e315000400000008fd150046010000000000000000000000000000000000000000000000000000000000000000000000000000000000000000000000000000000000000000000000000000000000000000000000000000000000000000000000000000000000000000000000000000
---
FUNC=memmove
RA=00032e61
DST=0016a110
SRC=001711ba
LEN=6
DATA=0096aef13a32
---
FUNC=memmove
RA=00032e61
DST=beea6624
SRC=0016a112
LEN=4
DATA=aef13a32
---
FUNC=memmove
RA=00036873
DST=00122ed0
SRC=001620b0
LEN=4
DATA=226d6163
---
FUNC=memmove
RA=00036873
DST=0014ebb0
SRC=00122ed0
LEN=8
DATA=2239303431423232
---
FUNC=memcpy
RA=00032be9
DST=0014f0e8
SRC=beea611c
LEN=12
DATA=393034314232324539413533
---
FUNC=memset
RA=00032679
DST=0014ebc8
VAL=0
LEN=6
---
FUNC=memmove
RA=00032e61
DST=001620b0
SRC=00161310
LEN=6
DATA=9041b22e9a53
---
FUNC=memcpy
RA=00059f65
DST=0015e800
SRC=000bcc20
LEN=38
DATA=446174612065786368616e67652061626f727465642077697468204c6f526120646576696365
---
FUNC=memmove
RA=000699d7
DST=00168d50
SRC=001699b8
LEN=171
DATA=01010000000000997b226572726f72223a22446174612065786368616e67652061626f727465642077697468204c6f526120646576696365222c226572726f72436f6465223a31352c226964223a2236653462396635352d313463362d346466372d623531622d666632383630393165323534222c2274696d657374616d7022
---
FUNC=memmove
RA=00032e61
DST=0014eb08
SRC=0015f6b0
LEN=6
DATA=9041b22e9a53
---
FUNC=memcpy
RA=00059f65
DST=0016f0c0
SRC=000bcc20
LEN=38
DATA=446174612065786368616e67652061626f727465642077697468204c6f526120646576696365
---
FUNC=memmove
RA=000699d7
DST=00176450
SRC=001699b8
LEN=171
DATA=01010000000000997b226572726f72223a22446174612065786368616e67652061626f727465642077697468204c6f526120646576696365222c226572726f72436f6465223a31352c226964223a2239613031663963362d613238302d346361652d393263302d393864356231303065653330222c2274696d657374616d7022
---
FUNC=memmove
RA=000699d7
DST=0015e370
SRC=001620c0
LEN=132
DATA=01010000000000727b226572726f72223a22222c226572726f72436f6465223a302c226964223a2237363639626339302d623839642d346637342d623330382d623233383264313738363661222c2274696d657374616d70223a313737363739373936343731332c2274797065223a22726573706f6e7365227d020100000000
---
FUNC=memcpy
RA=00078c61
DST=beea649c
SRC=beea6418
LEN=132
DATA=0495160004000000508d1600ab00000054f716000400000050641700ab0000001c1116000400000070e31500840000000000000000000000000000000000000000000000000000000000000000000000000000000000000000000000000000000000000000000000000000000000000000000000000000000000000000000000
---
FUNC=memcpy
RA=00078c73
DST=beea6528
SRC=beea649c
LEN=132
DATA=0495160004000000508d1600ab00000054f716000400000050641700ab0000001c1116000400000070e31500840000000000000000000000000000000000000000000000000000000000000000000000000000000000000000000000000000000000000000000000000000000000000000000000000000000000000000000000
---
FUNC=memcpy
RA=0007552f
DST=beea4288
SRC=00169504
LEN=4
DATA=827e00ab
---
FUNC=memcpy
RA=0007552f
DST=beea428c
SRC=00168d50
LEN=171
DATA=01010000000000997b226572726f72223a22446174612065786368616e67652061626f727465642077697468204c6f526120646576696365222c226572726f72436f6465223a31352c226964223a2236653462396635352d313463362d346466372d623531622d666632383630393165323534222c2274696d657374616d7022
---
FUNC=memcpy
RA=0007552f
DST=beea4337
SRC=0016f754
LEN=4
DATA=827e00ab
---
FUNC=memcpy
RA=0007552f
DST=beea433b
SRC=00176450
LEN=171
DATA=01010000000000997b226572726f72223a22446174612065786368616e67652061626f727465642077697468204c6f526120646576696365222c226572726f72436f6465223a31352c226964223a2239613031663963362d613238302d346361652d393263302d393864356231303065653330222c2274696d657374616d7022
---
FUNC=memcpy
RA=0007552f
DST=beea43e6
SRC=0016111c
LEN=4
DATA=827e0084
---
FUNC=memcpy
RA=0007552f
DST=beea43ea
SRC=0015e370
LEN=132
DATA=01010000000000727b226572726f72223a22222c226572726f72436f6465223a302c226964223a2237363639626339302d623839642d346637342d623330382d623233383264313738363661222c2274696d657374616d70223a313737363739373936343731332c2274797065223a22726573706f6e7365227d020100000000
---
FUNC=memcpy
RA=00076e4d
DST=beea62f4
SRC=beea6528
LEN=132
DATA=0495160004000000508d1600ab00000054f716000400000050641700ab0000001c1116000400000070e31500840000000000000000000000000000000000000000000000000000000000000000000000000000000000000000000000000000000000000000000000000000000000000000000000000000000000000000000000
---
FUNC=memcpy
RA=00076e4d
DST=00170cd8
SRC=beea62f4
LEN=132
DATA=0495160004000000508d1600ab00000054f716000400000050641700ab0000001c1116000400000070e31500840000000000000000000000000000000000000000000000000000000000000000000000000000000000000000000000000000000000000000000000000000000000000000000000000000000000000000000000
---
FUNC=memcpy
RA=0005a7eb
DST=0016ec18
SRC=000c741b
LEN=8
DATA=6361706163697479
---
FUNC=memcpy
RA=0005a7eb
DST=0014f078
SRC=000bf380
LEN=9
DATA=617661696c61626c65
---
FUNC=memcpy
RA=0005a7eb
DST=beea6968
SRC=000bce9f
LEN=15
DATA=64657673496e666f4368616e676564
---
FUNC=memmove
RA=000699d7
DST=00145020
SRC=001699b8
LEN=167
DATA=010100000000006f7b226964223a2263363562353934642d363633612d346430622d626130652d366265316534333463333837222c226e616d65223a2264657673496e666f4368616e676564222c2274696d657374616d70223a313737363739373936343732302c2274797065223a226576656e74227d02010000000000287b
---
FUNC=memcpy
RA=00076e4d
DST=beea68d4
SRC=00170cd8
LEN=132
DATA=0495160004000000508d1600ab00000054f716000400000050641700ab0000001c1116000400000070e31500840000000000000000000000000000000000000000000000000000000000000000000000000000000000000000000000000000000000000000000000000000000000000000000000000000000000000000000000
---
FUNC=memcpy
RA=00078c61
DST=beea649c
SRC=beea6418
LEN=132
DATA=64c018000400000020501400a700000000000000000000000000000000000000000000000000000000000000000000000000000000000000000000000000000000000000000000000000000000000000000000000000000000000000000000000000000000000000000000000000000000000000000000000000000000000000
---
FUNC=memcpy
RA=00078c73
DST=beea6528
SRC=beea649c
LEN=132
DATA=64c018000400000020501400a700000000000000000000000000000000000000000000000000000000000000000000000000000000000000000000000000000000000000000000000000000000000000000000000000000000000000000000000000000000000000000000000000000000000000000000000000000000000000
---
FUNC=memcpy
RA=0007552f
DST=beea4288
SRC=0018c064
LEN=4
DATA=827e00a7
---
FUNC=memcpy
RA=0007552f
DST=beea428c
SRC=00145020
LEN=167
DATA=010100000000006f7b226964223a2263363562353934642d363633612d346430622d626130652d366265316534333463333837222c226e616d65223a2264657673496e666f4368616e676564222c2274696d657374616d70223a313737363739373936343732302c2274797065223a226576656e74227d02010000000000287b
---
FUNC=memcpy
RA=00076e4d
DST=beea62f4
SRC=beea6528
LEN=132
DATA=64c018000400000020501400a700000000000000000000000000000000000000000000000000000000000000000000000000000000000000000000000000000000000000000000000000000000000000000000000000000000000000000000000000000000000000000000000000000000000000000000000000000000000000
---
FUNC=memcpy
RA=00076e4d
DST=00170cd8
SRC=beea62f4
LEN=132
DATA=64c018000400000020501400a700000000000000000000000000000000000000000000000000000000000000000000000000000000000000000000000000000000000000000000000000000000000000000000000000000000000000000000000000000000000000000000000000000000000000000000000000000000000000
---
FUNC=memcpy
RA=00076e4d
DST=beea68d4
SRC=00170cd8
LEN=132
DATA=64c018000400000020501400a700000000000000000000000000000000000000000000000000000000000000000000000000000000000000000000000000000000000000000000000000000000000000000000000000000000000000000000000000000000000000000000000000000000000000000000000000000000000000
---
FUNC=memmove
RA=00032e61
DST=0016a110
SRC=001711ba
LEN=6
DATA=012d530563af
---
FUNC=memmove
RA=00032e61
DST=beea6624
SRC=0016a112
LEN=4
DATA=530563af
---
FUNC=memmove
RA=00036873
DST=00122ed0
SRC=0014eb08
LEN=4
DATA=226d6163
---
FUNC=memmove
RA=00036873
DST=001612f8
SRC=00122ed0
LEN=8
DATA=2239303431423232
---
FUNC=memcpy
RA=00032be9
DST=0014e820
SRC=beea60dc
LEN=12
DATA=393034314232324539413533
---
FUNC=memmove
RA=00036873
DST=0014e668
SRC=001612f8
LEN=16
DATA=22353365373464393335376530646137
---
FUNC=memmove
RA=00036873
DST=0015e9d0
SRC=0014e668
LEN=32
DATA=2235336537346439333537653064613731653338353839643062623338306665
---
FUNC=memmove
RA=00036873
DST=00161368
SRC=0015e9d0
LEN=64
DATA=22353365373464393335376530646137316533383538396430626233383066653030356237316562323062383234333431396437633333316561383639356361
---
FUNC=memcpy
RA=00032be9
DST=0015e9d0
SRC=00176ae0
LEN=64
DATA=35336537346439333537653064613731653338353839643062623338306665303035623731656232306238323433343139643763333331656138363935636139
---
FUNC=memcpy
RA=00032be9
DST=0015f458
SRC=00176ae0
LEN=11
DATA=66616c6c6261636b4b6579
---
FUNC=memcpy
RA=00032be9
DST=b5c00bf0
SRC=00176ae0
LEN=64
DATA=62323434323139636561626661393161313235393335363838316234326638616131303230366261373536623039363131633564343535383265363339323837
---
FUNC=memset
RA=00032679
DST=b5d006f8
VAL=0
LEN=6
---
FUNC=memset
RA=00032679
DST=0014e668
VAL=0
LEN=32
---
FUNC=memcpy
RA=0005a7eb
DST=beea6230
SRC=000bcf41
LEN=11
DATA=66616c6c6261636b4b6579
---
FUNC=memset
RA=00032679
DST=0014e988
VAL=0
LEN=32
---
FUNC=memmove
RA=00032e61
DST=0014eb08
SRC=b5d006f8
LEN=6
DATA=9041b22e9a53
---
FUNC=memset
RA=00032679
DST=0014ee30
VAL=0
LEN=32
---
FUNC=memset
RA=00032679
DST=0015f510
VAL=0
LEN=32
---
FUNC=memset
RA=00032679
DST=0014ec08
VAL=0
LEN=32
---
FUNC=memset
RA=00032679
DST=0014eb88
VAL=0
LEN=32
---
FUNC=memmove
RA=00032e61
DST=0014ea08
SRC=0014e668
LEN=32
DATA=53e74d9357e0da71e38589d0bb380fe005b71eb20b8243419d7c331ea8695ca9
---
FUNC=memset
RA=00032679
DST=0014fc10
VAL=0
LEN=32
---
FUNC=memset
RA=00032679
DST=00149198
VAL=0
LEN=32
---
FUNC=memset
RA=00032679
DST=00145120
VAL=0
LEN=32
---
FUNC=memset
RA=00032679
DST=0015e698
VAL=0
LEN=32
---
FUNC=memmove
RA=00032e61
DST=0016d4e8
SRC=0014e668
LEN=32
DATA=53e74d9357e0da71e38589d0bb380fe005b71eb20b8243419d7c331ea8695ca9
---
FUNC=memmove
RA=00032e61
DST=0016d5b8
SRC=0014e988
LEN=32
DATA=b244219ceabfa91a1259356881b42f8aa10206ba756b09611c5d45582e639287
---
FUNC=memmove
RA=00032e61
DST=0016eba8
SRC=0016bb10
LEN=32
DATA=47be3dffb41ea35749c9290e6d2124e6b3e3842ab4e443bd0ac41eda045c2dbe
---
FUNC=memmove
RA=00032e61
DST=0015e668
SRC=b5d006f8
LEN=6
DATA=9041b22e9a53
---
FUNC=memmove
RA=00032e61
DST=0014eb18
SRC=b5d006f8
LEN=6
DATA=9041b22e9a53
---
FUNC=memmove
RA=00032e61
DST=00148fb0
SRC=0014eb18
LEN=6
DATA=9041b22e9a53
---
FUNC=memmove
RA=000699d7
DST=001620c0
SRC=0015e370
LEN=132
DATA=01010000000000727b226572726f72223a22222c226572726f72436f6465223a302c226964223a2261356234316637322d393735302d343033612d613334352d326238306635366462326632222c2274696d657374616d70223a313737363739373936343739382c2274797065223a22726573706f6e7365227d020100000000
---
FUNC=memcpy
RA=0005a7eb
DST=0015e680
SRC=000c741b
LEN=8
DATA=6361706163697479
---
FUNC=memcpy
RA=0005a7eb
DST=0014eb70
SRC=000bf380
LEN=9
DATA=617661696c61626c65
---
FUNC=memcpy
RA=0005a7eb
DST=beea6968
SRC=000bce9f
LEN=15
DATA=64657673496e666f4368616e676564
---
FUNC=memmove
RA=000699d7
DST=00168d50
SRC=00176450
LEN=166
DATA=010100000000006f7b226964223a2239666231346463632d316464642d343762632d623437622d346164353736363262643135222c226e616d65223a2264657673496e666f4368616e676564222c2274696d657374616d70223a313737363739373936343739392c2274797065223a226576656e74227d02010000000000277b
---
FUNC=memcpy
RA=00078c61
DST=beea649c
SRC=beea6418
LEN=132
DATA=0495160004000000c02016008400000054f7160004000000508d1600a6000000000000000000000000000000000000000000000000000000000000000000000000000000000000000000000000000000000000000000000000000000000000000000000000000000000000000000000000000000000000000000000000000000
---
FUNC=memcpy
RA=00078c73
DST=beea6528
SRC=beea649c
LEN=132
DATA=0495160004000000c02016008400000054f7160004000000508d1600a6000000000000000000000000000000000000000000000000000000000000000000000000000000000000000000000000000000000000000000000000000000000000000000000000000000000000000000000000000000000000000000000000000000
---
FUNC=memcpy
RA=0007552f
DST=beea4288
SRC=00169504
LEN=4
DATA=827e0084
---
FUNC=memcpy
RA=0007552f
DST=beea428c
SRC=001620c0
LEN=132
DATA=01010000000000727b226572726f72223a22222c226572726f72436f6465223a302c226964223a2261356234316637322d393735302d343033612d613334352d326238306635366462326632222c2274696d657374616d70223a313737363739373936343739382c2274797065223a22726573706f6e7365227d020100000000
---
FUNC=memcpy
RA=0007552f
DST=beea4310
SRC=0016f754
LEN=4
DATA=827e00a6
---
FUNC=memcpy
RA=0007552f
DST=beea4314
SRC=00168d50
LEN=166
DATA=010100000000006f7b226964223a2239666231346463632d316464642d343762632d623437622d346164353736363262643135222c226e616d65223a2264657673496e666f4368616e676564222c2274696d657374616d70223a313737363739373936343739392c2274797065223a226576656e74227d02010000000000277b
---
FUNC=memcpy
RA=00076e4d
DST=beea62f4
SRC=beea6528
LEN=132
DATA=0495160004000000c02016008400000054f7160004000000508d1600a6000000000000000000000000000000000000000000000000000000000000000000000000000000000000000000000000000000000000000000000000000000000000000000000000000000000000000000000000000000000000000000000000000000
---
FUNC=memcpy
RA=00076e4d
DST=00170cd8
SRC=beea62f4
LEN=132
DATA=0495160004000000c02016008400000054f7160004000000508d1600a6000000000000000000000000000000000000000000000000000000000000000000000000000000000000000000000000000000000000000000000000000000000000000000000000000000000000000000000000000000000000000000000000000000
---
FUNC=memcpy
RA=00076e4d
DST=beea68d4
SRC=00170cd8
LEN=132
DATA=0495160004000000c02016008400000054f7160004000000508d1600a6000000000000000000000000000000000000000000000000000000000000000000000000000000000000000000000000000000000000000000000000000000000000000000000000000000000000000000000000000000000000000000000000000000
---
FUNC=memmove
RA=00032e61
DST=0016a110
SRC=001711ba
LEN=6
DATA=00cbf46f551c
---
FUNC=memmove
RA=00032e61
DST=beea6624
SRC=0016a112
LEN=4
DATA=f46f551c
---
FUNC=memmove
RA=00036873
DST=0015f338
SRC=0014e9b0
LEN=4
DATA=226d6163
---
FUNC=memmove
RA=00036873
DST=0015f6c0
SRC=0015f338
LEN=8
DATA=2239303431423232
---
FUNC=memcpy
RA=00032be9
DST=00162080
SRC=beea60c4
LEN=12
DATA=393034314232324539413533
---
FUNC=memcpy
RA=00032be9
DST=00161008
SRC=beea60c4
LEN=4
DATA=64617461
---
FUNC=memcpy
RA=00032be9
DST=0016e438
SRC=beea60c4
LEN=4
DATA=30393931
---
FUNC=memcpy
RA=00032be9
DST=0014f008
SRC=beea60c4
LEN=4
DATA=64757479
---
FUNC=memcpy
RA=00032be9
DST=0016ed20
SRC=beea60c4
LEN=7
DATA=74696d656f7574
---
FUNC=memset
RA=00032679
DST=0015f6b0
VAL=0
LEN=6
---
FUNC=memcpy
RA=0005a7eb
DST=beea6240
SRC=000ae817
LEN=4
DATA=64617461
---
FUNC=memcpy
RA=0005a7eb
DST=beea6240
SRC=000bcf90
LEN=4
DATA=64757479
---
FUNC=memcpy
RA=0005a7eb
DST=beea6240
SRC=000be5db
LEN=7
DATA=74696d656f7574
---
FUNC=memmove
RA=00032e61
DST=0015f338
SRC=0015f6b0
LEN=6
DATA=9041b22e9a53
---
FUNC=memmove
RA=00032e61
DST=00162098
SRC=0015f338
LEN=6
DATA=9041b22e9a53
---
FUNC=memmove
RA=00032e61
DST=001620a8
SRC=00162098
LEN=6
DATA=9041b22e9a53
---
FUNC=memmove
RA=00032e61
DST=00162098
SRC=001620a8
LEN=6
DATA=9041b22e9a53
---
FUNC=memmove
RA=00032e61
DST=0015fb00
SRC=00162098
LEN=6
DATA=9041b22e9a53
---
FUNC=memmove
RA=00032e61
DST=0016a110
SRC=001711ba
LEN=6
DATA=00d35b129971
---
FUNC=memmove
RA=00032e61
DST=beea6624
SRC=0016a112
LEN=4
DATA=5b129971
---
FUNC=memmove
RA=00036873
DST=0014e9b0
SRC=0015f6b0
LEN=4
DATA=226d6163
---
FUNC=memmove
RA=00036873
DST=0015fb50
SRC=0014e9b0
LEN=8
DATA=2239303431423232
---
FUNC=memcpy
RA=00032be9
DST=00162080
SRC=beea60c4
LEN=12
DATA=393034314232324539413533
---
FUNC=memcpy
RA=00032be9
DST=0014f048
SRC=beea60c4
LEN=4
DATA=64617461
---
FUNC=memcpy
RA=00032be9
DST=0016ec18
SRC=beea60c4
LEN=12
DATA=306239323131303130643134
---
FUNC=memcpy
RA=00032be9
DST=0015f550
SRC=beea60c4
LEN=4
DATA=64757479
---
FUNC=memcpy
RA=00032be9
DST=0015ea60
SRC=beea60c4
LEN=7
DATA=74696d656f7574
---
FUNC=memset
RA=00032679
DST=b5d006f8
VAL=0
LEN=6
---
FUNC=memcpy
RA=0005a7eb
DST=beea6240
SRC=000ae817
LEN=4
DATA=64617461
---
FUNC=memset
RA=00032679
DST=0015f6b0
VAL=0
LEN=6
---
FUNC=memcpy
RA=0005a7eb
DST=beea6240
SRC=000bcf90
LEN=4
DATA=64757479
---
FUNC=memcpy
RA=0005a7eb
DST=beea6240
SRC=000be5db
LEN=7
DATA=74696d656f7574
---
FUNC=memmove
RA=00032e61
DST=0014e9b0
SRC=b5d006f8
LEN=6
DATA=9041b22e9a53
---
FUNC=memmove
RA=00032e61
DST=00162098
SRC=0014e9b0
LEN=6
DATA=9041b22e9a53
---
FUNC=memmove
RA=00032e61
DST=0014f070
SRC=00162098
LEN=6
DATA=9041b22e9a53
---
FUNC=memmove
RA=00032e61
DST=00162098
SRC=0014f070
LEN=6
DATA=9041b22e9a53
---
FUNC=memmove
RA=00032e61
DST=0014f070
SRC=00162098
LEN=6
DATA=9041b22e9a53
---
FUNC=memmove
RA=00032e61
DST=0014ebf8
SRC=0015f6b0
LEN=6
DATA=0b9211010d14
---
FUNC=memmove
RA=00032e61
DST=0016a110
SRC=00171295
LEN=6
DATA=00cb3358a907
---
FUNC=memmove
RA=00032e61
DST=beea6624
SRC=0016a112
LEN=4
DATA=3358a907
---
FUNC=memmove
RA=00036873
DST=0014e9b0
SRC=0015f6b0
LEN=4
DATA=226d6163
---
FUNC=memmove
RA=00036873
DST=001620a8
SRC=0014e9b0
LEN=8
DATA=2239303431423232
---
FUNC=memcpy
RA=00032be9
DST=0016ec18
SRC=beea60c4
LEN=12
DATA=393034314232324539413533
---
FUNC=memcpy
RA=00032be9
DST=0014f168
SRC=beea60c4
LEN=4
DATA=64617461
---
FUNC=memcpy
RA=00032be9
DST=00162080
SRC=beea60c4
LEN=4
DATA=30393933
---
FUNC=memcpy
RA=00032be9
DST=0016ee78
SRC=beea60c4
LEN=4
DATA=64757479
---
FUNC=memcpy
RA=00032be9
DST=0016d8e0
SRC=beea60c4
LEN=7
DATA=74696d656f7574
---
FUNC=memset
RA=00032679
DST=00161310
VAL=0
LEN=6
---
FUNC=memcpy
RA=0005a7eb
DST=beea6240
SRC=000ae817
LEN=4
DATA=64617461
---
FUNC=memcpy
RA=0005a7eb
DST=beea6240
SRC=000bcf90
LEN=4
DATA=64757479
---
FUNC=memcpy
RA=0005a7eb
DST=beea6240
SRC=000be5db
LEN=7
DATA=74696d656f7574
---
FUNC=memmove
RA=00032e61
DST=0014e9b0
SRC=00161310
LEN=6
DATA=9041b22e9a53
---
FUNC=memmove
RA=00032e61
DST=00162098
SRC=0014e9b0
LEN=6
DATA=9041b22e9a53
---
FUNC=memmove
RA=00032e61
DST=0015e7d0
SRC=00162098
LEN=6
DATA=9041b22e9a53
---
FUNC=memmove
RA=00032e61
DST=00162098
SRC=0015e7d0
LEN=6
DATA=9041b22e9a53
---
FUNC=memmove
RA=00032e61
DST=0015e7d0
SRC=00162098
LEN=6
DATA=9041b22e9a53
---
FUNC=memmove
RA=00032e61
DST=b5c008d8
SRC=b5fc529c
LEN=22
DATA=e0409041b22e9a535f1e906feabde66229958416eec1
---
FUNC=memmove
RA=00032e61
DST=b5c008f8
SRC=b5c008d8
LEN=22
DATA=e0409041b22e9a535f1e906feabde66229958416eec1
---
FUNC=memmove
RA=00032e61
DST=b5c00918
SRC=b5c008f8
LEN=22
DATA=e0409041b22e9a535f1e906feabde66229958416eec1
---
FUNC=memmove
RA=00032e61
DST=b5c00938
SRC=b5c00918
LEN=22
DATA=e0409041b22e9a535f1e906feabde66229958416eec1
---
FUNC=memmove
RA=00032e61
DST=0015f3f8
SRC=b5c00938
LEN=22
DATA=e0409041b22e9a535f1e906feabde66229958416eec1
---
FUNC=memmove
RA=00032e61
DST=0015e678
SRC=0015f3f8
LEN=22
DATA=e0409041b22e9a535f1e906feabde66229958416eec1
---
FUNC=memcpy
RA=0005790f
DST=0014f858
SRC=000bc077
LEN=19
DATA=4c6f52612065786368616e6765206374782040
---
FUNC=memset
RA=00032679
DST=00162098
VAL=0
LEN=6
---
FUNC=memset
RA=00044c03
DST=0014f060
VAL=0
LEN=6
---
FUNC=memmove
RA=00032e61
DST=00162098
SRC=0014f060
LEN=6
DATA=9041b22e9a53
---
FUNC=memset
RA=00032679
DST=0014f060
VAL=0
LEN=6
---
FUNC=memset
RA=00032679
DST=0014e818
VAL=0
LEN=24
---
FUNC=memcpy
RA=0003c05b
DST=0014e818
SRC=0015e678
LEN=10
DATA=e0409041b22e9a535f1e
---
FUNC=memset
RA=0002f707
DST=0014f060
VAL=0
LEN=12
---
FUNC=stream
PHASE=pre
RA=0002f725
KEY=47be3dffb41ea35749c9290e6d2124e6b3e3842ab4e443bd0ac41eda045c2dbe
NONCE=e0409041b22e9a535f1e0000000000000000000000000000
LEN=12
IN=906feabde66229958416eec1
---
FUNC=stream
PHASE=post
KEY=47be3dffb41ea35749c9290e6d2124e6b3e3842ab4e443bd0ac41eda045c2dbe
NONCE=e0409041b22e9a535f1e0000000000000000000000000000
LEN=12
OUT=3796d7f601ae94800000048f
---
FUNC=memmove
RA=000560cd
DST=0014e818
SRC=0014f060
LEN=12
DATA=3796d7f601ae94800000048f
---
FUNC=memmove
RA=0005613b
DST=0014e819
SRC=0014e818
LEN=11
DATA=3796d7f601ae9480000004
---
FUNC=memmove
RA=0005613b
DST=0014e81a
SRC=0014e819
LEN=11
DATA=3796d7f601ae9480000004
---
FUNC=memmove
RA=0005613b
DST=0014e81b
SRC=0014e81a
LEN=11
DATA=3796d7f601ae9480000004
---
FUNC=memmove
RA=0005613b
DST=0014e81c
SRC=0014e81b
LEN=11
DATA=3796d7f601ae9480000004
---
FUNC=memmove
RA=0005613b
DST=0014e81d
SRC=0014e81c
LEN=11
DATA=3796d7f601ae9480000004
---
FUNC=memmove
RA=0005613b
DST=0014e81e
SRC=0014e81d
LEN=11
DATA=3796d7f601ae9480000004
---
FUNC=memmove
RA=0005613b
DST=0014e81f
SRC=0014e81e
LEN=11
DATA=3796d7f601ae9480000004
---
FUNC=memmove
RA=0005613b
DST=0014e820
SRC=0014e81f
LEN=11
DATA=3796d7f601ae9480000004
---
FUNC=memmove
RA=0005613b
DST=0014e821
SRC=0014e820
LEN=11
DATA=3796d7f601ae9480000004
---
FUNC=memmove
RA=0005613b
DST=0014e822
SRC=0014e821
LEN=11
DATA=3796d7f601ae9480000004
---
FUNC=memset
RA=00032679
DST=0015ea78
VAL=0
LEN=4
---
FUNC=memset
RA=000329ab
DST=0015f568
VAL=0
LEN=4
---
FUNC=gh_init
STATE=0015e460
KEYLEN=0
OUTLEN=4
---
FUNC=gh_update
STATE=0015e460
LEN=10
DATA=e0409041b22e9a535f1e
---
FUNC=gh_update
STATE=0015e460
LEN=4
DATA=00000000
---
FUNC=gh_update
STATE=0015e460
LEN=8
DATA=01ae94800000048f
---
FUNC=gh_final
RA=0002eba3
STATE=0015e460
OUTLEN=4
OUT=3796d7f6
---
FUNC=memmove
RA=00032e61
DST=0015f470
SRC=0015ea78
LEN=4
DATA=3796d7f6
---
FUNC=memcpy
RA=00055ddf
DST=beea6628
SRC=0015f470
LEN=4
DATA=3796d7f6
---
FUNC=memmove
RA=00032e61
DST=00161020
SRC=0014eb08
LEN=6
DATA=9041b22e9a53
---
FUNC=memcpy
RA=0005a7eb
DST=0015f708
SRC=000bcebc
LEN=4
DATA=73736964
---
FUNC=memcpy
RA=0005a7eb
DST=0015f750
SRC=000bcec1
LEN=7
DATA=61646f70746564
---
FUNC=memcpy
RA=0005a7eb
DST=0015f7a8
SRC=000bcec9
LEN=6
DATA=7369676e616c
---
FUNC=memcpy
RA=0005a7eb
DST=0015f7c8
SRC=000bceaf
LEN=4
DATA=72737369
---
FUNC=memcpy
RA=0005a7eb
DST=beea64e0
SRC=000bced0
LEN=9
DATA=6e6574776f726b4964
---
FUNC=memcpy
RA=0005a7eb
DST=beea6610
SRC=000bceda
LEN=15
DATA=646973636f76657279526573756c74
---
FUNC=memmove
RA=000699d7
DST=00160128
SRC=00160038
LEN=229
DATA=010100000000006f7b226964223a2235303831393663352d323665342d343138612d613731362d643139613062616661396436222c226e616d65223a22646973636f76657279526573756c74222c2274696d657374616d70223a313737363739373936373834352c2274797065223a226576656e74227d02010000000000667b
---
FUNC=memcpy
RA=00078c61
DST=beea649c
SRC=beea6418
LEN=132
DATA=049516000400000028011600e500000000000000000000000000000000000000000000000000000000000000000000000000000000000000000000000000000000000000000000000000000000000000000000000000000000000000000000000000000000000000000000000000000000000000000000000000000000000000
---
FUNC=memcpy
RA=00078c73
DST=beea6528
SRC=beea649c
LEN=132
DATA=049516000400000028011600e500000000000000000000000000000000000000000000000000000000000000000000000000000000000000000000000000000000000000000000000000000000000000000000000000000000000000000000000000000000000000000000000000000000000000000000000000000000000000
---
FUNC=memcpy
RA=0007552f
DST=beea4288
SRC=00169504
LEN=4
DATA=827e00e5
---
FUNC=memcpy
RA=0007552f
DST=beea428c
SRC=00160128
LEN=229
DATA=010100000000006f7b226964223a2235303831393663352d323665342d343138612d613731362d643139613062616661396436222c226e616d65223a22646973636f76657279526573756c74222c2274696d657374616d70223a313737363739373936373834352c2274797065223a226576656e74227d02010000000000667b
---
FUNC=memcpy
RA=00076e4d
DST=beea62f4
SRC=beea6528
LEN=132
DATA=049516000400000028011600e500000000000000000000000000000000000000000000000000000000000000000000000000000000000000000000000000000000000000000000000000000000000000000000000000000000000000000000000000000000000000000000000000000000000000000000000000000000000000
---
FUNC=memcpy
RA=00076e4d
DST=00170cd8
SRC=beea62f4
LEN=132
DATA=049516000400000028011600e500000000000000000000000000000000000000000000000000000000000000000000000000000000000000000000000000000000000000000000000000000000000000000000000000000000000000000000000000000000000000000000000000000000000000000000000000000000000000
---
FUNC=memcpy
RA=00076e4d
DST=beea68d4
SRC=00170cd8
LEN=132
DATA=049516000400000028011600e500000000000000000000000000000000000000000000000000000000000000000000000000000000000000000000000000000000000000000000000000000000000000000000000000000000000000000000000000000000000000000000000000000000000000000000000000000000000000
---
FUNC=memmove
RA=00032e61
DST=b5c00618
SRC=b5fc529c
LEN=16
DATA=e0429041b22e9a536026343d5cdbbd58
---
FUNC=memmove
RA=00032e61
DST=b5c00680
SRC=b5c00618
LEN=16
DATA=e0429041b22e9a536026343d5cdbbd58
---
FUNC=memmove
RA=00032e61
DST=b5c006c0
SRC=b5c00680
LEN=16
DATA=e0429041b22e9a536026343d5cdbbd58
---
FUNC=memmove
RA=00032e61
DST=b5c00738
SRC=b5c006c0
LEN=16
DATA=e0429041b22e9a536026343d5cdbbd58
---
FUNC=memmove
RA=00032e61
DST=00160218
SRC=b5c00738
LEN=16
DATA=e0429041b22e9a536026343d5cdbbd58
---
FUNC=memmove
RA=00032e61
DST=00161008
SRC=00160218
LEN=16
DATA=e0429041b22e9a536026343d5cdbbd58
---
FUNC=memcpy
RA=0005790f
DST=0014e940
SRC=000bc077
LEN=19
DATA=4c6f52612065786368616e6765206374782040
---
FUNC=memset
RA=00032679
DST=0015f3d8
VAL=0
LEN=6
---
FUNC=memset
RA=00044c03
DST=0015f7e0
VAL=0
LEN=6
---
FUNC=memmove
RA=00032e61
DST=0015f3d8
SRC=0015f7e0
LEN=6
DATA=9041b22e9a53
---
FUNC=memset
RA=00032679
DST=0015f7e0
VAL=0
LEN=6
---
FUNC=memset
RA=00032679
DST=0015ecc8
VAL=0
LEN=24
---
FUNC=memcpy
RA=0003c05b
DST=0015ecc8
SRC=00161008
LEN=10
DATA=e0429041b22e9a536026
---
FUNC=memset
RA=0002f707
DST=0015f7e0
VAL=0
LEN=6
---
FUNC=stream
PHASE=pre
RA=0002f725
KEY=b244219ceabfa91a1259356881b42f8aa10206ba756b09611c5d45582e639287
NONCE=e0429041b22e9a5360260000000000000000000000000000
LEN=6
IN=343d5cdbbd58
---
FUNC=stream
PHASE=post
KEY=b244219ceabfa91a1259356881b42f8aa10206ba756b09611c5d45582e639287
NONCE=e0429041b22e9a5360260000000000000000000000000000
LEN=6
OUT=e25940460100
---
FUNC=memmove
RA=000560cd
DST=0015e678
SRC=0015f7e0
LEN=6
DATA=e25940460100
---
FUNC=memmove
RA=0005613b
DST=0015e679
SRC=0015e678
LEN=5
DATA=e259404601
---
FUNC=memmove
RA=0005613b
DST=0015e67a
SRC=0015e679
LEN=5
DATA=e259404601
---
FUNC=memmove
RA=0005613b
DST=0015e67b
SRC=0015e67a
LEN=5
DATA=e259404601
---
FUNC=memmove
RA=0005613b
DST=0015e67c
SRC=0015e67b
LEN=5
DATA=e259404601
---
FUNC=memmove
RA=0005613b
DST=0015e67d
SRC=0015e67c
LEN=5
DATA=e259404601
---
FUNC=memmove
RA=0005613b
DST=0015e67e
SRC=0015e67d
LEN=5
DATA=e259404601
---
FUNC=memmove
RA=0005613b
DST=0015e67f
SRC=0015e67e
LEN=5
DATA=e259404601
---
FUNC=memmove
RA=0005613b
DST=0015e680
SRC=0015e67f
LEN=5
DATA=e259404601
---
FUNC=memmove
RA=0005613b
DST=0015e681
SRC=0015e680
LEN=5
DATA=e259404601
---
FUNC=memmove
RA=0005613b
DST=0015e682
SRC=0015e681
LEN=5
DATA=e259404601
---
FUNC=memset
RA=00032679
DST=0015f6b0
VAL=0
LEN=4
---
FUNC=memset
RA=000329ab
DST=0014eb18
VAL=0
LEN=4
---
FUNC=gh_init
STATE=0015e460
KEYLEN=0
OUTLEN=4
---
FUNC=gh_update
STATE=0015e460
LEN=10
DATA=e0429041b22e9a536026
---
FUNC=gh_update
STATE=0015e460
LEN=4
DATA=00000000
---
FUNC=gh_update
STATE=0015e460
LEN=2
DATA=0100
---
FUNC=gh_final
RA=0002eba3
STATE=0015e460
OUTLEN=4
OUT=e2594046
---
FUNC=memmove
RA=00032e61
DST=00161310
SRC=0015f6b0
LEN=4
DATA=e2594046
---
FUNC=memcpy
RA=00055ddf
DST=beea6638
SRC=00161310
LEN=4
DATA=e2594046
---
FUNC=memset
RA=00032679
DST=0015f368
VAL=0
LEN=6
---
FUNC=memmove
RA=00032e61
DST=0015f368
SRC=0014eb08
LEN=6
DATA=9041b22e9a53
---
FUNC=memset
RA=000329ab
DST=0015f692
VAL=0
LEN=6
---
FUNC=memcpy
RA=00038bcd
DST=0015f692
SRC=0015f368
LEN=6
DATA=9041b22e9a53
---
FUNC=memmove
RA=000329bd
DST=0016ed30
SRC=0015f690
LEN=8
DATA=e0629041b22e9a53
---
FUNC=memset
RA=0003298b
DST=0016ed3a
VAL=0
LEN=4
---
FUNC=randombytes
RA=0003af2f
LEN=32
BUF=4217238d73838ec2a3186795093697d392b220bc8a118611a57570cb567b2f0b
---
FUNC=memmove
RA=00032e61
DST=0014e2f4
SRC=0015f510
LEN=32
DATA=6cdaaf0f4a0a12496257f68646f9baf84ea088d54c371d38b53915e3f8243372
---
FUNC=memset
RA=000329ab
DST=00162050
VAL=0
LEN=32
---
FUNC=memmove
RA=000329bd
DST=00162040
SRC=0016ed30
LEN=16
DATA=e0629041b22e9a53f902000000000101
---
FUNC=memmove
RA=000329bd
DST=001694e8
SRC=00162040
LEN=48
DATA=e0629041b22e9a53f9020000000001016cdaaf0f4a0a12496257f68646f9baf84ea088d54c371d38b53915e3f8243372
---
FUNC=memmove
RA=00032e61
DST=0016d8c8
SRC=001694e8
LEN=55
DATA=e0629041b22e9a53f9020000000001016cdaaf0f4a0a12496257f68646f9baf84ea088d54c371d38b53915e3f82433720a000203feff03
---
FUNC=memset
RA=00032679
DST=0014e8b8
VAL=0
LEN=4
---
FUNC=memset
RA=000329ab
DST=0015f368
VAL=0
LEN=4
---
FUNC=gh_init
STATE=0015e460
KEYLEN=0
OUTLEN=4
---
FUNC=gh_update
STATE=0015e460
LEN=10
DATA=e0629041b22e9a53f902
---
FUNC=gh_update
STATE=0015e460
LEN=4
DATA=00000000
---
FUNC=gh_update
STATE=0015e460
LEN=41
DATA=01016cdaaf0f4a0a12496257f68646f9baf84ea088d54c371d38b53915e3f82433720a000203feff03
---
FUNC=gh_final
RA=0002eba3
STATE=0015e460
OUTLEN=4
OUT=95b33bb0
---
FUNC=memmove
RA=00032e61
DST=001612b8
SRC=0014e8b8
LEN=4
DATA=95b33bb0
---
FUNC=memcpy
RA=00055ddf
DST=beea6510
SRC=001612b8
LEN=4
DATA=95b33bb0
---
FUNC=memset
RA=000329ab
DST=001612b8
VAL=0
LEN=4
---
FUNC=memmove
RA=00055e85
DST=0016d8d2
SRC=001612b8
LEN=4
DATA=95b33bb0
---
FUNC=memset
RA=00032679
DST=0014e818
VAL=0
LEN=24
---
FUNC=memcpy
RA=0003c05b
DST=0014e818
SRC=0016d8c8
LEN=10
DATA=e0629041b22e9a53f902
---
FUNC=memset
RA=0002f707
DST=00162040
VAL=0
LEN=45
---
FUNC=stream
PHASE=pre
RA=0002f725
KEY=b244219ceabfa91a1259356881b42f8aa10206ba756b09611c5d45582e639287
NONCE=e0629041b22e9a53f9020000000000000000000000000000
LEN=45
IN=95b33bb001016cdaaf0f4a0a12496257f68646f9baf84ea088d54c371d38b53915e3f82433720a000203feff03
---
FUNC=stream
PHASE=post
KEY=b244219ceabfa91a1259356881b42f8aa10206ba756b09611c5d45582e639287
NONCE=e0629041b22e9a53f9020000000000000000000000000000
LEN=45
OUT=495957f9be27eac1eed9a68dcc0711d329798a4afeaae19346ddd3c14a8ea93e1d3584b9f6b408311ad2646204
---
FUNC=memmove
RA=000560cd
DST=0014f150
SRC=00162040
LEN=45
DATA=495957f9be27eac1eed9a68dcc0711d329798a4afeaae19346ddd3c14a8ea93e1d3584b9f6b408311ad2646204
---
FUNC=memmove
RA=0005613b
DST=0014f151
SRC=0014f150
LEN=44
DATA=495957f9be27eac1eed9a68dcc0711d329798a4afeaae19346ddd3c14a8ea93e1d3584b9f6b408311ad26462
---
FUNC=memmove
RA=0005613b
DST=0014f152
SRC=0014f151
LEN=44
DATA=495957f9be27eac1eed9a68dcc0711d329798a4afeaae19346ddd3c14a8ea93e1d3584b9f6b408311ad26462
---
FUNC=memmove
RA=0005613b
DST=0014f153
SRC=0014f152
LEN=44
DATA=495957f9be27eac1eed9a68dcc0711d329798a4afeaae19346ddd3c14a8ea93e1d3584b9f6b408311ad26462
---
FUNC=memmove
RA=0005613b
DST=0014f154
SRC=0014f153
LEN=44
DATA=495957f9be27eac1eed9a68dcc0711d329798a4afeaae19346ddd3c14a8ea93e1d3584b9f6b408311ad26462
---
FUNC=memmove
RA=0005613b
DST=0014f155
SRC=0014f154
LEN=44
DATA=495957f9be27eac1eed9a68dcc0711d329798a4afeaae19346ddd3c14a8ea93e1d3584b9f6b408311ad26462
---
FUNC=memmove
RA=0005613b
DST=0014f156
SRC=0014f155
LEN=44
DATA=495957f9be27eac1eed9a68dcc0711d329798a4afeaae19346ddd3c14a8ea93e1d3584b9f6b408311ad26462
---
FUNC=memmove
RA=0005613b
DST=0014f157
SRC=0014f156
LEN=44
DATA=495957f9be27eac1eed9a68dcc0711d329798a4afeaae19346ddd3c14a8ea93e1d3584b9f6b408311ad26462
---
FUNC=memmove
RA=0005613b
DST=0014f158
SRC=0014f157
LEN=44
DATA=495957f9be27eac1eed9a68dcc0711d329798a4afeaae19346ddd3c14a8ea93e1d3584b9f6b408311ad26462
---
FUNC=memmove
RA=0005613b
DST=0014f159
SRC=0014f158
LEN=44
DATA=495957f9be27eac1eed9a68dcc0711d329798a4afeaae19346ddd3c14a8ea93e1d3584b9f6b408311ad26462
---
FUNC=memmove
RA=0005613b
DST=0014f15a
SRC=0014f159
LEN=44
DATA=495957f9be27eac1eed9a68dcc0711d329798a4afeaae19346ddd3c14a8ea93e1d3584b9f6b408311ad26462
---
FUNC=memmove
RA=00032e61
DST=0016d8c8
SRC=0014f150
LEN=55
DATA=e0629041b22e9a53f902495957f9be27eac1eed9a68dcc0711d329798a4afeaae19346ddd3c14a8ea93e1d3584b9f6b408311ad2646204
---
FUNC=memmove
RA=00032e61
DST=0015fe58
SRC=0016d8c8
LEN=55
DATA=e0629041b22e9a53f902495957f9be27eac1eed9a68dcc0711d329798a4afeaae19346ddd3c14a8ea93e1d3584b9f6b408311ad2646204
---
FUNC=memmove
RA=00032e61
DST=0015fed8
SRC=0015fe58
LEN=55
DATA=e0629041b22e9a53f902495957f9be27eac1eed9a68dcc0711d329798a4afeaae19346ddd3c14a8ea93e1d3584b9f6b408311ad2646204
---
FUNC=memmove
RA=00032e61
DST=b5c00958
SRC=b5fc529c
LEN=63
DATA=e0429041b22e9a5361178e754ecbaf127d43f4d2da90a2f8f788362bae4793c03e64abf2250a011d940be7437bbaa04025d3f2df9a1207e550835ee93044d2
---
FUNC=memmove
RA=00032e61
DST=b5c009a0
SRC=b5c00958
LEN=63
DATA=e0429041b22e9a5361178e754ecbaf127d43f4d2da90a2f8f788362bae4793c03e64abf2250a011d940be7437bbaa04025d3f2df9a1207e550835ee93044d2
---
FUNC=memmove
RA=00032e61
DST=b5c009e8
SRC=b5c009a0
LEN=63
DATA=e0429041b22e9a5361178e754ecbaf127d43f4d2da90a2f8f788362bae4793c03e64abf2250a011d940be7437bbaa04025d3f2df9a1207e550835ee93044d2
---
FUNC=memmove
RA=00032e61
DST=b5c00880
SRC=b5c009e8
LEN=63
DATA=e0429041b22e9a5361178e754ecbaf127d43f4d2da90a2f8f788362bae4793c03e64abf2250a011d940be7437bbaa04025d3f2df9a1207e550835ee93044d2
---
FUNC=memmove
RA=00032e61
DST=0015e9d0
SRC=b5c00880
LEN=63
DATA=e0429041b22e9a5361178e754ecbaf127d43f4d2da90a2f8f788362bae4793c03e64abf2250a011d940be7437bbaa04025d3f2df9a1207e550835ee93044d2
---
FUNC=memmove
RA=00032e61
DST=b5c00880
SRC=0015e9d0
LEN=63
DATA=e0429041b22e9a5361178e754ecbaf127d43f4d2da90a2f8f788362bae4793c03e64abf2250a011d940be7437bbaa04025d3f2df9a1207e550835ee93044d2
---
FUNC=memcpy
RA=0005790f
DST=0014e8a0
SRC=000bc077
LEN=19
DATA=4c6f52612065786368616e6765206374782040
---
FUNC=memset
RA=00032679
DST=0015f690
VAL=0
LEN=6
---
FUNC=memset
RA=00044c03
DST=0016ed20
VAL=0
LEN=6
---
FUNC=memmove
RA=00032e61
DST=0015f690
SRC=0016ed20
LEN=6
DATA=9041b22e9a53
---
FUNC=memset
RA=00032679
DST=0016ed20
VAL=0
LEN=6
---
FUNC=memset
RA=00032679
DST=0015f748
VAL=0
LEN=24
---
FUNC=memcpy
RA=0003c05b
DST=0015f748
SRC=b5c00880
LEN=10
DATA=e0429041b22e9a536117
---
FUNC=memset
RA=0002f707
DST=0014f150
VAL=0
LEN=53
---
FUNC=stream
PHASE=pre
RA=0002f725
KEY=b244219ceabfa91a1259356881b42f8aa10206ba756b09611c5d45582e639287
NONCE=e0429041b22e9a5361170000000000000000000000000000
LEN=53
IN=8e754ecbaf127d43f4d2da90a2f8f788362bae4793c03e64abf2250a011d940be7437bbaa04025d3f2df9a1207e550835ee93044d2
---
FUNC=stream
PHASE=post
KEY=b244219ceabfa91a1259356881b42f8aa10206ba756b09611c5d45582e639287
NONCE=e0429041b22e9a5361170000000000000000000000000000
LEN=53
OUT=ff32242d0102013e9c5c3e3cdb6744cd6716edaa6d07c35f2c63c73c96990b0f71677e2c1889149bbbad2e9ddae401a8e203feff03
---
FUNC=memmove
RA=000560cd
DST=b5c00bf0
SRC=0014f150
LEN=53
DATA=ff32242d0102013e9c5c3e3cdb6744cd6716edaa6d07c35f2c63c73c96990b0f71677e2c1889149bbbad2e9ddae401a8e203feff03
---
FUNC=memmove
RA=0005613b
DST=b5c00bf1
SRC=b5c00bf0
LEN=52
DATA=ff32242d0102013e9c5c3e3cdb6744cd6716edaa6d07c35f2c63c73c96990b0f71677e2c1889149bbbad2e9ddae401a8e203feff
---
FUNC=memmove
RA=0005613b
DST=b5c00bf2
SRC=b5c00bf1
LEN=52
DATA=ff32242d0102013e9c5c3e3cdb6744cd6716edaa6d07c35f2c63c73c96990b0f71677e2c1889149bbbad2e9ddae401a8e203feff
---
FUNC=memmove
RA=0005613b
DST=b5c00bf3
SRC=b5c00bf2
LEN=52
DATA=ff32242d0102013e9c5c3e3cdb6744cd6716edaa6d07c35f2c63c73c96990b0f71677e2c1889149bbbad2e9ddae401a8e203feff
---
FUNC=memmove
RA=0005613b
DST=b5c00bf4
SRC=b5c00bf3
LEN=52
DATA=ff32242d0102013e9c5c3e3cdb6744cd6716edaa6d07c35f2c63c73c96990b0f71677e2c1889149bbbad2e9ddae401a8e203feff
---
FUNC=memmove
RA=0005613b
DST=b5c00bf5
SRC=b5c00bf4
LEN=52
DATA=ff32242d0102013e9c5c3e3cdb6744cd6716edaa6d07c35f2c63c73c96990b0f71677e2c1889149bbbad2e9ddae401a8e203feff
---
FUNC=memmove
RA=0005613b
DST=b5c00bf6
SRC=b5c00bf5
LEN=52
DATA=ff32242d0102013e9c5c3e3cdb6744cd6716edaa6d07c35f2c63c73c96990b0f71677e2c1889149bbbad2e9ddae401a8e203feff
---
FUNC=memmove
RA=0005613b
DST=b5c00bf7
SRC=b5c00bf6
LEN=52
DATA=ff32242d0102013e9c5c3e3cdb6744cd6716edaa6d07c35f2c63c73c96990b0f71677e2c1889149bbbad2e9ddae401a8e203feff
---
FUNC=memmove
RA=0005613b
DST=b5c00bf8
SRC=b5c00bf7
LEN=52
DATA=ff32242d0102013e9c5c3e3cdb6744cd6716edaa6d07c35f2c63c73c96990b0f71677e2c1889149bbbad2e9ddae401a8e203feff
---
FUNC=memmove
RA=0005613b
DST=b5c00bf9
SRC=b5c00bf8
LEN=52
DATA=ff32242d0102013e9c5c3e3cdb6744cd6716edaa6d07c35f2c63c73c96990b0f71677e2c1889149bbbad2e9ddae401a8e203feff
---
FUNC=memmove
RA=0005613b
DST=b5c00bfa
SRC=b5c00bf9
LEN=52
DATA=ff32242d0102013e9c5c3e3cdb6744cd6716edaa6d07c35f2c63c73c96990b0f71677e2c1889149bbbad2e9ddae401a8e203feff
---
FUNC=memset
RA=00032679
DST=0015f7e0
VAL=0
LEN=4
---
FUNC=memset
RA=000329ab
DST=00161310
VAL=0
LEN=4
---
FUNC=gh_init
STATE=0015e460
KEYLEN=0
OUTLEN=4
---
FUNC=gh_update
STATE=0015e460
LEN=10
DATA=e0429041b22e9a536117
---
FUNC=gh_update
STATE=0015e460
LEN=4
DATA=00000000
---
FUNC=gh_update
STATE=0015e460
LEN=49
DATA=0102013e9c5c3e3cdb6744cd6716edaa6d07c35f2c63c73c96990b0f71677e2c1889149bbbad2e9ddae401a8e203feff03
---
FUNC=gh_final
RA=0002eba3
STATE=0015e460
OUTLEN=4
OUT=ff32242d
---
FUNC=memmove
RA=00032e61
DST=0015f3d8
SRC=0015f7e0
LEN=4
DATA=ff32242d
---
FUNC=memcpy
RA=00055ddf
DST=beea6638
SRC=0015f3d8
LEN=4
DATA=ff32242d
---
FUNC=memset
RA=00032679
DST=0015f6b0
VAL=0
LEN=6
---
FUNC=memset
RA=00044c03
DST=0014e818
VAL=0
LEN=6
---
FUNC=memmove
RA=00032e61
DST=0015f6b0
SRC=0014e818
LEN=6
DATA=9bbbad2e9dda
---
FUNC=memmove
RA=00032e61
DST=b5c00710
SRC=beea65dd
LEN=32
DATA=3e9c5c3e3cdb6744cd6716edaa6d07c35f2c63c73c96990b0f71677e2c188914
---
FUNC=memset
RA=00032679
DST=0015eca0
VAL=0
LEN=32
---
FUNC=memmove
RA=00032e61
DST=0014ee30
SRC=b5c00710
LEN=32
DATA=3e9c5c3e3cdb6744cd6716edaa6d07c35f2c63c73c96990b0f71677e2c188914
---
FUNC=scalarmult
RA=0003afb3
PRIV=4217238d73838ec2a3186795093697d392b220bc8a118611a57570cb567b2f0b
PUB=3e9c5c3e3cdb6744cd6716edaa6d07c35f2c63c73c96990b0f71677e2c188914
SHARED=31f267c3a828e903f6b8df3be61e0a08ff5f6c8b15790766709653d4c6d4e95f
RC=0
---
FUNC=gh_init
STATE=0016fa78
KEYLEN=0
OUTLEN=32
---
FUNC=gh_update
STATE=0016fa78
LEN=32
DATA=31f267c3a828e903f6b8df3be61e0a08ff5f6c8b15790766709653d4c6d4e95f
---
FUNC=gh_update
STATE=0016fa78
LEN=32
DATA=6cdaaf0f4a0a12496257f68646f9baf84ea088d54c371d38b53915e3f8243372
---
FUNC=gh_update
STATE=0016fa78
LEN=32
DATA=3e9c5c3e3cdb6744cd6716edaa6d07c35f2c63c73c96990b0f71677e2c188914
---
FUNC=gh_update
STATE=0016fa78
LEN=32
DATA=53e74d9357e0da71e38589d0bb380fe005b71eb20b8243419d7c331ea8695ca9
---
FUNC=gh_final
RA=0002eba3
STATE=0016fa78
OUTLEN=32
OUT=a8bbb516f387fd470dd671513ce066fd0709eca0c5c53e803252ca6770bd58f6
---
FUNC=memset
RA=000329ab
DST=0014e828
VAL=0
LEN=6
---
FUNC=memcpy
RA=00038bcd
DST=0014e828
SRC=0015f6b0
LEN=6
DATA=9bbbad2e9dda
---
FUNC=memset
RA=000329ab
DST=0015ff4e
VAL=0
LEN=4
---
FUNC=memmove
RA=000329bd
DST=0015ff48
SRC=0014e828
LEN=6
DATA=9bbbad2e9dda
---
FUNC=memset
RA=00032679
DST=0015f748
VAL=0
LEN=24
---
FUNC=memset
RA=0002f707
DST=0014e828
VAL=0
LEN=10
---
FUNC=stream
PHASE=pre
RA=0002f725
KEY=a8bbb516f387fd470dd671513ce066fd0709eca0c5c53e803252ca6770bd58f6
NONCE=000000000000000000000000000000000000000000000000
LEN=10
IN=9bbbad2e9ddae401a8e2
---
FUNC=stream
PHASE=post
KEY=a8bbb516f387fd470dd671513ce066fd0709eca0c5c53e803252ca6770bd58f6
NONCE=000000000000000000000000000000000000000000000000
LEN=10
OUT=9041b22e9a53d136cf1d
---
FUNC=memset
RA=00044c03
DST=0015ff48
VAL=0
LEN=6
---
FUNC=memmove
RA=00032e61
DST=0015f6b0
SRC=0015ff48
LEN=6
DATA=9041b22e9a53
---
FUNC=memset
RA=00032679
DST=00160308
VAL=0
LEN=6
---
FUNC=memmove
RA=00032e61
DST=00160308
SRC=0014eb08
LEN=6
DATA=9041b22e9a53
---
FUNC=memset
RA=000329ab
DST=001603a2
VAL=0
LEN=6
---
FUNC=memcpy
RA=00038bcd
DST=001603a2
SRC=00160308
LEN=6
DATA=9041b22e9a53
---
FUNC=memmove
RA=000329bd
DST=001603c0
SRC=001603a0
LEN=8
DATA=e0629041b22e9a53
---
FUNC=memset
RA=0003298b
DST=001603ca
VAL=0
LEN=4
---
FUNC=memset
RA=00032679
DST=00160390
VAL=0
LEN=6
---
FUNC=memset
RA=00032679
DST=001603a0
VAL=0
LEN=6
---
FUNC=memmove
RA=00032e61
DST=00160390
SRC=00148830
LEN=6
DATA=9041b23483dc
---
FUNC=memmove
RA=00032e61
DST=001603a0
SRC=0014eb08
LEN=6
DATA=9041b22e9a53
---
FUNC=memset
RA=000329ab
DST=001603b0
VAL=0
LEN=6
---
FUNC=memcpy
RA=00038bcd
DST=001603b0
SRC=00160390
LEN=6
DATA=9041b23483dc
---
FUNC=memset
RA=000329ab
DST=0015ff4e
VAL=0
LEN=6
---
FUNC=memmove
RA=000329bd
DST=0015ff48
SRC=001603b0
LEN=6
DATA=9041b23483dc
---
FUNC=memcpy
RA=00038bcd
DST=0015ff4e
SRC=001603a0
LEN=6
DATA=9041b22e9a53
---
FUNC=memset
RA=000329ab
DST=0014f05c
VAL=0
LEN=4
---
FUNC=memmove
RA=000329bd
DST=0014f050
SRC=0015ff48
LEN=12
DATA=9041b23483dc9041b22e9a53
---
FUNC=memset
RA=00032679
DST=0015f748
VAL=0
LEN=24
---
FUNC=memset
RA=0002f707
DST=00160360
VAL=0
LEN=16
---
FUNC=stream
PHASE=pre
RA=0002f725
KEY=a8bbb516f387fd470dd671513ce066fd0709eca0c5c53e803252ca6770bd58f6
NONCE=000000000000000000000000000000000000000000000000
LEN=16
IN=9041b23483dc9041b22e9a53d136cf1d
---
FUNC=stream
PHASE=post
KEY=a8bbb516f387fd470dd671513ce066fd0709eca0c5c53e803252ca6770bd58f6
NONCE=000000000000000000000000000000000000000000000000
LEN=16
OUT=9bbbad348455a576d5d19edf13bfe35c
---
FUNC=memset
RA=00044c03
DST=0015ff48
VAL=0
LEN=6
---
FUNC=memmove
RA=00032e61
DST=00160390
SRC=0015ff48
LEN=6
DATA=9bbbad348455
---
FUNC=memset
RA=00044c03
DST=0015ff48
VAL=0
LEN=6
---
FUNC=memmove
RA=00032e61
DST=001603a0
SRC=0015ff48
LEN=6
DATA=a576d5d19edf
---
FUNC=memset
RA=000329ab
DST=b5c00720
VAL=0
LEN=6
---
FUNC=memmove
RA=000329bd
DST=b5c00710
SRC=001603c0
LEN=16
DATA=e0629041b22e9a53fa69000000000103
---
FUNC=memcpy
RA=00038bcd
DST=b5c00720
SRC=00160390
LEN=6
DATA=9bbbad348455
---
FUNC=memset
RA=0003298b
DST=b5c00726
VAL=0
LEN=6
---
FUNC=memcpy
RA=00038bcd
DST=b5c00726
SRC=001603a0
LEN=6
DATA=a576d5d19edf
---
FUNC=memset
RA=0003298b
DST=b5c0072c
VAL=0
LEN=4
---
FUNC=memmove
RA=00032e61
DST=0015eca0
SRC=b5c00710
LEN=32
DATA=e0629041b22e9a53fa690000000001039bbbad348455a576d5d19edf13bfe35c
---
FUNC=memset
RA=00032679
DST=001603b0
VAL=0
LEN=4
---
FUNC=memset
RA=000329ab
DST=001602a0
VAL=0
LEN=4
---
FUNC=gh_init
STATE=0015e460
KEYLEN=0
OUTLEN=4
---
FUNC=gh_update
STATE=0015e460
LEN=10
DATA=e0629041b22e9a53fa69
---
FUNC=gh_update
STATE=0015e460
LEN=4
DATA=00000000
---
FUNC=gh_update
STATE=0015e460
LEN=18
DATA=01039bbbad348455a576d5d19edf13bfe35c
---
FUNC=gh_final
RA=0002eba3
STATE=0015e460
OUTLEN=4
OUT=c7385a30
---
FUNC=memmove
RA=00032e61
DST=001602b0
SRC=001603b0
LEN=4
DATA=c7385a30
---
FUNC=memcpy
RA=00055ddf
DST=beea6400
SRC=001602b0
LEN=4
DATA=c7385a30
---
FUNC=memset
RA=000329ab
DST=001602b0
VAL=0
LEN=4
---
FUNC=memmove
RA=00055e85
DST=0015ecaa
SRC=001602b0
LEN=4
DATA=c7385a30
---
FUNC=memset
RA=00032679
DST=0014f050
VAL=0
LEN=24
---
FUNC=memcpy
RA=0003c05b
DST=0014f050
SRC=0015eca0
LEN=10
DATA=e0629041b22e9a53fa69
---
FUNC=memset
RA=0002f707
DST=0015f748
VAL=0
LEN=22
---
FUNC=stream
PHASE=pre
RA=0002f725
KEY=b244219ceabfa91a1259356881b42f8aa10206ba756b09611c5d45582e639287
NONCE=e0629041b22e9a53fa690000000000000000000000000000
LEN=22
IN=c7385a3001039bbbad348455a576d5d19edf13bfe35c
---
FUNC=stream
PHASE=post
KEY=b244219ceabfa91a1259356881b42f8aa10206ba756b09611c5d45582e639287
NONCE=e0629041b22e9a53fa690000000000000000000000000000
LEN=22
OUT=c6468a2d49dad6c4e3eddcafd1b66d292124d479309e
---
FUNC=memmove
RA=000560cd
DST=0015ece8
SRC=0015f748
LEN=22
DATA=c6468a2d49dad6c4e3eddcafd1b66d292124d479309e
---
FUNC=memmove
RA=0005613b
DST=0015ece9
SRC=0015ece8
LEN=21
DATA=c6468a2d49dad6c4e3eddcafd1b66d292124d47930
---
FUNC=memmove
RA=0005613b
DST=0015ecea
SRC=0015ece9
LEN=21
DATA=c6468a2d49dad6c4e3eddcafd1b66d292124d47930
---
FUNC=memmove
RA=0005613b
DST=0015eceb
SRC=0015ecea
LEN=21
DATA=c6468a2d49dad6c4e3eddcafd1b66d292124d47930
---
FUNC=memmove
RA=0005613b
DST=0015ecec
SRC=0015eceb
LEN=21
DATA=c6468a2d49dad6c4e3eddcafd1b66d292124d47930
---
FUNC=memmove
RA=0005613b
DST=0015eced
SRC=0015ecec
LEN=21
DATA=c6468a2d49dad6c4e3eddcafd1b66d292124d47930
---
FUNC=memmove
RA=0005613b
DST=0015ecee
SRC=0015eced
LEN=21
DATA=c6468a2d49dad6c4e3eddcafd1b66d292124d47930
---
FUNC=memmove
RA=0005613b
DST=0015ecef
SRC=0015ecee
LEN=21
DATA=c6468a2d49dad6c4e3eddcafd1b66d292124d47930
---
FUNC=memmove
RA=0005613b
DST=0015ecf0
SRC=0015ecef
LEN=21
DATA=c6468a2d49dad6c4e3eddcafd1b66d292124d47930
---
FUNC=memmove
RA=0005613b
DST=0015ecf1
SRC=0015ecf0
LEN=21
DATA=c6468a2d49dad6c4e3eddcafd1b66d292124d47930
---
FUNC=memmove
RA=0005613b
DST=0015ecf2
SRC=0015ecf1
LEN=21
DATA=c6468a2d49dad6c4e3eddcafd1b66d292124d47930
---
FUNC=memmove
RA=00032e61
DST=0015f720
SRC=0015ece8
LEN=32
DATA=e0629041b22e9a53fa69c6468a2d49dad6c4e3eddcafd1b66d292124d479309e
---
FUNC=memmove
RA=00032e61
DST=0014e668
SRC=0015f720
LEN=32
DATA=e0629041b22e9a53fa69c6468a2d49dad6c4e3eddcafd1b66d292124d479309e
---
FUNC=memmove
RA=00032e61
DST=0015ec48
SRC=0014e668
LEN=32
DATA=e0629041b22e9a53fa69c6468a2d49dad6c4e3eddcafd1b66d292124d479309e
---
FUNC=memmove
RA=00032e61
DST=0015f778
SRC=0014eb88
LEN=32
DATA=a8bbb516f387fd470dd671513ce066fd0709eca0c5c53e803252ca6770bd58f6
---
FUNC=memmove
RA=00032e61
DST=b5c00630
SRC=b5fc529c
LEN=36
DATA=e0549041b22e9a53011571a7831d391bcd59daa8e7859c79b94a3c2d67cd974af9609c12
---
FUNC=memmove
RA=00032e61
DST=b5c00db8
SRC=b5c00630
LEN=36
DATA=e0549041b22e9a53011571a7831d391bcd59daa8e7859c79b94a3c2d67cd974af9609c12
---
FUNC=memmove
RA=00032e61
DST=b5c00ef8
SRC=b5c00db8
LEN=36
DATA=e0549041b22e9a53011571a7831d391bcd59daa8e7859c79b94a3c2d67cd974af9609c12
---
FUNC=memmove
RA=00032e61
DST=b5c00f80
SRC=b5c00ef8
LEN=36
DATA=e0549041b22e9a53011571a7831d391bcd59daa8e7859c79b94a3c2d67cd974af9609c12
---
FUNC=memmove
RA=00032e61
DST=b5c00ab0
SRC=b5c00f80
LEN=36
DATA=e0549041b22e9a53011571a7831d391bcd59daa8e7859c79b94a3c2d67cd974af9609c12
---
FUNC=memmove
RA=00032e61
DST=b5c00f58
SRC=b5c00ab0
LEN=36
DATA=e0549041b22e9a53011571a7831d391bcd59daa8e7859c79b94a3c2d67cd974af9609c12
---
FUNC=memcpy
RA=0005790f
DST=00161a78
SRC=000bc077
LEN=19
DATA=4c6f52612065786368616e6765206374782040
---
FUNC=memset
RA=00032679
DST=001602a0
VAL=0
LEN=6
---
FUNC=memset
RA=00044c03
DST=0014e828
VAL=0
LEN=6
---
FUNC=memmove
RA=00032e61
DST=001602a0
SRC=0014e828
LEN=6
DATA=9041b22e9a53
---
FUNC=memset
RA=00032679
DST=0014e828
VAL=0
LEN=6
---
FUNC=memset
RA=00032679
DST=0015f458
VAL=0
LEN=6
---
FUNC=memset
RA=00044c03
DST=001612b8
VAL=0
LEN=6
---
FUNC=memmove
RA=00032e61
DST=0015f458
SRC=001612b8
LEN=6
DATA=9041b22e9a53
---
FUNC=memset
RA=00032679
DST=0015f7a0
VAL=0
LEN=24
---
FUNC=memcpy
RA=0003c05b
DST=0015f7a0
SRC=b5c00f58
LEN=10
DATA=e0549041b22e9a530115
---
FUNC=memset
RA=0002f707
DST=0015f4a8
VAL=0
LEN=26
---
FUNC=stream
PHASE=pre
RA=0002f725
KEY=a8bbb516f387fd470dd671513ce066fd0709eca0c5c53e803252ca6770bd58f6
NONCE=e0549041b22e9a5301150000000000000000000000000000
LEN=26
IN=71a7831d391bcd59daa8e7859c79b94a3c2d67cd974af9609c12
---
FUNC=stream
PHASE=post
KEY=a8bbb516f387fd470dd671513ce066fd0709eca0c5c53e803252ca6770bd58f6
NONCE=e0549041b22e9a5301150000000000000000000000000000
LEN=26
OUT=f015fec80c0001000000000202000180800300540b5800140000
---
FUNC=memmove
RA=000560cd
DST=b5c00f80
SRC=0015f4a8
LEN=26
DATA=f015fec80c0001000000000202000180800300540b5800140000
---
FUNC=memmove
RA=0005613b
DST=b5c00f81
SRC=b5c00f80
LEN=25
DATA=f015fec80c0001000000000202000180800300540b58001400
---
FUNC=memmove
RA=0005613b
DST=b5c00f82
SRC=b5c00f81
LEN=25
DATA=f015fec80c0001000000000202000180800300540b58001400
---
FUNC=memmove
RA=0005613b
DST=b5c00f83
SRC=b5c00f82
LEN=25
DATA=f015fec80c0001000000000202000180800300540b58001400
---
FUNC=memmove
RA=0005613b
DST=b5c00f84
SRC=b5c00f83
LEN=25
DATA=f015fec80c0001000000000202000180800300540b58001400
---
FUNC=memmove
RA=0005613b
DST=b5c00f85
SRC=b5c00f84
LEN=25
DATA=f015fec80c0001000000000202000180800300540b58001400
---
FUNC=memmove
RA=0005613b
DST=b5c00f86
SRC=b5c00f85
LEN=25
DATA=f015fec80c0001000000000202000180800300540b58001400
---
FUNC=memmove
RA=0005613b
DST=b5c00f87
SRC=b5c00f86
LEN=25
DATA=f015fec80c0001000000000202000180800300540b58001400
---
FUNC=memmove
RA=0005613b
DST=b5c00f88
SRC=b5c00f87
LEN=25
DATA=f015fec80c0001000000000202000180800300540b58001400
---
FUNC=memmove
RA=0005613b
DST=b5c00f89
SRC=b5c00f88
LEN=25
DATA=f015fec80c0001000000000202000180800300540b58001400
---
FUNC=memmove
RA=0005613b
DST=b5c00f8a
SRC=b5c00f89
LEN=25
DATA=f015fec80c0001000000000202000180800300540b58001400
---
FUNC=memset
RA=00032679
DST=0014e8b8
VAL=0
LEN=4
---
FUNC=memset
RA=000329ab
DST=0015f368
VAL=0
LEN=4
---
FUNC=gh_init
STATE=0015e460
KEYLEN=0
OUTLEN=4
---
FUNC=gh_update
STATE=0015e460
LEN=10
DATA=e0549041b22e9a530115
---
FUNC=gh_update
STATE=0015e460
LEN=4
DATA=00000000
---
FUNC=gh_update
STATE=0015e460
LEN=22
DATA=0c0001000000000202000180800300540b5800140000
---
FUNC=gh_final
RA=0002eba3
STATE=0015e460
OUTLEN=4
OUT=f015fec8
---
FUNC=memmove
RA=00032e61
DST=0015ec90
SRC=0014e8b8
LEN=4
DATA=f015fec8
---
FUNC=memcpy
RA=00055ddf
DST=beea6508
SRC=0015ec90
LEN=4
DATA=f015fec8
---
FUNC=memmove
RA=00056a3f
DST=b5c00f80
SRC=b5c00f8e
LEN=22
DATA=0c0001000000000202000180800300540b5800140000
---
FUNC=memset
RA=00032679
DST=00161020
VAL=0
LEN=6
---
FUNC=memmove
RA=00032e61
DST=00161020
SRC=0015e668
LEN=6
DATA=9041b22e9a53
---
FUNC=memset
RA=0003298b
DST=00160ff2
VAL=0
LEN=6
---
FUNC=memcpy
RA=00038bcd
DST=00160ff2
SRC=00161020
LEN=6
DATA=9041b22e9a53
---
FUNC=memset
RA=0003298b
DST=00160ffa
VAL=0
LEN=4
---
FUNC=memmove
RA=00032e61
DST=0015f550
SRC=00160ff0
LEN=16
DATA=e0749041b22e9a5301c1000000000991
---
FUNC=memset
RA=00032679
DST=0015f690
VAL=0
LEN=4
---
FUNC=memset
RA=000329ab
DST=00160278
VAL=0
LEN=4
---
FUNC=gh_init
STATE=0015e460
KEYLEN=0
OUTLEN=4
---
FUNC=gh_update
STATE=0015e460
LEN=10
DATA=e0749041b22e9a5301c1
---
FUNC=gh_update
STATE=0015e460
LEN=4
DATA=00000000
---
FUNC=gh_update
STATE=0015e460
LEN=2
DATA=0991
---
FUNC=gh_final
RA=0002eba3
STATE=0015e460
OUTLEN=4
OUT=9652b68e
---
FUNC=memmove
RA=00032e61
DST=0015f368
SRC=0015f690
LEN=4
DATA=9652b68e
---
FUNC=memcpy
RA=00055ddf
DST=beea64e0
SRC=0015f368
LEN=4
DATA=9652b68e
---
FUNC=memset
RA=000329ab
DST=0015f690
VAL=0
LEN=4
---
FUNC=memmove
RA=00055e85
DST=0015f55a
SRC=0015f690
LEN=4
DATA=9652b68e
---
FUNC=memset
RA=00032679
DST=0015f4a8
VAL=0
LEN=24
---
FUNC=memcpy
RA=0003c05b
DST=0015f4a8
SRC=0015f550
LEN=10
DATA=e0749041b22e9a5301c1
---
FUNC=memset
RA=0002f707
DST=0015f368
VAL=0
LEN=6
---
FUNC=stream
PHASE=pre
RA=0002f725
KEY=a8bbb516f387fd470dd671513ce066fd0709eca0c5c53e803252ca6770bd58f6
NONCE=e0749041b22e9a5301c10000000000000000000000000000
LEN=6
IN=9652b68e0991
---
FUNC=stream
PHASE=post
KEY=a8bbb516f387fd470dd671513ce066fd0709eca0c5c53e803252ca6770bd58f6
NONCE=e0749041b22e9a5301c10000000000000000000000000000
LEN=6
OUT=ac2b1d398ee2
---
FUNC=memmove
RA=000560cd
DST=00145848
SRC=0015f368
LEN=6
DATA=ac2b1d398ee2
---
FUNC=memmove
RA=0005613b
DST=00145849
SRC=00145848
LEN=5
DATA=ac2b1d398e
---
FUNC=memmove
RA=0005613b
DST=0014584a
SRC=00145849
LEN=5
DATA=ac2b1d398e
---
FUNC=memmove
RA=0005613b
DST=0014584b
SRC=0014584a
LEN=5
DATA=ac2b1d398e
---
FUNC=memmove
RA=0005613b
DST=0014584c
SRC=0014584b
LEN=5
DATA=ac2b1d398e
---
FUNC=memmove
RA=0005613b
DST=0014584d
SRC=0014584c
LEN=5
DATA=ac2b1d398e
---
FUNC=memmove
RA=0005613b
DST=0014584e
SRC=0014584d
LEN=5
DATA=ac2b1d398e
---
FUNC=memmove
RA=0005613b
DST=0014584f
SRC=0014584e
LEN=5
DATA=ac2b1d398e
---
FUNC=memmove
RA=0005613b
DST=00145850
SRC=0014584f
LEN=5
DATA=ac2b1d398e
---
FUNC=memmove
RA=0005613b
DST=00145851
SRC=00145850
LEN=5
DATA=ac2b1d398e
---
FUNC=memmove
RA=0005613b
DST=00145852
SRC=00145851
LEN=5
DATA=ac2b1d398e
---
FUNC=memmove
RA=00032e61
DST=0015f378
SRC=00145848
LEN=16
DATA=e0749041b22e9a5301c1ac2b1d398ee2
---
FUNC=memmove
RA=00032e61
DST=0015f350
SRC=0015f378
LEN=16
DATA=e0749041b22e9a5301c1ac2b1d398ee2
---
FUNC=memmove
RA=00032e61
DST=0014e958
SRC=0015f350
LEN=16
DATA=e0749041b22e9a5301c1ac2b1d398ee2
---
FUNC=memmove
RA=00032e61
DST=0015f690
SRC=00148fb0
LEN=6
DATA=9041b22e9a53
---
FUNC=memcpy
RA=0005a7eb
DST=0015e680
SRC=000ae817
LEN=4
DATA=64617461
---
FUNC=memcpy
RA=0005a7eb
DST=0015f750
SRC=000bcec9
LEN=6
DATA=7369676e616c
---
FUNC=memcpy
RA=0005a7eb
DST=0015f1d8
SRC=000bceaf
LEN=4
DATA=72737369
---
FUNC=memcpy
RA=0005a7eb
DST=beea6690
SRC=000bceea
LEN=15
DATA=6d6573736167655265636569766564
---
FUNC=memmove
RA=000699d7
DST=001605d8
SRC=001604e0
LEN=238
DATA=010100000000006f7b226964223a2237363934336431362d366334632d343939342d616235382d336338653931393339623332222c226e616d65223a226d6573736167655265636569766564222c2274696d657374616d70223a313737363739373937313936302c2274797065223a226576656e74227d020100000000006f7b
---
FUNC=memcpy
RA=00078c61
DST=beea649c
SRC=beea6418
LEN=132
DATA=54f7160004000000d8051600ee00000000000000000000000000000000000000000000000000000000000000000000000000000000000000000000000000000000000000000000000000000000000000000000000000000000000000000000000000000000000000000000000000000000000000000000000000000000000000
---
FUNC=memcpy
RA=00078c73
DST=beea6528
SRC=beea649c
LEN=132
DATA=54f7160004000000d8051600ee00000000000000000000000000000000000000000000000000000000000000000000000000000000000000000000000000000000000000000000000000000000000000000000000000000000000000000000000000000000000000000000000000000000000000000000000000000000000000
---
FUNC=memcpy
RA=0007552f
DST=beea4288
SRC=0016f754
LEN=4
DATA=827e00ee
---
FUNC=memcpy
RA=0007552f
DST=beea428c
SRC=001605d8
LEN=238
DATA=010100000000006f7b226964223a2237363934336431362d366334632d343939342d616235382d336338653931393339623332222c226e616d65223a226d6573736167655265636569766564222c2274696d657374616d70223a313737363739373937313936302c2274797065223a226576656e74227d020100000000006f7b
---
FUNC=memcpy
RA=00076e4d
DST=beea62f4
SRC=beea6528
LEN=132
DATA=54f7160004000000d8051600ee00000000000000000000000000000000000000000000000000000000000000000000000000000000000000000000000000000000000000000000000000000000000000000000000000000000000000000000000000000000000000000000000000000000000000000000000000000000000000
---
FUNC=memcpy
RA=00076e4d
DST=00170cd8
SRC=beea62f4
LEN=132
DATA=54f7160004000000d8051600ee00000000000000000000000000000000000000000000000000000000000000000000000000000000000000000000000000000000000000000000000000000000000000000000000000000000000000000000000000000000000000000000000000000000000000000000000000000000000000
---
FUNC=memcpy
RA=00076e4d
DST=beea68d4
SRC=00170cd8
LEN=132
DATA=54f7160004000000d8051600ee00000000000000000000000000000000000000000000000000000000000000000000000000000000000000000000000000000000000000000000000000000000000000000000000000000000000000000000000000000000000000000000000000000000000000000000000000000000000000
---
FUNC=memmove
RA=00032e61
DST=0016a110
SRC=001711ba
LEN=6
DATA=00d3be790ac9
---
FUNC=memmove
RA=00032e61
DST=beea6624
SRC=0016a112
LEN=4
DATA=be790ac9
---
FUNC=memmove
RA=00036873
DST=00160278
SRC=0015f7e0
LEN=4
DATA=226d6163
---
FUNC=memmove
RA=00036873
DST=0014f858
SRC=00160278
LEN=8
DATA=2239303431423232
---
FUNC=memcpy
RA=00032be9
DST=0015f1d8
SRC=beea60c4
LEN=12
DATA=393034314232324539413533
---
FUNC=memcpy
RA=00032be9
DST=0014e8f8
SRC=beea60c4
LEN=4
DATA=64617461
---
FUNC=memcpy
RA=00032be9
DST=0014e820
SRC=beea60c4
LEN=12
DATA=306239343131303130643134
---
FUNC=memcpy
RA=00032be9
DST=0015ea60
SRC=beea60c4
LEN=4
DATA=64757479
---
FUNC=memcpy
RA=00032be9
DST=0015feb0
SRC=beea60c4
LEN=7
DATA=74696d656f7574
---
FUNC=memset
RA=00032679
DST=0015f368
VAL=0
LEN=6
---
FUNC=memcpy
RA=0005a7eb
DST=beea6240
SRC=000ae817
LEN=4
DATA=64617461
---
FUNC=memset
RA=00032679
DST=0015f7e0
VAL=0
LEN=6
---
FUNC=memcpy
RA=0005a7eb
DST=beea6240
SRC=000bcf90
LEN=4
DATA=64757479
---
FUNC=memcpy
RA=0005a7eb
DST=beea6240
SRC=000be5db
LEN=7
DATA=74696d656f7574
---
FUNC=memmove
RA=00032e61
DST=00160278
SRC=0015f368
LEN=6
DATA=9041b22e9a53
---
FUNC=memmove
RA=00032e61
DST=001612b8
SRC=00160278
LEN=6
DATA=9041b22e9a53
---
FUNC=memmove
RA=00032e61
DST=00161310
SRC=001612b8
LEN=6
DATA=9041b22e9a53
---
FUNC=memmove
RA=00032e61
DST=001612b8
SRC=00161310
LEN=6
DATA=9041b22e9a53
---
FUNC=memmove
RA=00032e61
DST=00161310
SRC=001612b8
LEN=6
DATA=9041b22e9a53
---
FUNC=memmove
RA=00032e61
DST=0015f390
SRC=0015f7e0
LEN=6
DATA=0b9411010d14
---
FUNC=memmove
RA=00032e61
DST=0016a110
SRC=001711ba
LEN=6
DATA=00d39edc1f41
---
FUNC=memmove
RA=00032e61
DST=beea6624
SRC=0016a112
LEN=4
DATA=9edc1f41
---
FUNC=memmove
RA=00036873
DST=0015f6b0
SRC=001612b8
LEN=4
DATA=226d6163
---
FUNC=memmove
RA=00036873
DST=0014f3b8
SRC=0015f6b0
LEN=8
DATA=2239303431423232
---
FUNC=memcpy
RA=00032be9
DST=0014e820
SRC=beea60c4
LEN=12
DATA=393034314232324539413533
---
FUNC=memcpy
RA=00032be9
DST=0015feb0
SRC=beea60c4
LEN=4
DATA=64617461
---
FUNC=memcpy
RA=00032be9
DST=0015f1d8
SRC=beea60c4
LEN=12
DATA=306239353131303130643134
---
FUNC=memcpy
RA=00032be9
DST=0016ee78
SRC=beea60c4
LEN=4
DATA=64757479
---
FUNC=memcpy
RA=00032be9
DST=0016d8e0
SRC=beea60c4
LEN=7
DATA=74696d656f7574
---
FUNC=memset
RA=00032679
DST=0015f7e0
VAL=0
LEN=6
---
FUNC=memcpy
RA=0005a7eb
DST=beea6240
SRC=000ae817
LEN=4
DATA=64617461
---
FUNC=memset
RA=00032679
DST=001612b8
VAL=0
LEN=6
---
FUNC=memcpy
RA=0005a7eb
DST=beea6240
SRC=000bcf90
LEN=4
DATA=64757479
---
FUNC=memcpy
RA=0005a7eb
DST=beea6240
SRC=000be5db
LEN=7
DATA=74696d656f7574
---
FUNC=memmove
RA=00032e61
DST=0015f6b0
SRC=0015f7e0
LEN=6
DATA=9041b22e9a53
---
FUNC=memmove
RA=00032e61
DST=0015f768
SRC=0015f6b0
LEN=6
DATA=9041b22e9a53
---
FUNC=memmove
RA=00032e61
DST=0015e990
SRC=0015f768
LEN=6
DATA=9041b22e9a53
---
FUNC=memmove
RA=00032e61
DST=0015f768
SRC=0015e990
LEN=6
DATA=9041b22e9a53
---
FUNC=memmove
RA=00032e61
DST=0015e990
SRC=0015f768
LEN=6
DATA=9041b22e9a53
---
FUNC=memmove
RA=00032e61
DST=0014e948
SRC=001612b8
LEN=6
DATA=0b9511010d14
---
FUNC=memmove
RA=00032e61
DST=b5c00c98
SRC=b5fc529c
LEN=92
DATA=e0449041b22e9a530281b65ad856bf711c760791e314fda1cae98b08e881d6e4d03aa01b073715f5398cf689ef69cc1812560dd1e361082bc3331f752ed30a92f4b17af899350a39223d48fe103e5a085d7e345a21d9606b6c578444
---
FUNC=memmove
RA=00032e61
DST=b5c00cf8
SRC=b5c00c98
LEN=92
DATA=e0449041b22e9a530281b65ad856bf711c760791e314fda1cae98b08e881d6e4d03aa01b073715f5398cf689ef69cc1812560dd1e361082bc3331f752ed30a92f4b17af899350a39223d48fe103e5a085d7e345a21d9606b6c578444
---
FUNC=memmove
RA=00032e61
DST=b5c00d58
SRC=b5c00cf8
LEN=92
DATA=e0449041b22e9a530281b65ad856bf711c760791e314fda1cae98b08e881d6e4d03aa01b073715f5398cf689ef69cc1812560dd1e361082bc3331f752ed30a92f4b17af899350a39223d48fe103e5a085d7e345a21d9606b6c578444
---
FUNC=memmove
RA=00032e61
DST=b5c00fe0
SRC=b5c00d58
LEN=92
DATA=e0449041b22e9a530281b65ad856bf711c760791e314fda1cae98b08e881d6e4d03aa01b073715f5398cf689ef69cc1812560dd1e361082bc3331f752ed30a92f4b17af899350a39223d48fe103e5a085d7e345a21d9606b6c578444
---
FUNC=memmove
RA=00032e61
DST=0015f0e0
SRC=b5c00fe0
LEN=92
DATA=e0449041b22e9a530281b65ad856bf711c760791e314fda1cae98b08e881d6e4d03aa01b073715f5398cf689ef69cc1812560dd1e361082bc3331f752ed30a92f4b17af899350a39223d48fe103e5a085d7e345a21d9606b6c578444
---
FUNC=memmove
RA=00032e61
DST=b5c00fe0
SRC=0015f0e0
LEN=92
DATA=e0449041b22e9a530281b65ad856bf711c760791e314fda1cae98b08e881d6e4d03aa01b073715f5398cf689ef69cc1812560dd1e361082bc3331f752ed30a92f4b17af899350a39223d48fe103e5a085d7e345a21d9606b6c578444
---
FUNC=memcpy
RA=0005790f
DST=0014f190
SRC=000bc077
LEN=19
DATA=4c6f52612065786368616e6765206374782040
---
FUNC=memset
RA=00032679
DST=001612b8
VAL=0
LEN=6
---
FUNC=memset
RA=00044c03
DST=0015f768
VAL=0
LEN=6
---
FUNC=memmove
RA=00032e61
DST=001612b8
SRC=0015f768
LEN=6
DATA=9041b22e9a53
---
FUNC=memset
RA=00032679
DST=0015f768
VAL=0
LEN=6
---
FUNC=memmove
RA=00032e61
DST=b5c00db8
SRC=0015f778
LEN=32
DATA=a8bbb516f387fd470dd671513ce066fd0709eca0c5c53e803252ca6770bd58f6
---
FUNC=memset
RA=00032679
DST=00160970
VAL=0
LEN=6
---
FUNC=memset
RA=00044c03
DST=001609c8
VAL=0
LEN=6
---
FUNC=memmove
RA=00032e61
DST=00160970
SRC=001609c8
LEN=6
DATA=9041b22e9a53
---
FUNC=memset
RA=00032679
DST=0016ec10
VAL=0
LEN=24
---
FUNC=memcpy
RA=0003c05b
DST=0016ec10
SRC=b5c00fe0
LEN=10
DATA=e0449041b22e9a530281
---
FUNC=memset
RA=0002f707
DST=b5c00e78
VAL=0
LEN=82
---
FUNC=stream
PHASE=pre
RA=0002f725
KEY=a8bbb516f387fd470dd671513ce066fd0709eca0c5c53e803252ca6770bd58f6
NONCE=e0449041b22e9a5302810000000000000000000000000001
LEN=82
IN=b65ad856bf711c760791e314fda1cae98b08e881d6e4d03aa01b073715f5398cf689ef69cc1812560dd1e361082bc3331f752ed30a92f4b17af899350a39223d48fe103e5a085d7e345a21d9606b6c578444
---
FUNC=stream
PHASE=post
KEY=a8bbb516f387fd470dd671513ce066fd0709eca0c5c53e803252ca6770bd58f6
NONCE=e0449041b22e9a5302810000000000000000000000000001
LEN=82
OUT=1f8cc2ad0a91ae9400010001000000f5a9470452b4ba379a5749018003ab8809ac01fb03080f110e01010402010311010a0d01020e01012001011202061301040301041401011501011601010f0101100101
---
FUNC=memmove
RA=000560cd
DST=0018bba0
SRC=b5c00e78
LEN=82
DATA=1f8cc2ad0a91ae9400010001000000f5a9470452b4ba379a5749018003ab8809ac01fb03080f110e01010402010311010a0d01020e01012001011202061301040301041401011501011601010f0101100101
---
FUNC=memmove
RA=0005613b
DST=0018bba1
SRC=0018bba0
LEN=81
DATA=1f8cc2ad0a91ae9400010001000000f5a9470452b4ba379a5749018003ab8809ac01fb03080f110e01010402010311010a0d01020e01012001011202061301040301041401011501011601010f01011001
---
FUNC=memmove
RA=0005613b
DST=0018bba2
SRC=0018bba1
LEN=81
DATA=1f8cc2ad0a91ae9400010001000000f5a9470452b4ba379a5749018003ab8809ac01fb03080f110e01010402010311010a0d01020e01012001011202061301040301041401011501011601010f01011001
---
FUNC=memmove
RA=0005613b
DST=0018bba3
SRC=0018bba2
LEN=81
DATA=1f8cc2ad0a91ae9400010001000000f5a9470452b4ba379a5749018003ab8809ac01fb03080f110e01010402010311010a0d01020e01012001011202061301040301041401011501011601010f01011001
---
FUNC=memmove
RA=0005613b
DST=0018bba4
SRC=0018bba3
LEN=81
DATA=1f8cc2ad0a91ae9400010001000000f5a9470452b4ba379a5749018003ab8809ac01fb03080f110e01010402010311010a0d01020e01012001011202061301040301041401011501011601010f01011001
---
FUNC=memmove
RA=0005613b
DST=0018bba5
SRC=0018bba4
LEN=81
DATA=1f8cc2ad0a91ae9400010001000000f5a9470452b4ba379a5749018003ab8809ac01fb03080f110e01010402010311010a0d01020e01012001011202061301040301041401011501011601010f01011001
---
FUNC=memmove
RA=0005613b
DST=0018bba6
SRC=0018bba5
LEN=81
DATA=1f8cc2ad0a91ae9400010001000000f5a9470452b4ba379a5749018003ab8809ac01fb03080f110e01010402010311010a0d01020e01012001011202061301040301041401011501011601010f01011001
---
FUNC=memmove
RA=0005613b
DST=0018bba7
SRC=0018bba6
LEN=81
DATA=1f8cc2ad0a91ae9400010001000000f5a9470452b4ba379a5749018003ab8809ac01fb03080f110e01010402010311010a0d01020e01012001011202061301040301041401011501011601010f01011001
---
FUNC=memmove
RA=0005613b
DST=0018bba8
SRC=0018bba7
LEN=81
DATA=1f8cc2ad0a91ae9400010001000000f5a9470452b4ba379a5749018003ab8809ac01fb03080f110e01010402010311010a0d01020e01012001011202061301040301041401011501011601010f01011001
---
FUNC=memmove
RA=0005613b
DST=0018bba9
SRC=0018bba8
LEN=81
DATA=1f8cc2ad0a91ae9400010001000000f5a9470452b4ba379a5749018003ab8809ac01fb03080f110e01010402010311010a0d01020e01012001011202061301040301041401011501011601010f01011001
---
FUNC=memmove
RA=0005613b
DST=0018bbaa
SRC=0018bba9
LEN=81
DATA=1f8cc2ad0a91ae9400010001000000f5a9470452b4ba379a5749018003ab8809ac01fb03080f110e01010402010311010a0d01020e01012001011202061301040301041401011501011601010f01011001
---
FUNC=memset
RA=00032679
DST=00160a08
VAL=0
LEN=4
---
FUNC=memset
RA=000329ab
DST=00160a18
VAL=0
LEN=4
---
FUNC=gh_init
STATE=0015e460
KEYLEN=0
OUTLEN=4
---
FUNC=gh_update
STATE=0015e460
LEN=10
DATA=e0449041b22e9a530281
---
FUNC=gh_update
STATE=0015e460
LEN=4
DATA=00000000
---
FUNC=gh_update
STATE=0015e460
LEN=78
DATA=0a91ae9400010001000000f5a9470452b4ba379a5749018003ab8809ac01fb03080f110e01010402010311010a0d01020e01012001011202061301040301041401011501011601010f0101100101
---
FUNC=gh_final
RA=0002eba3
STATE=0015e460
OUTLEN=4
OUT=1f8cc2ad
---
FUNC=memmove
RA=00032e61
DST=00160a28
SRC=00160a08
LEN=4
DATA=1f8cc2ad
---
FUNC=memcpy
RA=00055ddf
DST=beea6508
SRC=00160a28
LEN=4
DATA=1f8cc2ad
---
FUNC=memmove
RA=00056a3f
DST=0018bba0
SRC=0018bbae
LEN=78
DATA=0a91ae9400010001000000f5a9470452b4ba379a5749018003ab8809ac01fb03080f110e01010402010311010a0d01020e01012001011202061301040301041401011501011601010f0101100101
---
FUNC=memmove
RA=00032e61
DST=0015fe88
SRC=0015fb00
LEN=6
DATA=9041b22e9a53
---
FUNC=memmove
RA=000699d7
DST=0015e370
SRC=001620c0
LEN=132
DATA=01010000000000727b226572726f72223a22222c226572726f72436f6465223a302c226964223a2239343737333731652d356534382d346332342d623334612d336262326264346632656438222c2274696d657374616d70223a313737363739373937333034312c2274797065223a22726573706f6e7365227d020100000000
---
FUNC=memset
RA=00032679
DST=00160a08
VAL=0
LEN=6
---
FUNC=memmove
RA=00032e61
DST=00160a08
SRC=0015e668
LEN=6
DATA=9041b22e9a53
---
FUNC=memset
RA=0003298b
DST=0015e97a
VAL=0
LEN=6
---
FUNC=memcpy
RA=00038bcd
DST=0015e97a
SRC=00160a08
LEN=6
DATA=9041b22e9a53
---
FUNC=memset
RA=0003298b
DST=0015e982
VAL=0
LEN=4
---
FUNC=memmove
RA=00032e61
DST=0015e986
SRC=0014ebf8
LEN=6
DATA=0b9211010d14
---
FUNC=memmove
RA=00032e61
DST=0015ea60
SRC=0015e978
LEN=20
DATA=e0749041b22e9a530241000000000b9211010d14
---
FUNC=memset
RA=00032679
DST=0015fb10
VAL=0
LEN=4
---
FUNC=memset
RA=000329ab
DST=0015ea78
VAL=0
LEN=4
---
FUNC=gh_init
STATE=0015e460
KEYLEN=0
OUTLEN=4
---
FUNC=gh_update
STATE=0015e460
LEN=10
DATA=e0749041b22e9a530241
---
FUNC=gh_update
STATE=0015e460
LEN=4
DATA=00000000
---
FUNC=gh_update
STATE=0015e460
LEN=6
DATA=0b9211010d14
---
FUNC=gh_final
RA=0002eba3
STATE=0015e460
OUTLEN=4
OUT=7662b1b6
---
FUNC=memmove
RA=00032e61
DST=0015ff48
SRC=0015fb10
LEN=4
DATA=7662b1b6
---
FUNC=memcpy
RA=00055ddf
DST=beea64e0
SRC=0015ff48
LEN=4
DATA=7662b1b6
---
FUNC=memset
RA=000329ab
DST=0015ff48
VAL=0
LEN=4
---
FUNC=memmove
RA=00055e85
DST=0015ea6a
SRC=0015ff48
LEN=4
DATA=7662b1b6
---
FUNC=memset
RA=00032679
DST=00161fb0
VAL=0
LEN=24
---
FUNC=memcpy
RA=0003c05b
DST=00161fb0
SRC=0015ea60
LEN=10
DATA=e0749041b22e9a530241
---
FUNC=memset
RA=0002f707
DST=00160a18
VAL=0
LEN=10
---
FUNC=stream
PHASE=pre
RA=0002f725
KEY=a8bbb516f387fd470dd671513ce066fd0709eca0c5c53e803252ca6770bd58f6
NONCE=e0749041b22e9a5302410000000000000000000000000001
LEN=10
IN=7662b1b60b9211010d14
---
FUNC=stream
PHASE=post
KEY=a8bbb516f387fd470dd671513ce066fd0709eca0c5c53e803252ca6770bd58f6
NONCE=e0749041b22e9a5302410000000000000000000000000001
LEN=10
OUT=ccdb134568ef05cdc406
---
FUNC=memmove
RA=000560cd
DST=0014f0d8
SRC=00160a18
LEN=10
DATA=ccdb134568ef05cdc406
---
FUNC=memmove
RA=0005613b
DST=0014f0d9
SRC=0014f0d8
LEN=9
DATA=ccdb134568ef05cdc4
---
FUNC=memmove
RA=0005613b
DST=0014f0da
SRC=0014f0d9
LEN=9
DATA=ccdb134568ef05cdc4
---
FUNC=memmove
RA=0005613b
DST=0014f0db
SRC=0014f0da
LEN=9
DATA=ccdb134568ef05cdc4
---
FUNC=memmove
RA=0005613b
DST=0014f0dc
SRC=0014f0db
LEN=9
DATA=ccdb134568ef05cdc4
---
FUNC=memmove
RA=0005613b
DST=0014f0dd
SRC=0014f0dc
LEN=9
DATA=ccdb134568ef05cdc4
---
FUNC=memmove
RA=0005613b
DST=0014f0de
SRC=0014f0dd
LEN=9
DATA=ccdb134568ef05cdc4
---
FUNC=memmove
RA=0005613b
DST=0014f0df
SRC=0014f0de
LEN=9
DATA=ccdb134568ef05cdc4
---
FUNC=memmove
RA=0005613b
DST=0014f0e0
SRC=0014f0df
LEN=9
DATA=ccdb134568ef05cdc4
---
FUNC=memmove
RA=0005613b
DST=0014f0e1
SRC=0014f0e0
LEN=9
DATA=ccdb134568ef05cdc4
---
FUNC=memmove
RA=0005613b
DST=0014f0e2
SRC=0014f0e1
LEN=9
DATA=ccdb134568ef05cdc4
---
FUNC=memmove
RA=00032e61
DST=00160980
SRC=0014f0d8
LEN=20
DATA=e0749041b22e9a530241ccdb134568ef05cdc406
---
FUNC=memmove
RA=00032e61
DST=0015f6c0
SRC=00160980
LEN=20
DATA=e0749041b22e9a530241ccdb134568ef05cdc406
---
FUNC=memmove
RA=00032e61
DST=00160218
SRC=0015f6c0
LEN=20
DATA=e0749041b22e9a530241ccdb134568ef05cdc406
---
FUNC=memmove
RA=00032e61
DST=00160a18
SRC=00148fb0
LEN=6
DATA=9041b22e9a53
---
FUNC=memcpy
RA=0005a7eb
DST=0016e438
SRC=000ae817
LEN=4
DATA=64617461
---
FUNC=memcpy
RA=0005a7eb
DST=0015f7a8
SRC=000bcec9
LEN=6
DATA=7369676e616c
---
FUNC=memcpy
RA=0005a7eb
DST=0015ecd0
SRC=000bceaf
LEN=4
DATA=72737369
---
FUNC=memcpy
RA=0005a7eb
DST=beea6690
SRC=000bceea
LEN=15
DATA=6d6573736167655265636569766564
---
FUNC=memcpy
RA=00078c61
DST=beea649c
SRC=beea6418
LEN=132
DATA=049516000400000070e31500840000001c1116000400000008f815005e010000000000000000000000000000000000000000000000000000000000000000000000000000000000000000000000000000000000000000000000000000000000000000000000000000000000000000000000000000000000000000000000000000
---
FUNC=memcpy
RA=00078c73
DST=beea6528
SRC=beea649c
LEN=132
DATA=049516000400000070e31500840000001c1116000400000008f815005e010000000000000000000000000000000000000000000000000000000000000000000000000000000000000000000000000000000000000000000000000000000000000000000000000000000000000000000000000000000000000000000000000000
---
FUNC=memcpy
RA=0007552f
DST=beea4288
SRC=00169504
LEN=4
DATA=827e0084
---
FUNC=memcpy
RA=0007552f
DST=beea428c
SRC=0015e370
LEN=132
DATA=01010000000000727b226572726f72223a22222c226572726f72436f6465223a302c226964223a2239343737333731652d356534382d346332342d623334612d336262326264346632656438222c2274696d657374616d70223a313737363739373937333034312c2274797065223a22726573706f6e7365227d020100000000
---
FUNC=memcpy
RA=0007552f
DST=beea4310
SRC=0016111c
LEN=4
DATA=827e015e
---
FUNC=memcpy
RA=00076e4d
DST=beea62f4
SRC=beea6528
LEN=132
DATA=049516000400000070e31500840000001c1116000400000008f815005e010000000000000000000000000000000000000000000000000000000000000000000000000000000000000000000000000000000000000000000000000000000000000000000000000000000000000000000000000000000000000000000000000000
---
FUNC=memcpy
RA=00076e4d
DST=00170cd8
SRC=beea62f4
LEN=132
DATA=049516000400000070e31500840000001c1116000400000008f815005e010000000000000000000000000000000000000000000000000000000000000000000000000000000000000000000000000000000000000000000000000000000000000000000000000000000000000000000000000000000000000000000000000000
---
FUNC=memcpy
RA=00076e4d
DST=beea68d4
SRC=00170cd8
LEN=132
DATA=049516000400000070e31500840000001c1116000400000008f815005e010000000000000000000000000000000000000000000000000000000000000000000000000000000000000000000000000000000000000000000000000000000000000000000000000000000000000000000000000000000000000000000000000000
---
FUNC=memmove
RA=00032e61
DST=0016a110
SRC=001711ba
LEN=6
DATA=00d33d9f6355
---
FUNC=memmove
RA=00032e61
DST=beea6624
SRC=0016a112
LEN=4
DATA=3d9f6355
---
FUNC=memmove
RA=00036873
DST=0015ff48
SRC=00160918
LEN=4
DATA=226d6163
---
FUNC=memmove
RA=00036873
DST=001608b8
SRC=0015ff48
LEN=8
DATA=2239303431423232
---
FUNC=memcpy
RA=00032be9
DST=0015ecd0
SRC=beea60c4
LEN=12
DATA=393034314232324539413533
---
FUNC=memcpy
RA=00032be9
DST=00160aa0
SRC=beea60c4
LEN=4
DATA=64617461
---
FUNC=memcpy
RA=00032be9
DST=0014e820
SRC=beea60c4
LEN=12
DATA=306539363064303030313263
---
FUNC=memcpy
RA=00032be9
DST=001602d8
SRC=beea60c4
LEN=4
DATA=64757479
---
FUNC=memcpy
RA=00032be9
DST=0015feb0
SRC=beea60c4
LEN=7
DATA=74696d656f7574
---
FUNC=memset
RA=00032679
DST=00160a08
VAL=0
LEN=6
---
FUNC=memcpy
RA=0005a7eb
DST=beea6240
SRC=000ae817
LEN=4
DATA=64617461
---
FUNC=memset
RA=00032679
DST=00160918
VAL=0
LEN=6
---
FUNC=memcpy
RA=0005a7eb
DST=beea6240
SRC=000bcf90
LEN=4
DATA=64757479
---
FUNC=memcpy
RA=0005a7eb
DST=beea6240
SRC=000be5db
LEN=7
DATA=74696d656f7574
---
FUNC=memmove
RA=00032e61
DST=0015ff48
SRC=00160a08
LEN=6
DATA=9041b22e9a53
---
FUNC=memmove
RA=00032e61
DST=0015ea78
SRC=0015ff48
LEN=6
DATA=9041b22e9a53
---
FUNC=memmove
RA=00032e61
DST=0015fe88
SRC=0015ea78
LEN=6
DATA=9041b22e9a53
---
FUNC=memmove
RA=00032e61
DST=0015ea78
SRC=0015fe88
LEN=6
DATA=9041b22e9a53
---
FUNC=memmove
RA=00032e61
DST=0015fe88
SRC=0015ea78
LEN=6
DATA=9041b22e9a53
---
FUNC=memmove
RA=00032e61
DST=0015f768
SRC=00160918
LEN=6
DATA=0e960d00012c
---
FUNC=memmove
RA=00032e61
DST=b5c01040
SRC=b5fc529c
LEN=41
DATA=e0449041b22e9a530382c8af88e858098a978a66e22fe31aa2ab9d0ce712325e573cf253e5f5f606c5
---
FUNC=memmove
RA=00032e61
DST=b5c01070
SRC=b5c01040
LEN=41
DATA=e0449041b22e9a530382c8af88e858098a978a66e22fe31aa2ab9d0ce712325e573cf253e5f5f606c5
---
FUNC=memmove
RA=00032e61
DST=b5c010a0
SRC=b5c01070
LEN=41
DATA=e0449041b22e9a530382c8af88e858098a978a66e22fe31aa2ab9d0ce712325e573cf253e5f5f606c5
---
FUNC=memmove
RA=00032e61
DST=b5c010d0
SRC=b5c010a0
LEN=41
DATA=e0449041b22e9a530382c8af88e858098a978a66e22fe31aa2ab9d0ce712325e573cf253e5f5f606c5
---
FUNC=memmove
RA=00032e61
DST=0015e9a0
SRC=b5c010d0
LEN=41
DATA=e0449041b22e9a530382c8af88e858098a978a66e22fe31aa2ab9d0ce712325e573cf253e5f5f606c5
---
FUNC=memmove
RA=00032e61
DST=b5c010d0
SRC=0015e9a0
LEN=41
DATA=e0449041b22e9a530382c8af88e858098a978a66e22fe31aa2ab9d0ce712325e573cf253e5f5f606c5
---
FUNC=memcpy
RA=0005790f
DST=0015e978
SRC=000bc077
LEN=19
DATA=4c6f52612065786368616e6765206374782040
---
FUNC=memset
RA=00032679
DST=0014eb18
VAL=0
LEN=6
---
FUNC=memset
RA=00044c03
DST=0014e8b8
VAL=0
LEN=6
---
FUNC=memmove
RA=00032e61
DST=0014eb18
SRC=0014e8b8
LEN=6
DATA=9041b22e9a53
---
FUNC=memset
RA=00032679
DST=0014e8b8
VAL=0
LEN=6
---
FUNC=memmove
RA=00032e61
DST=b5c00ed0
SRC=0015f778
LEN=32
DATA=a8bbb516f387fd470dd671513ce066fd0709eca0c5c53e803252ca6770bd58f6
---
FUNC=memset
RA=00032679
DST=0014f0e0
VAL=0
LEN=6
---
FUNC=memset
RA=00044c03
DST=0015f7f8
VAL=0
LEN=6
---
FUNC=memmove
RA=00032e61
DST=0014f0e0
SRC=0015f7f8
LEN=6
DATA=9041b22e9a53
---
FUNC=memset
RA=00032679
DST=0016f310
VAL=0
LEN=24
---
FUNC=memcpy
RA=0003c05b
DST=0016f310
SRC=b5c010d0
LEN=10
DATA=e0449041b22e9a530382
---
FUNC=memset
RA=0002f707
DST=0016e408
VAL=0
LEN=31
---
FUNC=stream
PHASE=pre
RA=0002f725
KEY=a8bbb516f387fd470dd671513ce066fd0709eca0c5c53e803252ca6770bd58f6
NONCE=e0449041b22e9a5303820000000000000000000000000001
LEN=31
IN=c8af88e858098a978a66e22fe31aa2ab9d0ce712325e573cf253e5f5f606c5
---
FUNC=stream
PHASE=post
KEY=a8bbb516f387fd470dd671513ce066fd0709eca0c5c53e803252ca6770bd58f6
NONCE=e0449041b22e9a5303820000000000000000000000000001
LEN=31
OUT=92d7f8ab0c92010000000008110000010001000000f5a9470d00012c140000
---
FUNC=memmove
RA=000560cd
DST=0015f3c8
SRC=0016e408
LEN=31
DATA=92d7f8ab0c92010000000008110000010001000000f5a9470d00012c140000
---
FUNC=memmove
RA=0005613b
DST=0015f3c9
SRC=0015f3c8
LEN=30
DATA=92d7f8ab0c92010000000008110000010001000000f5a9470d00012c1400
---
FUNC=memmove
RA=0005613b
DST=0015f3ca
SRC=0015f3c9
LEN=30
DATA=92d7f8ab0c92010000000008110000010001000000f5a9470d00012c1400
---
FUNC=memmove
RA=0005613b
DST=0015f3cb
SRC=0015f3ca
LEN=30
DATA=92d7f8ab0c92010000000008110000010001000000f5a9470d00012c1400
---
FUNC=memmove
RA=0005613b
DST=0015f3cc
SRC=0015f3cb
LEN=30
DATA=92d7f8ab0c92010000000008110000010001000000f5a9470d00012c1400
---
FUNC=memmove
RA=0005613b
DST=0015f3cd
SRC=0015f3cc
LEN=30
DATA=92d7f8ab0c92010000000008110000010001000000f5a9470d00012c1400
---
FUNC=memmove
RA=0005613b
DST=0015f3ce
SRC=0015f3cd
LEN=30
DATA=92d7f8ab0c92010000000008110000010001000000f5a9470d00012c1400
---
FUNC=memmove
RA=0005613b
DST=0015f3cf
SRC=0015f3ce
LEN=30
DATA=92d7f8ab0c92010000000008110000010001000000f5a9470d00012c1400
---
FUNC=memmove
RA=0005613b
DST=0015f3d0
SRC=0015f3cf
LEN=30
DATA=92d7f8ab0c92010000000008110000010001000000f5a9470d00012c1400
---
FUNC=memmove
RA=0005613b
DST=0015f3d1
SRC=0015f3d0
LEN=30
DATA=92d7f8ab0c92010000000008110000010001000000f5a9470d00012c1400
---
FUNC=memmove
RA=0005613b
DST=0015f3d2
SRC=0015f3d1
LEN=30
DATA=92d7f8ab0c92010000000008110000010001000000f5a9470d00012c1400
---
FUNC=memset
RA=00032679
DST=0015f738
VAL=0
LEN=4
---
FUNC=memset
RA=000329ab
DST=001609c8
VAL=0
LEN=4
---
FUNC=gh_init
STATE=0015e460
KEYLEN=0
OUTLEN=4
---
FUNC=gh_update
STATE=0015e460
LEN=10
DATA=e0449041b22e9a530382
---
FUNC=gh_update
STATE=0015e460
LEN=4
DATA=00000000
---
FUNC=gh_update
STATE=0015e460
LEN=27
DATA=0c92010000000008110000010001000000f5a9470d00012c140000
---
FUNC=gh_final
RA=0002eba3
STATE=0015e460
OUTLEN=4
OUT=92d7f8ab
---
FUNC=memmove
RA=00032e61
DST=0016d8e0
SRC=0015f738
LEN=4
DATA=92d7f8ab
---
FUNC=memcpy
RA=00055ddf
DST=beea6508
SRC=0016d8e0
LEN=4
DATA=92d7f8ab
---
FUNC=memmove
RA=00056a3f
DST=0015f3c8
SRC=0015f3d6
LEN=27
DATA=0c92010000000008110000010001000000f5a9470d00012c140000
---
FUNC=memmove
RA=00032e61
DST=0015fb10
SRC=0014f070
LEN=6
DATA=9041b22e9a53
---
FUNC=memmove
RA=000699d7
DST=001620c0
SRC=0015e370
LEN=132
DATA=01010000000000727b226572726f72223a22222c226572726f72436f6465223a302c226964223a2238633634323536382d363631612d343433632d613131372d386535623431313539633232222c2274696d657374616d70223a313737363739373937343039332c2274797065223a22726573706f6e7365227d020100000000
---
FUNC=memset
RA=00032679
DST=0015f738
VAL=0
LEN=6
---
FUNC=memmove
RA=00032e61
DST=0015f738
SRC=0015e668
LEN=6
DATA=9041b22e9a53
---
FUNC=memset
RA=0003298b
DST=0014e632
VAL=0
LEN=6
---
FUNC=memcpy
RA=00038bcd
DST=0014e632
SRC=0015f738
LEN=6
DATA=9041b22e9a53
---
FUNC=memset
RA=0003298b
DST=0014e63a
VAL=0
LEN=4
---
FUNC=memmove
RA=00032e61
DST=0014f108
SRC=0014e630
LEN=16
DATA=e0749041b22e9a53037d000000000993
---
FUNC=memset
RA=00032679
DST=0014f080
VAL=0
LEN=4
---
FUNC=memset
RA=000329ab
DST=0015f6b0
VAL=0
LEN=4
---
FUNC=gh_init
STATE=0015e460
KEYLEN=0
OUTLEN=4
---
FUNC=gh_update
STATE=0015e460
LEN=10
DATA=e0749041b22e9a53037d
---
FUNC=gh_update
STATE=0015e460
LEN=4
DATA=00000000
---
FUNC=gh_update
STATE=0015e460
LEN=2
DATA=0993
---
FUNC=gh_final
RA=0002eba3
STATE=0015e460
OUTLEN=4
OUT=4fa21d79
---
FUNC=memmove
RA=00032e61
DST=0015fb00
SRC=0014f080
LEN=4
DATA=4fa21d79
---
FUNC=memcpy
RA=00055ddf
DST=beea64e0
SRC=0015fb00
LEN=4
DATA=4fa21d79
---
FUNC=memset
RA=000329ab
DST=0015fb00
VAL=0
LEN=4
---
FUNC=memmove
RA=00055e85
DST=0014f112
SRC=0015fb00
LEN=4
DATA=4fa21d79
---
FUNC=memset
RA=00032679
DST=00160a08
VAL=0
LEN=24
---
FUNC=memcpy
RA=0003c05b
DST=00160a08
SRC=0014f108
LEN=10
DATA=e0749041b22e9a53037d
---
FUNC=memset
RA=0002f707
DST=001609c8
VAL=0
LEN=6
---
FUNC=stream
PHASE=pre
RA=0002f725
KEY=a8bbb516f387fd470dd671513ce066fd0709eca0c5c53e803252ca6770bd58f6
NONCE=e0749041b22e9a53037d0000000000000000000000000002
LEN=6
IN=4fa21d790993
---
FUNC=stream
PHASE=post
KEY=a8bbb516f387fd470dd671513ce066fd0709eca0c5c53e803252ca6770bd58f6
NONCE=e0749041b22e9a53037d0000000000000000000000000002
LEN=6
OUT=36bf85c92abf
---
FUNC=memmove
RA=000560cd
DST=0016f130
SRC=001609c8
LEN=6
DATA=36bf85c92abf
---
FUNC=memmove
RA=0005613b
DST=0016f131
SRC=0016f130
LEN=5
DATA=36bf85c92a
---
FUNC=memmove
RA=0005613b
DST=0016f132
SRC=0016f131
LEN=5
DATA=36bf85c92a
---
FUNC=memmove
RA=0005613b
DST=0016f133
SRC=0016f132
LEN=5
DATA=36bf85c92a
---
FUNC=memmove
RA=0005613b
DST=0016f134
SRC=0016f133
LEN=5
DATA=36bf85c92a
---
FUNC=memmove
RA=0005613b
DST=0016f135
SRC=0016f134
LEN=5
DATA=36bf85c92a
---
FUNC=memmove
RA=0005613b
DST=0016f136
SRC=0016f135
LEN=5
DATA=36bf85c92a
---
FUNC=memmove
RA=0005613b
DST=0016f137
SRC=0016f136
LEN=5
DATA=36bf85c92a
---
FUNC=memmove
RA=0005613b
DST=0016f138
SRC=0016f137
LEN=5
DATA=36bf85c92a
---
FUNC=memmove
RA=0005613b
DST=0016f139
SRC=0016f138
LEN=5
DATA=36bf85c92a
---
FUNC=memmove
RA=0005613b
DST=0016f13a
SRC=0016f139
LEN=5
DATA=36bf85c92a
---
FUNC=memmove
RA=00032e61
DST=0015ff18
SRC=0016f130
LEN=16
DATA=e0749041b22e9a53037d36bf85c92abf
---
FUNC=memmove
RA=00032e61
DST=0015fb50
SRC=0015ff18
LEN=16
DATA=e0749041b22e9a53037d36bf85c92abf
---
FUNC=memmove
RA=00032e61
DST=0014f0f0
SRC=0015fb50
LEN=16
DATA=e0749041b22e9a53037d36bf85c92abf
---
FUNC=memmove
RA=00032e61
DST=001609c8
SRC=00148fb0
LEN=6
DATA=9041b22e9a53
---
FUNC=memcpy
RA=0005a7eb
DST=0015f1d8
SRC=000ae817
LEN=4
DATA=64617461
---
FUNC=memcpy
RA=0005a7eb
DST=0016ec18
SRC=000bcec9
LEN=6
DATA=7369676e616c
---
FUNC=memcpy
RA=0005a7eb
DST=0015ec78
SRC=000bceaf
LEN=4
DATA=72737369
---
FUNC=memcpy
RA=0005a7eb
DST=beea6690
SRC=000bceea
LEN=15
DATA=6d6573736167655265636569766564
---
FUNC=memmove
RA=000699d7
DST=00148668
SRC=00168c20
LEN=248
DATA=010100000000006f7b226964223a2262363937326335632d363666332d343632352d613039662d343865656434383537326463222c226e616d65223a226d6573736167655265636569766564222c2274696d657374616d70223a313737363739373937343039382c2274797065223a226576656e74227d02010000000000797b
---
FUNC=memcpy
RA=00078c61
DST=beea649c
SRC=beea6418
LEN=132
DATA=0495160004000000c02016008400000054f716000400000068861400f8000000000000000000000000000000000000000000000000000000000000000000000000000000000000000000000000000000000000000000000000000000000000000000000000000000000000000000000000000000000000000000000000000000
---
FUNC=memcpy
RA=00078c73
DST=beea6528
SRC=beea649c
LEN=132
DATA=0495160004000000c02016008400000054f716000400000068861400f8000000000000000000000000000000000000000000000000000000000000000000000000000000000000000000000000000000000000000000000000000000000000000000000000000000000000000000000000000000000000000000000000000000
---
FUNC=memcpy
RA=0007552f
DST=beea4288
SRC=00169504
LEN=4
DATA=827e0084
---
FUNC=memcpy
RA=0007552f
DST=beea428c
SRC=001620c0
LEN=132
DATA=01010000000000727b226572726f72223a22222c226572726f72436f6465223a302c226964223a2238633634323536382d363631612d343433632d613131372d386535623431313539633232222c2274696d657374616d70223a313737363739373937343039332c2274797065223a22726573706f6e7365227d020100000000
---
FUNC=memcpy
RA=0007552f
DST=beea4310
SRC=0016f754
LEN=4
DATA=827e00f8
---
FUNC=memcpy
RA=0007552f
DST=beea4314
SRC=00148668
LEN=248
DATA=010100000000006f7b226964223a2262363937326335632d363666332d343632352d613039662d343865656434383537326463222c226e616d65223a226d6573736167655265636569766564222c2274696d657374616d70223a313737363739373937343039382c2274797065223a226576656e74227d02010000000000797b
---
FUNC=memcpy
RA=00076e4d
DST=beea62f4
SRC=beea6528
LEN=132
DATA=0495160004000000c02016008400000054f716000400000068861400f8000000000000000000000000000000000000000000000000000000000000000000000000000000000000000000000000000000000000000000000000000000000000000000000000000000000000000000000000000000000000000000000000000000
---
FUNC=memcpy
RA=00076e4d
DST=00170cd8
SRC=beea62f4
LEN=132
DATA=0495160004000000c02016008400000054f716000400000068861400f8000000000000000000000000000000000000000000000000000000000000000000000000000000000000000000000000000000000000000000000000000000000000000000000000000000000000000000000000000000000000000000000000000000
---
FUNC=memcpy
RA=00076e4d
DST=beea68d4
SRC=00170cd8
LEN=132
DATA=0495160004000000c02016008400000054f716000400000068861400f8000000000000000000000000000000000000000000000000000000000000000000000000000000000000000000000000000000000000000000000000000000000000000000000000000000000000000000000000000000000000000000000000000000
---
FUNC=memmove
RA=00032e61
DST=b5c00c98
SRC=b5fc529c
LEN=92
DATA=e0449041b22e9a530483a9b6b5357a1f16dd24dd388aa105755a3aeae1b7c9aabaaff934691aac0e5044ed9cdfe59abc0c7ce3be7bc581fd46b87084f3685b05b325505acd91fda687671ce42e42774c8d08689371d2b405103bbf91
---
FUNC=memmove
RA=00032e61
DST=b5c00cf8
SRC=b5c00c98
LEN=92
DATA=e0449041b22e9a530483a9b6b5357a1f16dd24dd388aa105755a3aeae1b7c9aabaaff934691aac0e5044ed9cdfe59abc0c7ce3be7bc581fd46b87084f3685b05b325505acd91fda687671ce42e42774c8d08689371d2b405103bbf91
---
FUNC=memmove
RA=00032e61
DST=b5c00d58
SRC=b5c00cf8
LEN=92
DATA=e0449041b22e9a530483a9b6b5357a1f16dd24dd388aa105755a3aeae1b7c9aabaaff934691aac0e5044ed9cdfe59abc0c7ce3be7bc581fd46b87084f3685b05b325505acd91fda687671ce42e42774c8d08689371d2b405103bbf91
---
FUNC=memmove
RA=00032e61
DST=b5c01138
SRC=b5c00d58
LEN=92
DATA=e0449041b22e9a530483a9b6b5357a1f16dd24dd388aa105755a3aeae1b7c9aabaaff934691aac0e5044ed9cdfe59abc0c7ce3be7bc581fd46b87084f3685b05b325505acd91fda687671ce42e42774c8d08689371d2b405103bbf91
---
FUNC=memmove
RA=00032e61
DST=b5c00fe0
SRC=b5c01138
LEN=92
DATA=e0449041b22e9a530483a9b6b5357a1f16dd24dd388aa105755a3aeae1b7c9aabaaff934691aac0e5044ed9cdfe59abc0c7ce3be7bc581fd46b87084f3685b05b325505acd91fda687671ce42e42774c8d08689371d2b405103bbf91
---
FUNC=memmove
RA=00032e61
DST=b5c01138
SRC=b5c00fe0
LEN=92
DATA=e0449041b22e9a530483a9b6b5357a1f16dd24dd388aa105755a3aeae1b7c9aabaaff934691aac0e5044ed9cdfe59abc0c7ce3be7bc581fd46b87084f3685b05b325505acd91fda687671ce42e42774c8d08689371d2b405103bbf91
---
FUNC=memcpy
RA=0005790f
DST=0014e630
SRC=000bc077
LEN=19
DATA=4c6f52612065786368616e6765206374782040
---
FUNC=memset
RA=00032679
DST=0015f6b0
VAL=0
LEN=6
---
FUNC=memset
RA=00044c03
DST=0015fb10
VAL=0
LEN=6
---
FUNC=memmove
RA=00032e61
DST=0015f6b0
SRC=0015fb10
LEN=6
DATA=9041b22e9a53
---
FUNC=memset
RA=00032679
DST=0015fb10
VAL=0
LEN=6
---
FUNC=memmove
RA=00032e61
DST=b5c00ef8
SRC=0015f778
LEN=32
DATA=a8bbb516f387fd470dd671513ce066fd0709eca0c5c53e803252ca6770bd58f6
---
FUNC=memset
RA=00032679
DST=0015ff48
VAL=0
LEN=6
---
FUNC=memset
RA=00044c03
DST=0015ea78
VAL=0
LEN=6
---
FUNC=memmove
RA=00032e61
DST=0015ff48
SRC=0015ea78
LEN=6
DATA=9041b22e9a53
---
FUNC=memset
RA=00032679
DST=0014ebd8
VAL=0
LEN=24
---
FUNC=memcpy
RA=0003c05b
DST=0014ebd8
SRC=b5c01138
LEN=10
DATA=e0449041b22e9a530483
---
FUNC=memset
RA=0002f707
DST=0016f900
VAL=0
LEN=82
---
FUNC=stream
PHASE=pre
RA=0002f725
KEY=a8bbb516f387fd470dd671513ce066fd0709eca0c5c53e803252ca6770bd58f6
NONCE=e0449041b22e9a5304830000000000000000000000000001
LEN=82
IN=a9b6b5357a1f16dd24dd388aa105755a3aeae1b7c9aabaaff934691aac0e5044ed9cdfe59abc0c7ce3be7bc581fd46b87084f3685b05b325505acd91fda687671ce42e42774c8d08689371d2b405103bbf91
---
FUNC=stream
PHASE=post
KEY=a8bbb516f387fd470dd671513ce066fd0709eca0c5c53e803252ca6770bd58f6
NONCE=e0449041b22e9a5304830000000000000000000000000001
LEN=82
OUT=8faafcd20a93ae9400010001000000f5a9470452b4ba379a5749018003ab8809ac01fb03080f110e01010402010311010a0d01020e01012001011202061301040301041401011501011601010f0101100101
---
FUNC=memmove
RA=000560cd
DST=0018bba0
SRC=0016f900
LEN=82
DATA=8faafcd20a93ae9400010001000000f5a9470452b4ba379a5749018003ab8809ac01fb03080f110e01010402010311010a0d01020e01012001011202061301040301041401011501011601010f0101100101
---
FUNC=memmove
RA=0005613b
DST=0018bba1
SRC=0018bba0
LEN=81
DATA=8faafcd20a93ae9400010001000000f5a9470452b4ba379a5749018003ab8809ac01fb03080f110e01010402010311010a0d01020e01012001011202061301040301041401011501011601010f01011001
---
FUNC=memmove
RA=0005613b
DST=0018bba2
SRC=0018bba1
LEN=81
DATA=8faafcd20a93ae9400010001000000f5a9470452b4ba379a5749018003ab8809ac01fb03080f110e01010402010311010a0d01020e01012001011202061301040301041401011501011601010f01011001
---
FUNC=memmove
RA=0005613b
DST=0018bba3
SRC=0018bba2
LEN=81
DATA=8faafcd20a93ae9400010001000000f5a9470452b4ba379a5749018003ab8809ac01fb03080f110e01010402010311010a0d01020e01012001011202061301040301041401011501011601010f01011001
---
FUNC=memmove
RA=0005613b
DST=0018bba4
SRC=0018bba3
LEN=81
DATA=8faafcd20a93ae9400010001000000f5a9470452b4ba379a5749018003ab8809ac01fb03080f110e01010402010311010a0d01020e01012001011202061301040301041401011501011601010f01011001
---
FUNC=memmove
RA=0005613b
DST=0018bba5
SRC=0018bba4
LEN=81
DATA=8faafcd20a93ae9400010001000000f5a9470452b4ba379a5749018003ab8809ac01fb03080f110e01010402010311010a0d01020e01012001011202061301040301041401011501011601010f01011001
---
FUNC=memmove
RA=0005613b
DST=0018bba6
SRC=0018bba5
LEN=81
DATA=8faafcd20a93ae9400010001000000f5a9470452b4ba379a5749018003ab8809ac01fb03080f110e01010402010311010a0d01020e01012001011202061301040301041401011501011601010f01011001
---
FUNC=memmove
RA=0005613b
DST=0018bba7
SRC=0018bba6
LEN=81
DATA=8faafcd20a93ae9400010001000000f5a9470452b4ba379a5749018003ab8809ac01fb03080f110e01010402010311010a0d01020e01012001011202061301040301041401011501011601010f01011001
---
FUNC=memmove
RA=0005613b
DST=0018bba8
SRC=0018bba7
LEN=81
DATA=8faafcd20a93ae9400010001000000f5a9470452b4ba379a5749018003ab8809ac01fb03080f110e01010402010311010a0d01020e01012001011202061301040301041401011501011601010f01011001
---
FUNC=memmove
RA=0005613b
DST=0018bba9
SRC=0018bba8
LEN=81
DATA=8faafcd20a93ae9400010001000000f5a9470452b4ba379a5749018003ab8809ac01fb03080f110e01010402010311010a0d01020e01012001011202061301040301041401011501011601010f01011001
---
FUNC=memmove
RA=0005613b
DST=0018bbaa
SRC=0018bba9
LEN=81
DATA=8faafcd20a93ae9400010001000000f5a9470452b4ba379a5749018003ab8809ac01fb03080f110e01010402010311010a0d01020e01012001011202061301040301041401011501011601010f01011001
---
FUNC=memset
RA=00032679
DST=00160a28
VAL=0
LEN=4
---
FUNC=memset
RA=000329ab
DST=001612b8
VAL=0
LEN=4
---
FUNC=gh_init
STATE=0015e460
KEYLEN=0
OUTLEN=4
---
FUNC=gh_update
STATE=0015e460
LEN=10
DATA=e0449041b22e9a530483
---
FUNC=gh_update
STATE=0015e460
LEN=4
DATA=00000000
---
FUNC=gh_update
STATE=0015e460
LEN=78
DATA=0a93ae9400010001000000f5a9470452b4ba379a5749018003ab8809ac01fb03080f110e01010402010311010a0d01020e01012001011202061301040301041401011501011601010f0101100101
---
FUNC=gh_final
RA=0002eba3
STATE=0015e460
OUTLEN=4
OUT=8faafcd2
---
FUNC=memmove
RA=00032e61
DST=0016f0f0
SRC=00160a28
LEN=4
DATA=8faafcd2
---
FUNC=memcpy
RA=00055ddf
DST=beea6508
SRC=0016f0f0
LEN=4
DATA=8faafcd2
---
FUNC=memmove
RA=00056a3f
DST=0018bba0
SRC=0018bbae
LEN=78
DATA=0a93ae9400010001000000f5a9470452b4ba379a5749018003ab8809ac01fb03080f110e01010402010311010a0d01020e01012001011202061301040301041401011501011601010f0101100101
---
FUNC=memmove
RA=00032e61
DST=0014f080
SRC=0015e7d0
LEN=6
DATA=9041b22e9a53
---
FUNC=memmove
RA=000699d7
DST=0015e370
SRC=001620c0
LEN=132
DATA=01010000000000727b226572726f72223a22222c226572726f72436f6465223a302c226964223a2234323563616134662d343965372d343636332d623562612d303935366336376566366639222c2274696d657374616d70223a313737363739373937353137372c2274797065223a22726573706f6e7365227d020100000000
---
FUNC=memset
RA=00032679
DST=00160a28
VAL=0
LEN=6
---
FUNC=memmove
RA=00032e61
DST=00160a28
SRC=0015e668
LEN=6
DATA=9041b22e9a53
---
FUNC=memset
RA=0003298b
DST=0014e8ca
VAL=0
LEN=6
---
FUNC=memcpy
RA=00038bcd
DST=0014e8ca
SRC=00160a28
LEN=6
DATA=9041b22e9a53
---
FUNC=memset
RA=0003298b
DST=0014e8d2
VAL=0
LEN=4
---
FUNC=memmove
RA=00032e61
DST=0014e8d6
SRC=0015f390
LEN=6
DATA=0b9411010d14
---
FUNC=memmove
RA=00032e61
DST=0014f108
SRC=0014e8c8
LEN=20
DATA=e0749041b22e9a53047d000000000b9411010d14
---
FUNC=memset
RA=00032679
DST=0015eb80
VAL=0
LEN=4
---
FUNC=memset
RA=000329ab
DST=0016ee90
VAL=0
LEN=4
---
FUNC=gh_init
STATE=0015e460
KEYLEN=0
OUTLEN=4
---
FUNC=gh_update
STATE=0015e460
LEN=10
DATA=e0749041b22e9a53047d
---
FUNC=gh_update
STATE=0015e460
LEN=4
DATA=00000000
---
FUNC=gh_update
STATE=0015e460
LEN=6
DATA=0b9411010d14
---
FUNC=gh_final
RA=0002eba3
STATE=0015e460
OUTLEN=4
OUT=be4d9d95
---
FUNC=memmove
RA=00032e61
DST=0014ec48
SRC=0015eb80
LEN=4
DATA=be4d9d95
---
FUNC=memcpy
RA=00055ddf
DST=beea64e0
SRC=0014ec48
LEN=4
DATA=be4d9d95
---
FUNC=memset
RA=000329ab
DST=0014ec48
VAL=0
LEN=4
---
FUNC=memmove
RA=00055e85
DST=0014f112
SRC=0014ec48
LEN=4
DATA=be4d9d95
---
FUNC=memset
RA=00032679
DST=0015f748
VAL=0
LEN=24
---
FUNC=memcpy
RA=0003c05b
DST=0015f748
SRC=0014f108
LEN=10
DATA=e0749041b22e9a53047d
---
FUNC=memset
RA=0002f707
DST=001612b8
VAL=0
LEN=10
---
FUNC=stream
PHASE=pre
RA=0002f725
KEY=a8bbb516f387fd470dd671513ce066fd0709eca0c5c53e803252ca6770bd58f6
NONCE=e0749041b22e9a53047d0000000000000000000000000003
LEN=10
IN=be4d9d950b9411010d14
---
FUNC=stream
PHASE=post
KEY=a8bbb516f387fd470dd671513ce066fd0709eca0c5c53e803252ca6770bd58f6
NONCE=e0749041b22e9a53047d0000000000000000000000000003
LEN=10
OUT=9ac54cbe8758626f03d3
---
FUNC=memmove
RA=000560cd
DST=0014ec98
SRC=001612b8
LEN=10
DATA=9ac54cbe8758626f03d3
---
FUNC=memmove
RA=0005613b
DST=0014ec99
SRC=0014ec98
LEN=9
DATA=9ac54cbe8758626f03
---
FUNC=memmove
RA=0005613b
DST=0014ec9a
SRC=0014ec99
LEN=9
DATA=9ac54cbe8758626f03
---
FUNC=memmove
RA=0005613b
DST=0014ec9b
SRC=0014ec9a
LEN=9
DATA=9ac54cbe8758626f03
---
FUNC=memmove
RA=0005613b
DST=0014ec9c
SRC=0014ec9b
LEN=9
DATA=9ac54cbe8758626f03
---
FUNC=memmove
RA=0005613b
DST=0014ec9d
SRC=0014ec9c
LEN=9
DATA=9ac54cbe8758626f03
---
FUNC=memmove
RA=0005613b
DST=0014ec9e
SRC=0014ec9d
LEN=9
DATA=9ac54cbe8758626f03
---
FUNC=memmove
RA=0005613b
DST=0014ec9f
SRC=0014ec9e
LEN=9
DATA=9ac54cbe8758626f03
---
FUNC=memmove
RA=0005613b
DST=0014eca0
SRC=0014ec9f
LEN=9
DATA=9ac54cbe8758626f03
---
FUNC=memmove
RA=0005613b
DST=0014eca1
SRC=0014eca0
LEN=9
DATA=9ac54cbe8758626f03
---
FUNC=memmove
RA=0005613b
DST=0014eca2
SRC=0014eca1
LEN=9
DATA=9ac54cbe8758626f03
---
FUNC=memmove
RA=00032e61
DST=0014e618
SRC=0014ec98
LEN=20
DATA=e0749041b22e9a53047d9ac54cbe8758626f03d3
---
FUNC=memmove
RA=00032e61
DST=001620a8
SRC=0014e618
LEN=20
DATA=e0749041b22e9a53047d9ac54cbe8758626f03d3
---
FUNC=memmove
RA=00032e61
DST=0016f148
SRC=001620a8
LEN=20
DATA=e0749041b22e9a53047d9ac54cbe8758626f03d3
---
FUNC=memmove
RA=00032e61
DST=001612b8
SRC=00148fb0
LEN=6
DATA=9041b22e9a53
---
FUNC=memcpy
RA=0005a7eb
DST=0016f318
SRC=000ae817
LEN=4
DATA=64617461
---
FUNC=memcpy
RA=0005a7eb
DST=00160a10
SRC=000bcec9
LEN=6
DATA=7369676e616c
---
FUNC=memcpy
RA=0005a7eb
DST=0014e820
SRC=000bceaf
LEN=4
DATA=72737369
---
FUNC=memcpy
RA=0005a7eb
DST=beea6690
SRC=000bceea
LEN=15
DATA=6d6573736167655265636569766564
---
FUNC=memcpy
RA=00078c61
DST=beea649c
SRC=beea6418
LEN=132
DATA=049516000400000070e31500840000001c11160004000000e89211005e010000000000000000000000000000000000000000000000000000000000000000000000000000000000000000000000000000000000000000000000000000000000000000000000000000000000000000000000000000000000000000000000000000
---
FUNC=memcpy
RA=00078c73
DST=beea6528
SRC=beea649c
LEN=132
DATA=049516000400000070e31500840000001c11160004000000e89211005e010000000000000000000000000000000000000000000000000000000000000000000000000000000000000000000000000000000000000000000000000000000000000000000000000000000000000000000000000000000000000000000000000000
---
FUNC=memcpy
RA=0007552f
DST=beea4288
SRC=00169504
LEN=4
DATA=827e0084
---
FUNC=memcpy
RA=0007552f
DST=beea428c
SRC=0015e370
LEN=132
DATA=01010000000000727b226572726f72223a22222c226572726f72436f6465223a302c226964223a2234323563616134662d343965372d343636332d623562612d303935366336376566366639222c2274696d657374616d70223a313737363739373937353137372c2274797065223a22726573706f6e7365227d020100000000
---
FUNC=memcpy
RA=0007552f
DST=beea4310
SRC=0016111c
LEN=4
DATA=827e015e
---
FUNC=memcpy
RA=00076e4d
DST=beea62f4
SRC=beea6528
LEN=132
DATA=049516000400000070e31500840000001c11160004000000e89211005e010000000000000000000000000000000000000000000000000000000000000000000000000000000000000000000000000000000000000000000000000000000000000000000000000000000000000000000000000000000000000000000000000000
---
FUNC=memcpy
RA=00076e4d
DST=00170cd8
SRC=beea62f4
LEN=132
DATA=049516000400000070e31500840000001c11160004000000e89211005e010000000000000000000000000000000000000000000000000000000000000000000000000000000000000000000000000000000000000000000000000000000000000000000000000000000000000000000000000000000000000000000000000000
---
FUNC=memcpy
RA=00076e4d
DST=beea68d4
SRC=00170cd8
LEN=132
DATA=049516000400000070e31500840000001c11160004000000e89211005e010000000000000000000000000000000000000000000000000000000000000000000000000000000000000000000000000000000000000000000000000000000000000000000000000000000000000000000000000000000000000000000000000000
---
FUNC=memmove
RA=00032e61
DST=0016a110
SRC=001711ba
LEN=6
DATA=00d3541509e6
---
FUNC=memmove
RA=00032e61
DST=beea6624
SRC=0016a112
LEN=4
DATA=541509e6
---
FUNC=memmove
RA=00036873
DST=0014ec48
SRC=0014eb18
LEN=4
DATA=226d6163
---
FUNC=memmove
RA=00036873
DST=0014ecc8
SRC=0014ec48
LEN=8
DATA=2239303431423232
---
FUNC=memcpy
RA=00032be9
DST=0015f190
SRC=beea60c4
LEN=12
DATA=393034314232324539413533
---
FUNC=memcpy
RA=00032be9
DST=00160ba0
SRC=beea60c4
LEN=4
DATA=64617461
---
FUNC=memcpy
RA=00032be9
DST=0015eb68
SRC=beea60c4
LEN=12
DATA=306539373064303030313263
---
FUNC=memcpy
RA=00032be9
DST=0014e8f8
SRC=beea60c4
LEN=4
DATA=64757479
---
FUNC=memcpy
RA=00032be9
DST=00160b60
SRC=beea60c4
LEN=7
DATA=74696d656f7574
---
FUNC=memset
RA=00032679
DST=00160a28
VAL=0
LEN=6
---
FUNC=memcpy
RA=0005a7eb
DST=beea6240
SRC=000ae817
LEN=4
DATA=64617461
---
FUNC=memset
RA=00032679
DST=0014eb18
VAL=0
LEN=6
---
FUNC=memcpy
RA=0005a7eb
DST=beea6240
SRC=000bcf90
LEN=4
DATA=64757479
---
FUNC=memcpy
RA=0005a7eb
DST=beea6240
SRC=000be5db
LEN=7
DATA=74696d656f7574
---
FUNC=memmove
RA=00032e61
DST=0014ec48
SRC=00160a28
LEN=6
DATA=9041b22e9a53
---
FUNC=memmove
RA=00032e61
DST=0016ee90
SRC=0014ec48
LEN=6
DATA=9041b22e9a53
---
FUNC=memmove
RA=00032e61
DST=0014f080
SRC=0016ee90
LEN=6
DATA=9041b22e9a53
---
FUNC=memmove
RA=00032e61
DST=0016ee90
SRC=0014f080
LEN=6
DATA=9041b22e9a53
---
FUNC=memmove
RA=00032e61
DST=0014f080
SRC=0016ee90
LEN=6
DATA=9041b22e9a53
---
FUNC=memmove
RA=00032e61
DST=0015e7d0
SRC=0014eb18
LEN=6
DATA=0e970d00012c
---
FUNC=memmove
RA=00032e61
DST=0016a110
SRC=001711ba
LEN=6
DATA=00d1a4b289be
---
FUNC=memmove
RA=00032e61
DST=beea6624
SRC=0016a112
LEN=4
DATA=a4b289be
---
FUNC=memmove
RA=00036873
DST=0016ee90
SRC=0014eb18
LEN=4
DATA=226d6163
---
FUNC=memmove
RA=00036873
DST=0014ec68
SRC=0016ee90
LEN=8
DATA=2239303431423232
---
FUNC=memcpy
RA=00032be9
DST=0015ecd0
SRC=beea60c4
LEN=12
DATA=393034314232324539413533
---
FUNC=memcpy
RA=00032be9
DST=0014f168
SRC=beea60c4
LEN=4
DATA=64617461
---
FUNC=memcpy
RA=00032be9
DST=0015f170
SRC=beea60c4
LEN=10
DATA=30653938313530303031
---
FUNC=memcpy
RA=00032be9
DST=001609e0
SRC=beea60c4
LEN=4
DATA=64757479
---
FUNC=memcpy
RA=00032be9
DST=0015ff30
SRC=beea60c4
LEN=7
DATA=74696d656f7574
---
FUNC=memset
RA=00032679
DST=001612b8
VAL=0
LEN=6
---
FUNC=memcpy
RA=0005a7eb
DST=beea6240
SRC=000ae817
LEN=4
DATA=64617461
---
FUNC=memset
RA=00032679
DST=0014eb18
VAL=0
LEN=5
---
FUNC=memcpy
RA=0005a7eb
DST=beea6240
SRC=000bcf90
LEN=4
DATA=64757479
---
FUNC=memcpy
RA=0005a7eb
DST=beea6240
SRC=000be5db
LEN=7
DATA=74696d656f7574
---
FUNC=memmove
RA=00032e61
DST=0016ee90
SRC=001612b8
LEN=6
DATA=9041b22e9a53
---
FUNC=memmove
RA=00032e61
DST=0015f390
SRC=0016ee90
LEN=6
DATA=9041b22e9a53
---
FUNC=memmove
RA=00032e61
DST=0014ec58
SRC=0015f390
LEN=6
DATA=9041b22e9a53
---
FUNC=memmove
RA=00032e61
DST=0015f390
SRC=0014ec58
LEN=6
DATA=9041b22e9a53
---
FUNC=memmove
RA=00032e61
DST=0014ec58
SRC=0015f390
LEN=6
DATA=9041b22e9a53
---
FUNC=memmove
RA=00032e61
DST=0014eaa8
SRC=0014eb18
LEN=5
DATA=0e98150001
---
FUNC=memmove
RA=00032e61
DST=b5c01040
SRC=b5fc529c
LEN=41
DATA=e0449041b22e9a53058476a531bf14176f4ed21329675bf54511638dadefcd72399ab22571e10fab8f
---
FUNC=memmove
RA=00032e61
DST=b5c01070
SRC=b5c01040
LEN=41
DATA=e0449041b22e9a53058476a531bf14176f4ed21329675bf54511638dadefcd72399ab22571e10fab8f
---
FUNC=memmove
RA=00032e61
DST=b5c010a0
SRC=b5c01070
LEN=41
DATA=e0449041b22e9a53058476a531bf14176f4ed21329675bf54511638dadefcd72399ab22571e10fab8f
---
FUNC=memmove
RA=00032e61
DST=b5c010d0
SRC=b5c010a0
LEN=41
DATA=e0449041b22e9a53058476a531bf14176f4ed21329675bf54511638dadefcd72399ab22571e10fab8f
---
FUNC=memmove
RA=00032e61
DST=0016ee60
SRC=b5c010d0
LEN=41
DATA=e0449041b22e9a53058476a531bf14176f4ed21329675bf54511638dadefcd72399ab22571e10fab8f
---
FUNC=memmove
RA=00032e61
DST=b5c010d0
SRC=0016ee60
LEN=41
DATA=e0449041b22e9a53058476a531bf14176f4ed21329675bf54511638dadefcd72399ab22571e10fab8f
---
FUNC=memcpy
RA=0005790f
DST=0015f538
SRC=000bc077
LEN=19
DATA=4c6f52612065786368616e6765206374782040
---
FUNC=memset
RA=00032679
DST=0014eb18
VAL=0
LEN=6
---
FUNC=memset
RA=00044c03
DST=0015f390
VAL=0
LEN=6
---
FUNC=memmove
RA=00032e61
DST=0014eb18
SRC=0015f390
LEN=6
DATA=9041b22e9a53
---
FUNC=memset
RA=00032679
DST=0015f390
VAL=0
LEN=6
---
FUNC=memmove
RA=00032e61
DST=b5c00ef8
SRC=0015f778
LEN=32
DATA=a8bbb516f387fd470dd671513ce066fd0709eca0c5c53e803252ca6770bd58f6
---
FUNC=memset
RA=00032679
DST=001602f0
VAL=0
LEN=6
---
FUNC=memset
RA=00044c03
DST=0015f150
VAL=0
LEN=6
---
FUNC=memmove
RA=00032e61
DST=001602f0
SRC=0015f150
LEN=6
DATA=9041b22e9a53
---
FUNC=memset
RA=00032679
DST=0015f188
VAL=0
LEN=24
---
FUNC=memcpy
RA=0003c05b
DST=0015f188
SRC=b5c010d0
LEN=10
DATA=e0449041b22e9a530584
---
FUNC=memset
RA=0002f707
DST=0016e408
VAL=0
LEN=31
---
FUNC=stream
PHASE=pre
RA=0002f725
KEY=a8bbb516f387fd470dd671513ce066fd0709eca0c5c53e803252ca6770bd58f6
NONCE=e0449041b22e9a5305840000000000000000000000000001
LEN=31
IN=76a531bf14176f4ed21329675bf54511638dadefcd72399ab22571e10fab8f
---
FUNC=stream
PHASE=post
KEY=a8bbb516f387fd470dd671513ce066fd0709eca0c5c53e803252ca6770bd58f6
NONCE=e0449041b22e9a5305840000000000000000000000000001
LEN=31
OUT=78d3a4660c9401000000000a110000010001000000f5a9470d00012c140000
---
FUNC=memmove
RA=000560cd
DST=00160980
SRC=0016e408
LEN=31
DATA=78d3a4660c9401000000000a110000010001000000f5a9470d00012c140000
---
FUNC=memmove
RA=0005613b
DST=00160981
SRC=00160980
LEN=30
DATA=78d3a4660c9401000000000a110000010001000000f5a9470d00012c1400
---
FUNC=memmove
RA=0005613b
DST=00160982
SRC=00160981
LEN=30
DATA=78d3a4660c9401000000000a110000010001000000f5a9470d00012c1400
---
FUNC=memmove
RA=0005613b
DST=00160983
SRC=00160982
LEN=30
DATA=78d3a4660c9401000000000a110000010001000000f5a9470d00012c1400
---
FUNC=memmove
RA=0005613b
DST=00160984
SRC=00160983
LEN=30
DATA=78d3a4660c9401000000000a110000010001000000f5a9470d00012c1400
---
FUNC=memmove
RA=0005613b
DST=00160985
SRC=00160984
LEN=30
DATA=78d3a4660c9401000000000a110000010001000000f5a9470d00012c1400
---
FUNC=memmove
RA=0005613b
DST=00160986
SRC=00160985
LEN=30
DATA=78d3a4660c9401000000000a110000010001000000f5a9470d00012c1400
---
FUNC=memmove
RA=0005613b
DST=00160987
SRC=00160986
LEN=30
DATA=78d3a4660c9401000000000a110000010001000000f5a9470d00012c1400
---
FUNC=memmove
RA=0005613b
DST=00160988
SRC=00160987
LEN=30
DATA=78d3a4660c9401000000000a110000010001000000f5a9470d00012c1400
---
FUNC=memmove
RA=0005613b
DST=00160989
SRC=00160988
LEN=30
DATA=78d3a4660c9401000000000a110000010001000000f5a9470d00012c1400
---
FUNC=memmove
RA=0005613b
DST=0016098a
SRC=00160989
LEN=30
DATA=78d3a4660c9401000000000a110000010001000000f5a9470d00012c1400
---
FUNC=memset
RA=00032679
DST=00160928
VAL=0
LEN=4
---
FUNC=memset
RA=000329ab
DST=00160938
VAL=0
LEN=4
---
FUNC=gh_init
STATE=0015e460
KEYLEN=0
OUTLEN=4
---
FUNC=gh_update
STATE=0015e460
LEN=10
DATA=e0449041b22e9a530584
---
FUNC=gh_update
STATE=0015e460
LEN=4
DATA=00000000
---
FUNC=gh_update
STATE=0015e460
LEN=27
DATA=0c9401000000000a110000010001000000f5a9470d00012c140000
---
FUNC=gh_final
RA=0002eba3
STATE=0015e460
OUTLEN=4
OUT=78d3a466
---
FUNC=memmove
RA=00032e61
DST=00160948
SRC=00160928
LEN=4
DATA=78d3a466
---
FUNC=memcpy
RA=00055ddf
DST=beea6508
SRC=00160948
LEN=4
DATA=78d3a466
---
FUNC=memmove
RA=00056a3f
DST=00160980
SRC=0016098e
LEN=27
DATA=0c9401000000000a110000010001000000f5a9470d00012c140000
---
FUNC=memmove
RA=00032e61
DST=0014eb58
SRC=00161310
LEN=6
DATA=9041b22e9a53
---
FUNC=memmove
RA=000699d7
DST=001620c0
SRC=0015e370
LEN=132
DATA=01010000000000727b226572726f72223a22222c226572726f72436f6465223a302c226964223a2230323330373934342d353731332d343838642d623536302d313732336266393330303230222c2274696d657374616d70223a313737363739373937363233312c2274797065223a22726573706f6e7365227d020100000000
---
FUNC=memset
RA=00032679
DST=00160928
VAL=0
LEN=6
---
FUNC=memmove
RA=00032e61
DST=00160928
SRC=0015e668
LEN=6
DATA=9041b22e9a53
---
FUNC=memset
RA=0003298b
DST=0015fb3a
VAL=0
LEN=6
---
FUNC=memcpy
RA=00038bcd
DST=0015fb3a
SRC=00160928
LEN=6
DATA=9041b22e9a53
---
FUNC=memset
RA=0003298b
DST=0015fb42
VAL=0
LEN=4
---
FUNC=memmove
RA=00032e61
DST=0015fb46
SRC=0014e948
LEN=6
DATA=0b9511010d14
---
FUNC=memmove
RA=00032e61
DST=0014e8f8
SRC=0015fb38
LEN=20
DATA=e0749041b22e9a53057e000000000b9511010d14
---
FUNC=memset
RA=00032679
DST=0015f1f0
VAL=0
LEN=4
---
FUNC=memset
RA=000329ab
DST=0014e910
VAL=0
LEN=4
---
FUNC=gh_init
STATE=0015e460
KEYLEN=0
OUTLEN=4
---
FUNC=gh_update
STATE=0015e460
LEN=10
DATA=e0749041b22e9a53057e
---
FUNC=gh_update
STATE=0015e460
LEN=4
DATA=00000000
---
FUNC=gh_update
STATE=0015e460
LEN=6
DATA=0b9511010d14
---
FUNC=gh_final
RA=0002eba3
STATE=0015e460
OUTLEN=4
OUT=784f705b
---
FUNC=memmove
RA=00032e61
DST=0014ebc8
SRC=0015f1f0
LEN=4
DATA=784f705b
---
FUNC=memcpy
RA=00055ddf
DST=beea64e0
SRC=0014ebc8
LEN=4
DATA=784f705b
---
FUNC=memset
RA=000329ab
DST=0014ebc8
VAL=0
LEN=4
---
FUNC=memmove
RA=00055e85
DST=0014e902
SRC=0014ebc8
LEN=4
DATA=784f705b
---
FUNC=memset
RA=00032679
DST=001603a0
VAL=0
LEN=24
---
FUNC=memcpy
RA=0003c05b
DST=001603a0
SRC=0014e8f8
LEN=10
DATA=e0749041b22e9a53057e
---
FUNC=memset
RA=0002f707
DST=00160938
VAL=0
LEN=10
---
FUNC=stream
PHASE=pre
RA=0002f725
KEY=a8bbb516f387fd470dd671513ce066fd0709eca0c5c53e803252ca6770bd58f6
NONCE=e0749041b22e9a53057e0000000000000000000000000004
LEN=10
IN=784f705b0b9511010d14
---
FUNC=stream
PHASE=post
KEY=a8bbb516f387fd470dd671513ce066fd0709eca0c5c53e803252ca6770bd58f6
NONCE=e0749041b22e9a53057e0000000000000000000000000004
LEN=10
OUT=7012ad2237b9d0b9e88d
---
FUNC=memmove
RA=000560cd
DST=00145848
SRC=00160938
LEN=10
DATA=7012ad2237b9d0b9e88d
---
FUNC=memmove
RA=0005613b
DST=00145849
SRC=00145848
LEN=9
DATA=7012ad2237b9d0b9e8
---
FUNC=memmove
RA=0005613b
DST=0014584a
SRC=00145849
LEN=9
DATA=7012ad2237b9d0b9e8
---
FUNC=memmove
RA=0005613b
DST=0014584b
SRC=0014584a
LEN=9
DATA=7012ad2237b9d0b9e8
---
FUNC=memmove
RA=0005613b
DST=0014584c
SRC=0014584b
LEN=9
DATA=7012ad2237b9d0b9e8
---
FUNC=memmove
RA=0005613b
DST=0014584d
SRC=0014584c
LEN=9
DATA=7012ad2237b9d0b9e8
---
FUNC=memmove
RA=0005613b
DST=0014584e
SRC=0014584d
LEN=9
DATA=7012ad2237b9d0b9e8
---
FUNC=memmove
RA=0005613b
DST=0014584f
SRC=0014584e
LEN=9
DATA=7012ad2237b9d0b9e8
---
FUNC=memmove
RA=0005613b
DST=00145850
SRC=0014584f
LEN=9
DATA=7012ad2237b9d0b9e8
---
FUNC=memmove
RA=0005613b
DST=00145851
SRC=00145850
LEN=9
DATA=7012ad2237b9d0b9e8
---
FUNC=memmove
RA=0005613b
DST=00145852
SRC=00145851
LEN=9
DATA=7012ad2237b9d0b9e8
---
FUNC=memmove
RA=00032e61
DST=0015f108
SRC=00145848
LEN=20
DATA=e0749041b22e9a53057e7012ad2237b9d0b9e88d
---
FUNC=memmove
RA=00032e61
DST=0014f858
SRC=0015f108
LEN=20
DATA=e0749041b22e9a53057e7012ad2237b9d0b9e88d
---
FUNC=memmove
RA=00032e61
DST=0014ecb0
SRC=0014f858
LEN=20
DATA=e0749041b22e9a53057e7012ad2237b9d0b9e88d
---
FUNC=memmove
RA=00032e61
DST=00160938
SRC=00148fb0
LEN=6
DATA=9041b22e9a53
---
FUNC=memcpy
RA=0005a7eb
DST=0016ec18
SRC=000ae817
LEN=4
DATA=64617461
---
FUNC=memcpy
RA=0005a7eb
DST=0014ebe0
SRC=000bcec9
LEN=6
DATA=7369676e616c
---
FUNC=memcpy
RA=0005a7eb
DST=0015ec78
SRC=000bceaf
LEN=4
DATA=72737369
---
FUNC=memcpy
RA=0005a7eb
DST=beea6690
SRC=000bceea
LEN=15
DATA=6d6573736167655265636569766564
---
FUNC=memmove
RA=000699d7
DST=00168c20
SRC=00168a88
LEN=248
DATA=010100000000006f7b226964223a2230326531393661342d353531642d346265372d616634632d383761333531303862333730222c226e616d65223a226d6573736167655265636569766564222c2274696d657374616d70223a313737363739373937363233372c2274797065223a226576656e74227d02010000000000797b
---
FUNC=memcpy
RA=00078c61
DST=beea649c
SRC=beea6418
LEN=132
DATA=0495160004000000c02016008400000054f7160004000000208c1600f8000000000000000000000000000000000000000000000000000000000000000000000000000000000000000000000000000000000000000000000000000000000000000000000000000000000000000000000000000000000000000000000000000000
---
FUNC=memcpy
RA=00078c73
DST=beea6528
SRC=beea649c
LEN=132
DATA=0495160004000000c02016008400000054f7160004000000208c1600f8000000000000000000000000000000000000000000000000000000000000000000000000000000000000000000000000000000000000000000000000000000000000000000000000000000000000000000000000000000000000000000000000000000
---
FUNC=memcpy
RA=0007552f
DST=beea4288
SRC=00169504
LEN=4
DATA=827e0084
---
FUNC=memcpy
RA=0007552f
DST=beea428c
SRC=001620c0
LEN=132
DATA=01010000000000727b226572726f72223a22222c226572726f72436f6465223a302c226964223a2230323330373934342d353731332d343838642d623536302d313732336266393330303230222c2274696d657374616d70223a313737363739373937363233312c2274797065223a22726573706f6e7365227d020100000000
---
FUNC=memcpy
RA=0007552f
DST=beea4310
SRC=0016f754
LEN=4
DATA=827e00f8
---
FUNC=memcpy
RA=0007552f
DST=beea4314
SRC=00168c20
LEN=248
DATA=010100000000006f7b226964223a2230326531393661342d353531642d346265372d616634632d383761333531303862333730222c226e616d65223a226d6573736167655265636569766564222c2274696d657374616d70223a313737363739373937363233372c2274797065223a226576656e74227d02010000000000797b
---
FUNC=memcpy
RA=00076e4d
DST=beea62f4
SRC=beea6528
LEN=132
DATA=0495160004000000c02016008400000054f7160004000000208c1600f8000000000000000000000000000000000000000000000000000000000000000000000000000000000000000000000000000000000000000000000000000000000000000000000000000000000000000000000000000000000000000000000000000000
---
FUNC=memcpy
RA=00076e4d
DST=00170cd8
SRC=beea62f4
LEN=132
DATA=0495160004000000c02016008400000054f7160004000000208c1600f8000000000000000000000000000000000000000000000000000000000000000000000000000000000000000000000000000000000000000000000000000000000000000000000000000000000000000000000000000000000000000000000000000000
---
FUNC=memcpy
RA=00076e4d
DST=beea68d4
SRC=00170cd8
LEN=132
DATA=0495160004000000c02016008400000054f7160004000000208c1600f8000000000000000000000000000000000000000000000000000000000000000000000000000000000000000000000000000000000000000000000000000000000000000000000000000000000000000000000000000000000000000000000000000000
---
FUNC=memmove
RA=00032e61
DST=b5c01040
SRC=b5fc529c
LEN=41
DATA=e0449041b22e9a530685131f628d225f19c84acb1f326824e1a64d18402584478e2f65951ecd6d229e
---
FUNC=memmove
RA=00032e61
DST=b5c01070
SRC=b5c01040
LEN=41
DATA=e0449041b22e9a530685131f628d225f19c84acb1f326824e1a64d18402584478e2f65951ecd6d229e
---
FUNC=memmove
RA=00032e61
DST=b5c010a0
SRC=b5c01070
LEN=41
DATA=e0449041b22e9a530685131f628d225f19c84acb1f326824e1a64d18402584478e2f65951ecd6d229e
---
FUNC=memmove
RA=00032e61
DST=b5c010d0
SRC=b5c010a0
LEN=41
DATA=e0449041b22e9a530685131f628d225f19c84acb1f326824e1a64d18402584478e2f65951ecd6d229e
---
FUNC=memmove
RA=00032e61
DST=0015ea18
SRC=b5c010d0
LEN=41
DATA=e0449041b22e9a530685131f628d225f19c84acb1f326824e1a64d18402584478e2f65951ecd6d229e
---
FUNC=memmove
RA=00032e61
DST=b5c010d0
SRC=0015ea18
LEN=41
DATA=e0449041b22e9a530685131f628d225f19c84acb1f326824e1a64d18402584478e2f65951ecd6d229e
---
FUNC=memcpy
RA=0005790f
DST=0015fb38
SRC=000bc077
LEN=19
DATA=4c6f52612065786368616e6765206374782040
---
FUNC=memset
RA=00032679
DST=0014e910
VAL=0
LEN=6
---
FUNC=memset
RA=00044c03
DST=0014eb58
VAL=0
LEN=6
---
FUNC=memmove
RA=00032e61
DST=0014e910
SRC=0014eb58
LEN=6
DATA=9041b22e9a53
---
FUNC=memset
RA=00032679
DST=0014eb58
VAL=0
LEN=6
---
FUNC=memmove
RA=00032e61
DST=b5c00f58
SRC=0015f778
LEN=32
DATA=a8bbb516f387fd470dd671513ce066fd0709eca0c5c53e803252ca6770bd58f6
---
FUNC=memset
RA=00032679
DST=0014e948
VAL=0
LEN=6
---
FUNC=memset
RA=00044c03
DST=0014eb18
VAL=0
LEN=6
---
FUNC=memmove
RA=00032e61
DST=0014e948
SRC=0014eb18
LEN=6
DATA=9041b22e9a53
---
FUNC=memset
RA=00032679
DST=0015f7c0
VAL=0
LEN=24
---
FUNC=memcpy
RA=0003c05b
DST=0015f7c0
SRC=b5c010d0
LEN=10
DATA=e0449041b22e9a530685
---
FUNC=memset
RA=0002f707
DST=0014e668
VAL=0
LEN=31
---
FUNC=stream
PHASE=pre
RA=0002f725
KEY=a8bbb516f387fd470dd671513ce066fd0709eca0c5c53e803252ca6770bd58f6
NONCE=e0449041b22e9a5306850000000000000000000000000001
LEN=31
IN=131f628d225f19c84acb1f326824e1a64d18402584478e2f65951ecd6d229e
---
FUNC=stream
PHASE=post
KEY=a8bbb516f387fd470dd671513ce066fd0709eca0c5c53e803252ca6770bd58f6
NONCE=e0449041b22e9a5306850000000000000000000000000001
LEN=31
OUT=1419546b0c9501000000000b110000010001000000f5a9470d00012c140000
---
FUNC=memmove
RA=000560cd
DST=0015f088
SRC=0014e668
LEN=31
DATA=1419546b0c9501000000000b110000010001000000f5a9470d00012c140000
---
FUNC=memmove
RA=0005613b
DST=0015f089
SRC=0015f088
LEN=30
DATA=1419546b0c9501000000000b110000010001000000f5a9470d00012c1400
---
FUNC=memmove
RA=0005613b
DST=0015f08a
SRC=0015f089
LEN=30
DATA=1419546b0c9501000000000b110000010001000000f5a9470d00012c1400
---
FUNC=memmove
RA=0005613b
DST=0015f08b
SRC=0015f08a
LEN=30
DATA=1419546b0c9501000000000b110000010001000000f5a9470d00012c1400
---
FUNC=memmove
RA=0005613b
DST=0015f08c
SRC=0015f08b
LEN=30
DATA=1419546b0c9501000000000b110000010001000000f5a9470d00012c1400
---
FUNC=memmove
RA=0005613b
DST=0015f08d
SRC=0015f08c
LEN=30
DATA=1419546b0c9501000000000b110000010001000000f5a9470d00012c1400
---
FUNC=memmove
RA=0005613b
DST=0015f08e
SRC=0015f08d
LEN=30
DATA=1419546b0c9501000000000b110000010001000000f5a9470d00012c1400
---
FUNC=memmove
RA=0005613b
DST=0015f08f
SRC=0015f08e
LEN=30
DATA=1419546b0c9501000000000b110000010001000000f5a9470d00012c1400
---
FUNC=memmove
RA=0005613b
DST=0015f090
SRC=0015f08f
LEN=30
DATA=1419546b0c9501000000000b110000010001000000f5a9470d00012c1400
---
FUNC=memmove
RA=0005613b
DST=0015f091
SRC=0015f090
LEN=30
DATA=1419546b0c9501000000000b110000010001000000f5a9470d00012c1400
---
FUNC=memmove
RA=0005613b
DST=0015f092
SRC=0015f091
LEN=30
DATA=1419546b0c9501000000000b110000010001000000f5a9470d00012c1400
---
FUNC=memset
RA=00032679
DST=0014ec48
VAL=0
LEN=4
---
FUNC=memset
RA=000329ab
DST=00160a28
VAL=0
LEN=4
---
FUNC=gh_init
STATE=0015e460
KEYLEN=0
OUTLEN=4
---
FUNC=gh_update
STATE=0015e460
LEN=10
DATA=e0449041b22e9a530685
---
FUNC=gh_update
STATE=0015e460
LEN=4
DATA=00000000
---
FUNC=gh_update
STATE=0015e460
LEN=27
DATA=0c9501000000000b110000010001000000f5a9470d00012c140000
---
FUNC=gh_final
RA=0002eba3
STATE=0015e460
OUTLEN=4
OUT=1419546b
---
FUNC=memmove
RA=00032e61
DST=0015f168
SRC=0014ec48
LEN=4
DATA=1419546b
---
FUNC=memcpy
RA=00055ddf
DST=beea6508
SRC=0015f168
LEN=4
DATA=1419546b
---
FUNC=memmove
RA=00056a3f
DST=0015f088
SRC=0015f096
LEN=27
DATA=0c9501000000000b110000010001000000f5a9470d00012c140000
---
FUNC=memmove
RA=00032e61
DST=0015f1f0
SRC=0015e990
LEN=6
DATA=9041b22e9a53
---
FUNC=memmove
RA=000699d7
DST=0015e370
SRC=001620c0
LEN=132
DATA=01010000000000727b226572726f72223a22222c226572726f72436f6465223a302c226964223a2238333963336535342d393234642d343632392d393866352d353064333932313531393264222c2274696d657374616d70223a313737363739373937373238382c2274797065223a22726573706f6e7365227d020100000000
---
FUNC=memset
RA=00032679
DST=0014ec48
VAL=0
LEN=6
---
FUNC=memmove
RA=00032e61
DST=0014ec48
SRC=0015e668
LEN=6
DATA=9041b22e9a53
---
FUNC=memset
RA=0003298b
DST=0016084a
VAL=0
LEN=6
---
FUNC=memcpy
RA=00038bcd
DST=0016084a
SRC=0014ec48
LEN=6
DATA=9041b22e9a53
---
FUNC=memset
RA=0003298b
DST=00160852
VAL=0
LEN=4
---
FUNC=memmove
RA=00032e61
DST=00160856
SRC=0015f768
LEN=6
DATA=0e960d00012c
---
FUNC=memmove
RA=00032e61
DST=0016d8c8
SRC=00160848
LEN=20
DATA=e0749041b22e9a530657000000000e960d00012c
---
FUNC=memset
RA=00032679
DST=0015f690
VAL=0
LEN=4
---
FUNC=memset
RA=000329ab
DST=001612b8
VAL=0
LEN=4
---
FUNC=gh_init
STATE=0015e460
KEYLEN=0
OUTLEN=4
---
FUNC=gh_update
STATE=0015e460
LEN=10
DATA=e0749041b22e9a530657
---
FUNC=gh_update
STATE=0015e460
LEN=4
DATA=00000000
---
FUNC=gh_update
STATE=0015e460
LEN=6
DATA=0e960d00012c
---
FUNC=gh_final
RA=0002eba3
STATE=0015e460
OUTLEN=4
OUT=00dae909
---
FUNC=memmove
RA=00032e61
DST=00161310
SRC=0015f690
LEN=4
DATA=00dae909
---
FUNC=memcpy
RA=00055ddf
DST=beea64e0
SRC=00161310
LEN=4
DATA=00dae909
---
FUNC=memset
RA=000329ab
DST=00161310
VAL=0
LEN=4
---
FUNC=memmove
RA=00055e85
DST=0016d8d2
SRC=00161310
LEN=4
DATA=00dae909
---
FUNC=memset
RA=00032679
DST=0014e818
VAL=0
LEN=24
---
FUNC=memcpy
RA=0003c05b
DST=0014e818
SRC=0016d8c8
LEN=10
DATA=e0749041b22e9a530657
---
FUNC=memset
RA=0002f707
DST=00160a28
VAL=0
LEN=10
---
FUNC=stream
PHASE=pre
RA=0002f725
KEY=a8bbb516f387fd470dd671513ce066fd0709eca0c5c53e803252ca6770bd58f6
NONCE=e0749041b22e9a5306570000000000000000000000000005
LEN=10
IN=00dae9090e960d00012c
---
FUNC=stream
PHASE=post
KEY=a8bbb516f387fd470dd671513ce066fd0709eca0c5c53e803252ca6770bd58f6
NONCE=e0749041b22e9a5306570000000000000000000000000005
LEN=10
OUT=d96e36316325f7cd148d
---
FUNC=memmove
RA=000560cd
DST=0014ec30
SRC=00160a28
LEN=10
DATA=d96e36316325f7cd148d
---
FUNC=memmove
RA=0005613b
DST=0014ec31
SRC=0014ec30
LEN=9
DATA=d96e36316325f7cd14
---
FUNC=memmove
RA=0005613b
DST=0014ec32
SRC=0014ec31
LEN=9
DATA=d96e36316325f7cd14
---
FUNC=memmove
RA=0005613b
DST=0014ec33
SRC=0014ec32
LEN=9
DATA=d96e36316325f7cd14
---
FUNC=memmove
RA=0005613b
DST=0014ec34
SRC=0014ec33
LEN=9
DATA=d96e36316325f7cd14
---
FUNC=memmove
RA=0005613b
DST=0014ec35
SRC=0014ec34
LEN=9
DATA=d96e36316325f7cd14
---
FUNC=memmove
RA=0005613b
DST=0014ec36
SRC=0014ec35
LEN=9
DATA=d96e36316325f7cd14
---
FUNC=memmove
RA=0005613b
DST=0014ec37
SRC=0014ec36
LEN=9
DATA=d96e36316325f7cd14
---
FUNC=memmove
RA=0005613b
DST=0014ec38
SRC=0014ec37
LEN=9
DATA=d96e36316325f7cd14
---
FUNC=memmove
RA=0005613b
DST=0014ec39
SRC=0014ec38
LEN=9
DATA=d96e36316325f7cd14
---
FUNC=memmove
RA=0005613b
DST=0014ec3a
SRC=0014ec39
LEN=9
DATA=d96e36316325f7cd14
---
FUNC=memmove
RA=00032e61
DST=00160ae0
SRC=0014ec30
LEN=20
DATA=e0749041b22e9a530657d96e36316325f7cd148d
---
FUNC=memmove
RA=00032e61
DST=0014f3b8
SRC=00160ae0
LEN=20
DATA=e0749041b22e9a530657d96e36316325f7cd148d
---
FUNC=memmove
RA=00032e61
DST=0016f2f8
SRC=0014f3b8
LEN=20
DATA=e0749041b22e9a530657d96e36316325f7cd148d
---
FUNC=memmove
RA=00032e61
DST=00160a28
SRC=00148fb0
LEN=6
DATA=9041b22e9a53
---
FUNC=memcpy
RA=0005a7eb
DST=00161fb8
SRC=000ae817
LEN=4
DATA=64617461
---
FUNC=memcpy
RA=0005a7eb
DST=0016e438
SRC=000bcec9
LEN=6
DATA=7369676e616c
---
FUNC=memcpy
RA=0005a7eb
DST=001603a8
SRC=000bceaf
LEN=4
DATA=72737369
---
FUNC=memcpy
RA=0005a7eb
DST=beea6690
SRC=000bceea
LEN=15
DATA=6d6573736167655265636569766564
---
FUNC=memmove
RA=000699d7
DST=00168a88
SRC=00148668
LEN=248
DATA=010100000000006f7b226964223a2239623330373230652d613332392d343731612d616635642d613563313834396531346665222c226e616d65223a226d6573736167655265636569766564222c2274696d657374616d70223a313737363739373937373239332c2274797065223a226576656e74227d02010000000000797b
---
FUNC=memcpy
RA=00078c61
DST=beea649c
SRC=beea6418
LEN=132
DATA=049516000400000070e31500840000001c11160004000000888a1600f8000000000000000000000000000000000000000000000000000000000000000000000000000000000000000000000000000000000000000000000000000000000000000000000000000000000000000000000000000000000000000000000000000000
---
FUNC=memcpy
RA=00078c73
DST=beea6528
SRC=beea649c
LEN=132
DATA=049516000400000070e31500840000001c11160004000000888a1600f8000000000000000000000000000000000000000000000000000000000000000000000000000000000000000000000000000000000000000000000000000000000000000000000000000000000000000000000000000000000000000000000000000000
---
FUNC=memcpy
RA=0007552f
DST=beea4288
SRC=00169504
LEN=4
DATA=827e0084
---
FUNC=memcpy
RA=0007552f
DST=beea428c
SRC=0015e370
LEN=132
DATA=01010000000000727b226572726f72223a22222c226572726f72436f6465223a302c226964223a2238333963336535342d393234642d343632392d393866352d353064333932313531393264222c2274696d657374616d70223a313737363739373937373238382c2274797065223a22726573706f6e7365227d020100000000
---
FUNC=memcpy
RA=0007552f
DST=beea4310
SRC=0016111c
LEN=4
DATA=827e00f8
---
FUNC=memcpy
RA=0007552f
DST=beea4314
SRC=00168a88
LEN=248
DATA=010100000000006f7b226964223a2239623330373230652d613332392d343731612d616635642d613563313834396531346665222c226e616d65223a226d6573736167655265636569766564222c2274696d657374616d70223a313737363739373937373239332c2274797065223a226576656e74227d02010000000000797b
---
FUNC=memcpy
RA=00076e4d
DST=beea62f4
SRC=beea6528
LEN=132
DATA=049516000400000070e31500840000001c11160004000000888a1600f8000000000000000000000000000000000000000000000000000000000000000000000000000000000000000000000000000000000000000000000000000000000000000000000000000000000000000000000000000000000000000000000000000000
---
FUNC=memcpy
RA=00076e4d
DST=00170cd8
SRC=beea62f4
LEN=132
DATA=049516000400000070e31500840000001c11160004000000888a1600f8000000000000000000000000000000000000000000000000000000000000000000000000000000000000000000000000000000000000000000000000000000000000000000000000000000000000000000000000000000000000000000000000000000
---
FUNC=memcpy
RA=00076e4d
DST=beea68d4
SRC=00170cd8
LEN=132
DATA=049516000400000070e31500840000001c11160004000000888a1600f8000000000000000000000000000000000000000000000000000000000000000000000000000000000000000000000000000000000000000000000000000000000000000000000000000000000000000000000000000000000000000000000000000000
---
FUNC=memmove
RA=00032e61
DST=b5c00618
SRC=b5fc529c
LEN=20
DATA=e0449041b22e9a530786dfa3bff4caf047bca0c6
---
FUNC=memmove
RA=00032e61
DST=b5c00680
SRC=b5c00618
LEN=20
DATA=e0449041b22e9a530786dfa3bff4caf047bca0c6
---
FUNC=memmove
RA=00032e61
DST=b5c006c0
SRC=b5c00680
LEN=20
DATA=e0449041b22e9a530786dfa3bff4caf047bca0c6
---
FUNC=memmove
RA=00032e61
DST=b5c00738
SRC=b5c006c0
LEN=20
DATA=e0449041b22e9a530786dfa3bff4caf047bca0c6
---
FUNC=memmove
RA=00032e61
DST=0015f700
SRC=b5c00738
LEN=20
DATA=e0449041b22e9a530786dfa3bff4caf047bca0c6
---
FUNC=memmove
RA=00032e61
DST=0014f108
SRC=0015f700
LEN=20
DATA=e0449041b22e9a530786dfa3bff4caf047bca0c6
---
FUNC=memcpy
RA=0005790f
DST=0015fc20
SRC=000bc077
LEN=19
DATA=4c6f52612065786368616e6765206374782040
---
FUNC=memset
RA=00032679
DST=001612b8
VAL=0
LEN=6
---
FUNC=memset
RA=00044c03
DST=0015f1f0
VAL=0
LEN=6
---
FUNC=memmove
RA=00032e61
DST=001612b8
SRC=0015f1f0
LEN=6
DATA=9041b22e9a53
---
FUNC=memset
RA=00032679
DST=0015f1f0
VAL=0
LEN=6
---
FUNC=memmove
RA=00032e61
DST=b5c00ab0
SRC=0015f778
LEN=32
DATA=a8bbb516f387fd470dd671513ce066fd0709eca0c5c53e803252ca6770bd58f6
---
FUNC=memset
RA=00032679
DST=0014eb18
VAL=0
LEN=6
---
FUNC=memset
RA=00044c03
DST=00160af8
VAL=0
LEN=6
---
FUNC=memmove
RA=00032e61
DST=0014eb18
SRC=00160af8
LEN=6
DATA=9041b22e9a53
---
FUNC=memset
RA=00032679
DST=00160358
VAL=0
LEN=24
---
FUNC=memcpy
RA=0003c05b
DST=00160358
SRC=0014f108
LEN=10
DATA=e0449041b22e9a530786
---
FUNC=memset
RA=0002f707
DST=00160af8
VAL=0
LEN=10
---
FUNC=stream
PHASE=pre
RA=0002f725
KEY=a8bbb516f387fd470dd671513ce066fd0709eca0c5c53e803252ca6770bd58f6
NONCE=e0449041b22e9a5307860000000000000000000000000001
LEN=10
IN=dfa3bff4caf047bca0c6
---
FUNC=stream
PHASE=post
KEY=a8bbb516f387fd470dd671513ce066fd0709eca0c5c53e803252ca6770bd58f6
NONCE=e0449041b22e9a5307860000000000000000000000000001
LEN=10
OUT=dc551f9a0c960d00012c
---
FUNC=memmove
RA=000560cd
DST=0015f338
SRC=00160af8
LEN=10
DATA=dc551f9a0c960d00012c
---
FUNC=memmove
RA=0005613b
DST=0015f339
SRC=0015f338
LEN=9
DATA=dc551f9a0c960d0001
---
FUNC=memmove
RA=0005613b
DST=0015f33a
SRC=0015f339
LEN=9
DATA=dc551f9a0c960d0001
---
FUNC=memmove
RA=0005613b
DST=0015f33b
SRC=0015f33a
LEN=9
DATA=dc551f9a0c960d0001
---
FUNC=memmove
RA=0005613b
DST=0015f33c
SRC=0015f33b
LEN=9
DATA=dc551f9a0c960d0001
---
FUNC=memmove
RA=0005613b
DST=0015f33d
SRC=0015f33c
LEN=9
DATA=dc551f9a0c960d0001
---
FUNC=memmove
RA=0005613b
DST=0015f33e
SRC=0015f33d
LEN=9
DATA=dc551f9a0c960d0001
---
FUNC=memmove
RA=0005613b
DST=0015f33f
SRC=0015f33e
LEN=9
DATA=dc551f9a0c960d0001
---
FUNC=memmove
RA=0005613b
DST=0015f340
SRC=0015f33f
LEN=9
DATA=dc551f9a0c960d0001
---
FUNC=memmove
RA=0005613b
DST=0015f341
SRC=0015f340
LEN=9
DATA=dc551f9a0c960d0001
---
FUNC=memmove
RA=0005613b
DST=0015f342
SRC=0015f341
LEN=9
DATA=dc551f9a0c960d0001
---
FUNC=memset
RA=00032679
DST=0014ebc8
VAL=0
LEN=4
---
FUNC=memset
RA=000329ab
DST=0014e680
VAL=0
LEN=4
---
FUNC=gh_init
STATE=0015e460
KEYLEN=0
OUTLEN=4
---
FUNC=gh_update
STATE=0015e460
LEN=10
DATA=e0449041b22e9a530786
---
FUNC=gh_update
STATE=0015e460
LEN=4
DATA=00000000
---
FUNC=gh_update
STATE=0015e460
LEN=6
DATA=0c960d00012c
---
FUNC=gh_final
RA=0002eba3
STATE=0015e460
OUTLEN=4
OUT=dc551f9a
---
FUNC=memmove
RA=00032e61
DST=0015f350
SRC=0014ebc8
LEN=4
DATA=dc551f9a
---
FUNC=memcpy
RA=00055ddf
DST=beea6508
SRC=0015f350
LEN=4
DATA=dc551f9a
---
FUNC=memmove
RA=00056a3f
DST=0015f338
SRC=0015f346
LEN=6
DATA=0c960d00012c
---
FUNC=memmove
RA=00032e61
DST=0015f1f0
SRC=0015fe88
LEN=6
DATA=9041b22e9a53
---
FUNC=memmove
RA=000699d7
DST=001620c0
SRC=0015e370
LEN=132
DATA=01010000000000727b226572726f72223a22222c226572726f72436f6465223a302c226964223a2263336339306661312d356137352d346338662d623165632d393938396334303637343137222c2274696d657374616d70223a313737363739373937383333322c2274797065223a22726573706f6e7365227d020100000000
---
FUNC=memset
RA=00032679
DST=0014e680
VAL=0
LEN=6
---
FUNC=memmove
RA=00032e61
DST=0014e680
SRC=0015e668
LEN=6
DATA=9041b22e9a53
---
FUNC=memset
RA=0003298b
DST=0015fb22
VAL=0
LEN=6
---
FUNC=memcpy
RA=00038bcd
DST=0015fb22
SRC=0014e680
LEN=6
DATA=9041b22e9a53
---
FUNC=memset
RA=0003298b
DST=0015fb2a
VAL=0
LEN=4
---
FUNC=memmove
RA=00032e61
DST=0015fb2e
SRC=0015e7d0
LEN=6
DATA=0e970d00012c
---
FUNC=memmove
RA=00032e61
DST=0016d8c8
SRC=0015fb20
LEN=20
DATA=e0749041b22e9a530740000000000e970d00012c
---
FUNC=memset
RA=00032679
DST=00160278
VAL=0
LEN=4
---
FUNC=memset
RA=000329ab
DST=0015f690
VAL=0
LEN=4
---
FUNC=gh_init
STATE=0015e460
KEYLEN=0
OUTLEN=4
---
FUNC=gh_update
STATE=0015e460
LEN=10
DATA=e0749041b22e9a530740
---
FUNC=gh_update
STATE=0015e460
LEN=4
DATA=00000000
---
FUNC=gh_update
STATE=0015e460
LEN=6
DATA=0e970d00012c
---
FUNC=gh_final
RA=0002eba3
STATE=0015e460
OUTLEN=4
OUT=f04f9c5c
---
FUNC=memmove
RA=00032e61
DST=0014e9b0
SRC=00160278
LEN=4
DATA=f04f9c5c
---
FUNC=memcpy
RA=00055ddf
DST=beea64e0
SRC=0014e9b0
LEN=4
DATA=f04f9c5c
---
FUNC=memset
RA=000329ab
DST=0014e9b0
VAL=0
LEN=4
---
FUNC=memmove
RA=00055e85
DST=0016d8d2
SRC=0014e9b0
LEN=4
DATA=f04f9c5c
---
FUNC=memset
RA=00032679
DST=0015f1d0
VAL=0
LEN=24
---
FUNC=memcpy
RA=0003c05b
DST=0015f1d0
SRC=0016d8c8
LEN=10
DATA=e0749041b22e9a530740
---
FUNC=memset
RA=0002f707
DST=00160b60
VAL=0
LEN=10
---
FUNC=stream
PHASE=pre
RA=0002f725
KEY=a8bbb516f387fd470dd671513ce066fd0709eca0c5c53e803252ca6770bd58f6
NONCE=e0749041b22e9a5307400000000000000000000000000006
LEN=10
IN=f04f9c5c0e970d00012c
---
FUNC=stream
PHASE=post
KEY=a8bbb516f387fd470dd671513ce066fd0709eca0c5c53e803252ca6770bd58f6
NONCE=e0749041b22e9a5307400000000000000000000000000006
LEN=10
OUT=9530de9ac9cff025e145
---
FUNC=memmove
RA=000560cd
DST=0015ea60
SRC=00160b60
LEN=10
DATA=9530de9ac9cff025e145
---
FUNC=memmove
RA=0005613b
DST=0015ea61
SRC=0015ea60
LEN=9
DATA=9530de9ac9cff025e1
---
FUNC=memmove
RA=0005613b
DST=0015ea62
SRC=0015ea61
LEN=9
DATA=9530de9ac9cff025e1
---
FUNC=memmove
RA=0005613b
DST=0015ea63
SRC=0015ea62
LEN=9
DATA=9530de9ac9cff025e1
---
FUNC=memmove
RA=0005613b
DST=0015ea64
SRC=0015ea63
LEN=9
DATA=9530de9ac9cff025e1
---
FUNC=memmove
RA=0005613b
DST=0015ea65
SRC=0015ea64
LEN=9
DATA=9530de9ac9cff025e1
---
FUNC=memmove
RA=0005613b
DST=0015ea66
SRC=0015ea65
LEN=9
DATA=9530de9ac9cff025e1
---
FUNC=memmove
RA=0005613b
DST=0015ea67
SRC=0015ea66
LEN=9
DATA=9530de9ac9cff025e1
---
FUNC=memmove
RA=0005613b
DST=0015ea68
SRC=0015ea67
LEN=9
DATA=9530de9ac9cff025e1
---
FUNC=memmove
RA=0005613b
DST=0015ea69
SRC=0015ea68
LEN=9
DATA=9530de9ac9cff025e1
---
FUNC=memmove
RA=0005613b
DST=0015ea6a
SRC=0015ea69
LEN=9
DATA=9530de9ac9cff025e1
---
FUNC=memmove
RA=00032e61
DST=0014ebb0
SRC=0015ea60
LEN=20
DATA=e0749041b22e9a5307409530de9ac9cff025e145
---
FUNC=memmove
RA=00032e61
DST=001608b8
SRC=0014ebb0
LEN=20
DATA=e0749041b22e9a5307409530de9ac9cff025e145
---
FUNC=memmove
RA=00032e61
DST=0014e8a0
SRC=001608b8
LEN=20
DATA=e0749041b22e9a5307409530de9ac9cff025e145
---
FUNC=memmove
RA=00032e61
DST=0014e9b0
SRC=00148fb0
LEN=6
DATA=9041b22e9a53
---
FUNC=memcpy
RA=0005a7eb
DST=001602a8
SRC=000ae817
LEN=4
DATA=64617461
---
FUNC=memcpy
RA=0005a7eb
DST=0015f7c8
SRC=000bcec9
LEN=6
DATA=7369676e616c
---
FUNC=memcpy
RA=0005a7eb
DST=0016ec18
SRC=000bceaf
LEN=4
DATA=72737369
---
FUNC=memcpy
RA=0005a7eb
DST=beea6690
SRC=000bceea
LEN=15
DATA=6d6573736167655265636569766564
---
FUNC=memmove
RA=000699d7
DST=0016f220
SRC=0016eed0
LEN=206
DATA=010100000000006f7b226964223a2232393032316139392d643631382d343665332d396438622d343231653338623263353930222c226e616d65223a226d6573736167655265636569766564222c2274696d657374616d70223a313737363739373937383333382c2274797065223a226576656e74227d020100000000004f7b
---
FUNC=memcpy
RA=00078c61
DST=beea649c
SRC=beea6418
LEN=132
DATA=0495160004000000c02016008400000054f716000400000020f21600ce000000000000000000000000000000000000000000000000000000000000000000000000000000000000000000000000000000000000000000000000000000000000000000000000000000000000000000000000000000000000000000000000000000
---
FUNC=memcpy
RA=00078c73
DST=beea6528
SRC=beea649c
LEN=132
DATA=0495160004000000c02016008400000054f716000400000020f21600ce000000000000000000000000000000000000000000000000000000000000000000000000000000000000000000000000000000000000000000000000000000000000000000000000000000000000000000000000000000000000000000000000000000
---
FUNC=memcpy
RA=0007552f
DST=beea4288
SRC=00169504
LEN=4
DATA=827e0084
---
FUNC=memcpy
RA=0007552f
DST=beea428c
SRC=001620c0
LEN=132
DATA=01010000000000727b226572726f72223a22222c226572726f72436f6465223a302c226964223a2263336339306661312d356137352d346338662d623165632d393938396334303637343137222c2274696d657374616d70223a313737363739373937383333322c2274797065223a22726573706f6e7365227d020100000000
---
FUNC=memcpy
RA=0007552f
DST=beea4310
SRC=0016f754
LEN=4
DATA=827e00ce
---
FUNC=memcpy
RA=0007552f
DST=beea4314
SRC=0016f220
LEN=206
DATA=010100000000006f7b226964223a2232393032316139392d643631382d343665332d396438622d343231653338623263353930222c226e616d65223a226d6573736167655265636569766564222c2274696d657374616d70223a313737363739373937383333382c2274797065223a226576656e74227d020100000000004f7b
---
FUNC=memcpy
RA=00076e4d
DST=beea62f4
SRC=beea6528
LEN=132
DATA=0495160004000000c02016008400000054f716000400000020f21600ce000000000000000000000000000000000000000000000000000000000000000000000000000000000000000000000000000000000000000000000000000000000000000000000000000000000000000000000000000000000000000000000000000000
---
FUNC=memcpy
RA=00076e4d
DST=00170cd8
SRC=beea62f4
LEN=132
DATA=0495160004000000c02016008400000054f716000400000020f21600ce000000000000000000000000000000000000000000000000000000000000000000000000000000000000000000000000000000000000000000000000000000000000000000000000000000000000000000000000000000000000000000000000000000
---
FUNC=memcpy
RA=00076e4d
DST=beea68d4
SRC=00170cd8
LEN=132
DATA=0495160004000000c02016008400000054f716000400000020f21600ce000000000000000000000000000000000000000000000000000000000000000000000000000000000000000000000000000000000000000000000000000000000000000000000000000000000000000000000000000000000000000000000000000000
---
FUNC=memmove
RA=00032e61
DST=b5c00618
SRC=b5fc529c
LEN=20
DATA=e0449041b22e9a530887e396729c47724a6d9c93
---
FUNC=memmove
RA=00032e61
DST=b5c00680
SRC=b5c00618
LEN=20
DATA=e0449041b22e9a530887e396729c47724a6d9c93
---
FUNC=memmove
RA=00032e61
DST=b5c006c0
SRC=b5c00680
LEN=20
DATA=e0449041b22e9a530887e396729c47724a6d9c93
---
FUNC=memmove
RA=00032e61
DST=b5c00738
SRC=b5c006c0
LEN=20
DATA=e0449041b22e9a530887e396729c47724a6d9c93
---
FUNC=memmove
RA=00032e61
DST=0015f338
SRC=b5c00738
LEN=20
DATA=e0449041b22e9a530887e396729c47724a6d9c93
---
FUNC=memmove
RA=00032e61
DST=00160848
SRC=0015f338
LEN=20
DATA=e0449041b22e9a530887e396729c47724a6d9c93
---
FUNC=memcpy
RA=0005790f
DST=00160ac8
SRC=000bc077
LEN=19
DATA=4c6f52612065786368616e6765206374782040
---
FUNC=memset
RA=00032679
DST=0015e990
VAL=0
LEN=6
---
FUNC=memset
RA=00044c03
DST=0015f1f0
VAL=0
LEN=6
---
FUNC=memmove
RA=00032e61
DST=0015e990
SRC=0015f1f0
LEN=6
DATA=9041b22e9a53
---
FUNC=memset
RA=00032679
DST=0015f1f0
VAL=0
LEN=6
---
FUNC=memmove
RA=00032e61
DST=b5c00db8
SRC=0015f778
LEN=32
DATA=a8bbb516f387fd470dd671513ce066fd0709eca0c5c53e803252ca6770bd58f6
---
FUNC=memset
RA=00032679
DST=0015f350
VAL=0
LEN=6
---
FUNC=memset
RA=00044c03
DST=0015e7d0
VAL=0
LEN=6
---
FUNC=memmove
RA=00032e61
DST=0015f350
SRC=0015e7d0
LEN=6
DATA=9041b22e9a53
---
FUNC=memset
RA=00032679
DST=0014f050
VAL=0
LEN=24
---
FUNC=memcpy
RA=0003c05b
DST=0014f050
SRC=00160848
LEN=10
DATA=e0449041b22e9a530887
---
FUNC=memset
RA=0002f707
DST=0015e7d0
VAL=0
LEN=10
---
FUNC=stream
PHASE=pre
RA=0002f725
KEY=a8bbb516f387fd470dd671513ce066fd0709eca0c5c53e803252ca6770bd58f6
NONCE=e0449041b22e9a5308870000000000000000000000000001
LEN=10
IN=e396729c47724a6d9c93
---
FUNC=stream
PHASE=post
KEY=a8bbb516f387fd470dd671513ce066fd0709eca0c5c53e803252ca6770bd58f6
NONCE=e0449041b22e9a5308870000000000000000000000000001
LEN=10
OUT=6fa6ab7e0c970d00012c
---
FUNC=memmove
RA=000560cd
DST=0014e818
SRC=0015e7d0
LEN=10
DATA=6fa6ab7e0c970d00012c
---
FUNC=memmove
RA=0005613b
DST=0014e819
SRC=0014e818
LEN=9
DATA=6fa6ab7e0c970d0001
---
FUNC=memmove
RA=0005613b
DST=0014e81a
SRC=0014e819
LEN=9
DATA=6fa6ab7e0c970d0001
---
FUNC=memmove
RA=0005613b
DST=0014e81b
SRC=0014e81a
LEN=9
DATA=6fa6ab7e0c970d0001
---
FUNC=memmove
RA=0005613b
DST=0014e81c
SRC=0014e81b
LEN=9
DATA=6fa6ab7e0c970d0001
---
FUNC=memmove
RA=0005613b
DST=0014e81d
SRC=0014e81c
LEN=9
DATA=6fa6ab7e0c970d0001
---
FUNC=memmove
RA=0005613b
DST=0014e81e
SRC=0014e81d
LEN=9
DATA=6fa6ab7e0c970d0001
---
FUNC=memmove
RA=0005613b
DST=0014e81f
SRC=0014e81e
LEN=9
DATA=6fa6ab7e0c970d0001
---
FUNC=memmove
RA=0005613b
DST=0014e820
SRC=0014e81f
LEN=9
DATA=6fa6ab7e0c970d0001
---
FUNC=memmove
RA=0005613b
DST=0014e821
SRC=0014e820
LEN=9
DATA=6fa6ab7e0c970d0001
---
FUNC=memmove
RA=0005613b
DST=0014e822
SRC=0014e821
LEN=9
DATA=6fa6ab7e0c970d0001
---
FUNC=memset
RA=00032679
DST=001612b8
VAL=0
LEN=4
---
FUNC=memset
RA=000329ab
DST=00160a28
VAL=0
LEN=4
---
FUNC=gh_init
STATE=0015e460
KEYLEN=0
OUTLEN=4
---
FUNC=gh_update
STATE=0015e460
LEN=10
DATA=e0449041b22e9a530887
---
FUNC=gh_update
STATE=0015e460
LEN=4
DATA=00000000
---
FUNC=gh_update
STATE=0015e460
LEN=6
DATA=0c970d00012c
---
FUNC=gh_final
RA=0002eba3
STATE=0015e460
OUTLEN=4
OUT=6fa6ab7e
---
FUNC=memmove
RA=00032e61
DST=00160af8
SRC=001612b8
LEN=4
DATA=6fa6ab7e
---
FUNC=memcpy
RA=00055ddf
DST=beea6508
SRC=00160af8
LEN=4
DATA=6fa6ab7e
---
FUNC=memmove
RA=00056a3f
DST=0014e818
SRC=0014e826
LEN=6
DATA=0c970d00012c
---
FUNC=memmove
RA=00032e61
DST=0015f690
SRC=0014f080
LEN=6
DATA=9041b22e9a53
---
FUNC=memmove
RA=000699d7
DST=0015e370
SRC=001620c0
LEN=132
DATA=01010000000000727b226572726f72223a22222c226572726f72436f6465223a302c226964223a2262356439646631352d613032302d343230372d393432342d613064326466356332626634222c2274696d657374616d70223a313737363739373937393337382c2274797065223a22726573706f6e7365227d020100000000
---
FUNC=memset
RA=00032679
DST=001612b8
VAL=0
LEN=6
---
FUNC=memmove
RA=00032e61
DST=001612b8
SRC=0015e668
LEN=6
DATA=9041b22e9a53
---
FUNC=memset
RA=0003298b
DST=0014ec9a
VAL=0
LEN=6
---
FUNC=memcpy
RA=00038bcd
DST=0014ec9a
SRC=001612b8
LEN=6
DATA=9041b22e9a53
---
FUNC=memset
RA=0003298b
DST=0014eca2
VAL=0
LEN=4
---
FUNC=memmove
RA=00032e61
DST=0014eca6
SRC=0014eaa8
LEN=5
DATA=0e98150001
---
FUNC=memmove
RA=00032e61
DST=0015fb20
SRC=0014ec98
LEN=19
DATA=e0749041b22e9a530814000000000e98150001
---
FUNC=memset
RA=00032679
DST=0014f070
VAL=0
LEN=4
---
FUNC=memset
RA=000329ab
DST=00161310
VAL=0
LEN=4
---
FUNC=gh_init
STATE=0015e460
KEYLEN=0
OUTLEN=4
---
FUNC=gh_update
STATE=0015e460
LEN=10
DATA=e0749041b22e9a530814
---
FUNC=gh_update
STATE=0015e460
LEN=4
DATA=00000000
---
FUNC=gh_update
STATE=0015e460
LEN=5
DATA=0e98150001
---
FUNC=gh_final
RA=0002eba3
STATE=0015e460
OUTLEN=4
OUT=88c5b124
---
FUNC=memmove
RA=00032e61
DST=0014e680
SRC=0014f070
LEN=4
DATA=88c5b124
---
FUNC=memcpy
RA=00055ddf
DST=beea64e0
SRC=0014e680
LEN=4
DATA=88c5b124
---
FUNC=memset
RA=000329ab
DST=0014e680
VAL=0
LEN=4
---
FUNC=memmove
RA=00055e85
DST=0015fb2a
SRC=0014e680
LEN=4
DATA=88c5b124
---
FUNC=memset
RA=00032679
DST=0015f3f8
VAL=0
LEN=24
---
FUNC=memcpy
RA=0003c05b
DST=0015f3f8
SRC=0015fb20
LEN=10
DATA=e0749041b22e9a530814
---
FUNC=memset
RA=0002f707
DST=00160a28
VAL=0
LEN=9
---
FUNC=stream
PHASE=pre
RA=0002f725
KEY=a8bbb516f387fd470dd671513ce066fd0709eca0c5c53e803252ca6770bd58f6
NONCE=e0749041b22e9a5308140000000000000000000000000007
LEN=9
IN=88c5b1240e98150001
---
FUNC=stream
PHASE=post
KEY=a8bbb516f387fd470dd671513ce066fd0709eca0c5c53e803252ca6770bd58f6
NONCE=e0749041b22e9a5308140000000000000000000000000007
LEN=9
OUT=da71639eac69bc4baf
---
FUNC=memmove
RA=000560cd
DST=0016ed08
SRC=00160a28
LEN=9
DATA=da71639eac69bc4baf
---
FUNC=memmove
RA=0005613b
DST=0016ed09
SRC=0016ed08
LEN=8
DATA=da71639eac69bc4b
---
FUNC=memmove
RA=0005613b
DST=0016ed0a
SRC=0016ed09
LEN=8
DATA=da71639eac69bc4b
---
FUNC=memmove
RA=0005613b
DST=0016ed0b
SRC=0016ed0a
LEN=8
DATA=da71639eac69bc4b
---
FUNC=memmove
RA=0005613b
DST=0016ed0c
SRC=0016ed0b
LEN=8
DATA=da71639eac69bc4b
---
FUNC=memmove
RA=0005613b
DST=0016ed0d
SRC=0016ed0c
LEN=8
DATA=da71639eac69bc4b
---
FUNC=memmove
RA=0005613b
DST=0016ed0e
SRC=0016ed0d
LEN=8
DATA=da71639eac69bc4b
---
FUNC=memmove
RA=0005613b
DST=0016ed0f
SRC=0016ed0e
LEN=8
DATA=da71639eac69bc4b
---
FUNC=memmove
RA=0005613b
DST=0016ed10
SRC=0016ed0f
LEN=8
DATA=da71639eac69bc4b
---
FUNC=memmove
RA=0005613b
DST=0016ed11
SRC=0016ed10
LEN=8
DATA=da71639eac69bc4b
---
FUNC=memmove
RA=0005613b
DST=0016ed12
SRC=0016ed11
LEN=8
DATA=da71639eac69bc4b
---
FUNC=memmove
RA=00032e61
DST=0014f190
SRC=0016ed08
LEN=19
DATA=e0749041b22e9a530814da71639eac69bc4baf
---
FUNC=memmove
RA=00032e61
DST=0014ecc8
SRC=0014f190
LEN=19
DATA=e0749041b22e9a530814da71639eac69bc4baf
---
FUNC=memmove
RA=00032e61
DST=0015fe58
SRC=0014ecc8
LEN=19
DATA=e0749041b22e9a530814da71639eac69bc4baf
---
FUNC=memmove
RA=00032e61
DST=00160a28
SRC=00148fb0
LEN=6
DATA=9041b22e9a53
---
FUNC=memcpy
RA=0005a7eb
DST=00161fb8
SRC=000ae817
LEN=4
DATA=64617461
---
FUNC=memcpy
RA=0005a7eb
DST=001603a8
SRC=000bcec9
LEN=6
DATA=7369676e616c
---
FUNC=memcpy
RA=0005a7eb
DST=0015f1d8
SRC=000bceaf
LEN=4
DATA=72737369
---
FUNC=memcpy
RA=0005a7eb
DST=beea6690
SRC=000bceea
LEN=15
DATA=6d6573736167655265636569766564
---
FUNC=memmove
RA=000699d7
DST=0016eed0
SRC=0016efa8
LEN=206
DATA=010100000000006f7b226964223a2238326438663136302d326163612d346465322d383831662d653038663063303139633835222c226e616d65223a226d6573736167655265636569766564222c2274696d657374616d70223a313737363739373937393338342c2274797065223a226576656e74227d020100000000004f7b
---
FUNC=memcpy
RA=00078c61
DST=beea649c
SRC=beea6418
LEN=132
DATA=049516000400000070e31500840000001c11160004000000d0ee1600ce000000000000000000000000000000000000000000000000000000000000000000000000000000000000000000000000000000000000000000000000000000000000000000000000000000000000000000000000000000000000000000000000000000
---
FUNC=memcpy
RA=00078c73
DST=beea6528
SRC=beea649c
LEN=132
DATA=049516000400000070e31500840000001c11160004000000d0ee1600ce000000000000000000000000000000000000000000000000000000000000000000000000000000000000000000000000000000000000000000000000000000000000000000000000000000000000000000000000000000000000000000000000000000
---
FUNC=memcpy
RA=0007552f
DST=beea4288
SRC=00169504
LEN=4
DATA=827e0084
---
FUNC=memcpy
RA=0007552f
DST=beea428c
SRC=0015e370
LEN=132
DATA=01010000000000727b226572726f72223a22222c226572726f72436f6465223a302c226964223a2262356439646631352d613032302d343230372d393432342d613064326466356332626634222c2274696d657374616d70223a313737363739373937393337382c2274797065223a22726573706f6e7365227d020100000000
---
FUNC=memcpy
RA=0007552f
DST=beea4310
SRC=0016111c
LEN=4
DATA=827e00ce
---
FUNC=memcpy
RA=0007552f
DST=beea4314
SRC=0016eed0
LEN=206
DATA=010100000000006f7b226964223a2238326438663136302d326163612d346465322d383831662d653038663063303139633835222c226e616d65223a226d6573736167655265636569766564222c2274696d657374616d70223a313737363739373937393338342c2274797065223a226576656e74227d020100000000004f7b
---
FUNC=memcpy
RA=00076e4d
DST=beea62f4
SRC=beea6528
LEN=132
DATA=049516000400000070e31500840000001c11160004000000d0ee1600ce000000000000000000000000000000000000000000000000000000000000000000000000000000000000000000000000000000000000000000000000000000000000000000000000000000000000000000000000000000000000000000000000000000
---
FUNC=memcpy
RA=00076e4d
DST=00170cd8
SRC=beea62f4
LEN=132
DATA=049516000400000070e31500840000001c11160004000000d0ee1600ce000000000000000000000000000000000000000000000000000000000000000000000000000000000000000000000000000000000000000000000000000000000000000000000000000000000000000000000000000000000000000000000000000000
---
FUNC=memcpy
RA=00076e4d
DST=beea68d4
SRC=00170cd8
LEN=132
DATA=049516000400000070e31500840000001c11160004000000d0ee1600ce000000000000000000000000000000000000000000000000000000000000000000000000000000000000000000000000000000000000000000000000000000000000000000000000000000000000000000000000000000000000000000000000000000
---
FUNC=memcpy
RA=00029df1
DST=beea6928
SRC=beea68d0
LEN=10
DATA=31373736373937393830
---
FUNC=memmove
RA=000699d7
DST=0016114c
SRC=0016dbe8
LEN=10
DATA=31373736373937393830
---
FUNC=memcpy
RA=00078c61
DST=beea649c
SRC=beea6418
LEN=132
DATA=1c111600020000004c1116000a00000000000000000000000000000000000000000000000000000000000000000000000000000000000000000000000000000000000000000000000000000000000000000000000000000000000000000000000000000000000000000000000000000000000000000000000000000000000000
---
FUNC=memcpy
RA=00078c73
DST=beea6528
SRC=beea649c
LEN=132
DATA=1c111600020000004c1116000a00000000000000000000000000000000000000000000000000000000000000000000000000000000000000000000000000000000000000000000000000000000000000000000000000000000000000000000000000000000000000000000000000000000000000000000000000000000000000
---
FUNC=memcpy
RA=0007552f
DST=beea428a
SRC=0016114c
LEN=10
DATA=31373736373937393830
---
FUNC=memcpy
RA=00076e4d
DST=beea62f4
SRC=beea6528
LEN=132
DATA=1c111600020000004c1116000a00000000000000000000000000000000000000000000000000000000000000000000000000000000000000000000000000000000000000000000000000000000000000000000000000000000000000000000000000000000000000000000000000000000000000000000000000000000000000
---
FUNC=memcpy
RA=00076e4d
DST=00170cd8
SRC=beea62f4
LEN=132
DATA=1c111600020000004c1116000a00000000000000000000000000000000000000000000000000000000000000000000000000000000000000000000000000000000000000000000000000000000000000000000000000000000000000000000000000000000000000000000000000000000000000000000000000000000000000
---
FUNC=memcpy
RA=00076e4d
DST=beea68d4
SRC=00170cd8
LEN=132
DATA=1c111600020000004c1116000a00000000000000000000000000000000000000000000000000000000000000000000000000000000000000000000000000000000000000000000000000000000000000000000000000000000000000000000000000000000000000000000000000000000000000000000000000000000000000
---
FUNC=memmove
RA=00032e61
DST=0016a110
SRC=001711ba
LEN=4
DATA=a2fa95d5
---
FUNC=memmove
RA=00032e61
DST=beea6624
SRC=0016a110
LEN=4
DATA=a2fa95d5
---
FUNC=memcpy
RA=00032be9
DST=beea6588
SRC=0016114c
LEN=10
DATA=31373736373937393830
---
FUNC=memcpy
RA=00032be9
DST=beea6538
SRC=beea6588
LEN=10
DATA=31373736373937393830
---
FUNC=memmove
RA=00032e61
DST=b5c00618
SRC=b5fc529c
LEN=19
DATA=e0449041b22e9a530988c547bf814cfb712b7c
---
FUNC=memmove
RA=00032e61
DST=b5c00680
SRC=b5c00618
LEN=19
DATA=e0449041b22e9a530988c547bf814cfb712b7c
---
FUNC=memmove
RA=00032e61
DST=b5c006c0
SRC=b5c00680
LEN=19
DATA=e0449041b22e9a530988c547bf814cfb712b7c
---
FUNC=memmove
RA=00032e61
DST=b5c00738
SRC=b5c006c0
LEN=19
DATA=e0449041b22e9a530988c547bf814cfb712b7c
---
FUNC=memmove
RA=00032e61
DST=0015eac8
SRC=b5c00738
LEN=19
DATA=e0449041b22e9a530988c547bf814cfb712b7c
---
FUNC=memmove
RA=00032e61
DST=0015fc20
SRC=0015eac8
LEN=19
DATA=e0449041b22e9a530988c547bf814cfb712b7c
---
FUNC=memcpy
RA=0005790f
DST=001612a0
SRC=000bc077
LEN=19
DATA=4c6f52612065786368616e6765206374782040
---
FUNC=memset
RA=00032679
DST=00161310
VAL=0
LEN=6
---
FUNC=memset
RA=00044c03
DST=0015f690
VAL=0
LEN=6
---
FUNC=memmove
RA=00032e61
DST=00161310
SRC=0015f690
LEN=6
DATA=9041b22e9a53
---
FUNC=memset
RA=00032679
DST=0015f690
VAL=0
LEN=6
---
FUNC=memmove
RA=00032e61
DST=b5c00ed0
SRC=0015f778
LEN=32
DATA=a8bbb516f387fd470dd671513ce066fd0709eca0c5c53e803252ca6770bd58f6
---
FUNC=memset
RA=00032679
DST=0015e7d0
VAL=0
LEN=6
---
FUNC=memset
RA=00044c03
DST=0014eaa8
VAL=0
LEN=6
---
FUNC=memmove
RA=00032e61
DST=0015e7d0
SRC=0014eaa8
LEN=6
DATA=9041b22e9a53
---
FUNC=memset
RA=00032679
DST=0015fb00
VAL=0
LEN=24
---
FUNC=memcpy
RA=0003c05b
DST=0015fb00
SRC=0015fc20
LEN=10
DATA=e0449041b22e9a530988
---
FUNC=memset
RA=0002f707
DST=0014eaa8
VAL=0
LEN=9
---
FUNC=stream
PHASE=pre
RA=0002f725
KEY=a8bbb516f387fd470dd671513ce066fd0709eca0c5c53e803252ca6770bd58f6
NONCE=e0449041b22e9a5309880000000000000000000000000001
LEN=9
IN=c547bf814cfb712b7c
---
FUNC=stream
PHASE=post
KEY=a8bbb516f387fd470dd671513ce066fd0709eca0c5c53e803252ca6770bd58f6
NONCE=e0449041b22e9a5309880000000000000000000000000001
LEN=9
OUT=7ef189240c98150001
---
FUNC=memmove
RA=000560cd
DST=0015f338
SRC=0014eaa8
LEN=9
DATA=7ef189240c98150001
---
FUNC=memmove
RA=0005613b
DST=0015f339
SRC=0015f338
LEN=8
DATA=7ef189240c981500
---
FUNC=memmove
RA=0005613b
DST=0015f33a
SRC=0015f339
LEN=8
DATA=7ef189240c981500
---
FUNC=memmove
RA=0005613b
DST=0015f33b
SRC=0015f33a
LEN=8
DATA=7ef189240c981500
---
FUNC=memmove
RA=0005613b
DST=0015f33c
SRC=0015f33b
LEN=8
DATA=7ef189240c981500
---
FUNC=memmove
RA=0005613b
DST=0015f33d
SRC=0015f33c
LEN=8
DATA=7ef189240c981500
---
FUNC=memmove
RA=0005613b
DST=0015f33e
SRC=0015f33d
LEN=8
DATA=7ef189240c981500
---
FUNC=memmove
RA=0005613b
DST=0015f33f
SRC=0015f33e
LEN=8
DATA=7ef189240c981500
---
FUNC=memmove
RA=0005613b
DST=0015f340
SRC=0015f33f
LEN=8
DATA=7ef189240c981500
---
FUNC=memmove
RA=0005613b
DST=0015f341
SRC=0015f340
LEN=8
DATA=7ef189240c981500
---
FUNC=memmove
RA=0005613b
DST=0015f342
SRC=0015f341
LEN=8
DATA=7ef189240c981500
---
FUNC=memset
RA=00032679
DST=0015e990
VAL=0
LEN=4
---
FUNC=memset
RA=000329ab
DST=0014e9b0
VAL=0
LEN=4
---
FUNC=gh_init
STATE=0015e460
KEYLEN=0
OUTLEN=4
---
FUNC=gh_update
STATE=0015e460
LEN=10
DATA=e0449041b22e9a530988
---
FUNC=gh_update
STATE=0015e460
LEN=4
DATA=00000000
---
FUNC=gh_update
STATE=0015e460
LEN=5
DATA=0c98150001
---
FUNC=gh_final
RA=0002eba3
STATE=0015e460
OUTLEN=4
OUT=7ef18924
---
FUNC=memmove
RA=00032e61
DST=0014eb58
SRC=0015e990
LEN=4
DATA=7ef18924
---
FUNC=memcpy
RA=00055ddf
DST=beea6508
SRC=0014eb58
LEN=4
DATA=7ef18924
---
FUNC=memmove
RA=00056a3f
DST=0015f338
SRC=0015f346
LEN=5
DATA=0c98150001
---
FUNC=memmove
RA=00032e61
DST=0016ee90
SRC=0014ec58
LEN=6
DATA=9041b22e9a53
---
FUNC=memmove
RA=000699d7
DST=001620c0
SRC=0015e370
LEN=132
DATA=01010000000000727b226572726f72223a22222c226572726f72436f6465223a302c226964223a2266346435386166362d653861342d346330382d613339332d663366666534326463346134222c2274696d657374616d70223a313737363739373938303432342c2274797065223a22726573706f6e7365227d020100000000
---
FUNC=memmove
RA=00032e61
DST=0015f690
SRC=00148fb0
LEN=6
DATA=9041b22e9a53
---
FUNC=memcpy
RA=0005a7eb
DST=001603a8
SRC=000ae817
LEN=4
DATA=64617461
---
FUNC=memcpy
RA=0005a7eb
DST=0015e680
SRC=000bcec9
LEN=6
DATA=7369676e616c
---
FUNC=memcpy
RA=0005a7eb
DST=0015f7a8
SRC=000bceaf
LEN=4
DATA=72737369
---
FUNC=memcpy
RA=0005a7eb
DST=beea6690
SRC=000bceea
LEN=15
DATA=6d6573736167655265636569766564
---
FUNC=memmove
RA=000699d7
DST=0016efa8
SRC=0016f220
LEN=205
DATA=010100000000006f7b226964223a2262393633633138652d636164612d343131622d393333332d663934343132336637333438222c226e616d65223a226d6573736167655265636569766564222c2274696d657374616d70223a313737363739373938303432362c2274797065223a226576656e74227d020100000000004e7b
---
FUNC=memcpy
RA=00078c61
DST=beea649c
SRC=beea6418
LEN=132
DATA=0495160004000000c02016008400000054f7160004000000a8ef1600cd000000000000000000000000000000000000000000000000000000000000000000000000000000000000000000000000000000000000000000000000000000000000000000000000000000000000000000000000000000000000000000000000000000
---
FUNC=memcpy
RA=00078c73
DST=beea6528
SRC=beea649c
LEN=132
DATA=0495160004000000c02016008400000054f7160004000000a8ef1600cd000000000000000000000000000000000000000000000000000000000000000000000000000000000000000000000000000000000000000000000000000000000000000000000000000000000000000000000000000000000000000000000000000000
---
FUNC=memcpy
RA=0007552f
DST=beea4288
SRC=00169504
LEN=4
DATA=827e0084
---
FUNC=memcpy
RA=0007552f
DST=beea428c
SRC=001620c0
LEN=132
DATA=01010000000000727b226572726f72223a22222c226572726f72436f6465223a302c226964223a2266346435386166362d653861342d346330382d613339332d663366666534326463346134222c2274696d657374616d70223a313737363739373938303432342c2274797065223a22726573706f6e7365227d020100000000
---
FUNC=memcpy
RA=0007552f
DST=beea4310
SRC=0016f754
LEN=4
DATA=827e00cd
---
FUNC=memcpy
RA=0007552f
DST=beea4314
SRC=0016efa8
LEN=205
DATA=010100000000006f7b226964223a2262393633633138652d636164612d343131622d393333332d663934343132336637333438222c226e616d65223a226d6573736167655265636569766564222c2274696d657374616d70223a313737363739373938303432362c2274797065223a226576656e74227d020100000000004e7b
---
FUNC=memcpy
RA=00076e4d
DST=beea62f4
SRC=beea6528
LEN=132
DATA=0495160004000000c02016008400000054f7160004000000a8ef1600cd000000000000000000000000000000000000000000000000000000000000000000000000000000000000000000000000000000000000000000000000000000000000000000000000000000000000000000000000000000000000000000000000000000
---
FUNC=memcpy
RA=00076e4d
DST=00170cd8
SRC=beea62f4
LEN=132
DATA=0495160004000000c02016008400000054f7160004000000a8ef1600cd000000000000000000000000000000000000000000000000000000000000000000000000000000000000000000000000000000000000000000000000000000000000000000000000000000000000000000000000000000000000000000000000000000
---
FUNC=memcpy
RA=00076e4d
DST=beea68d4
SRC=00170cd8
LEN=132
DATA=0495160004000000c02016008400000054f7160004000000a8ef1600cd000000000000000000000000000000000000000000000000000000000000000000000000000000000000000000000000000000000000000000000000000000000000000000000000000000000000000000000000000000000000000000000000000000
---
